"fbctn_yr","admdst_cd","admdst_se_cd","impvs_cd","admdst_nm","impvs_nm","biotop_area","frst_rgtr_id","frst_reg_dt","mdfr_id","mdfcn_dt"
"2025","41000",ADM001,A,경기도,건폐지,1563234525.993396351,system,2025-07-17 16:18:32.110,system,2025-07-17 16:18:32.110
"2025","41000",ADM001,B,경기도,비건폐포장지,466212631.768083932,system,2025-07-17 16:18:32.110,system,2025-07-17 16:18:32.110
"2025","41000",ADM001,C,경기도,반투수포장지,380053406.872550618,system,2025-07-17 16:18:32.110,system,2025-07-17 16:18:32.110
"2025","41000",ADM001,D,경기도,투수포장,229452524.978366466,system,2025-07-17 16:18:32.110,system,2025-07-17 16:18:32.110
"2025","41000",ADM001,E,경기도,녹지,7184571201.168736827,system,2025-07-17 16:18:32.110,system,2025-07-17 16:18:32.110
"2025","41000",ADM001,F,경기도,수공간,382682478.970233740,system,2025-07-17 16:18:32.110,system,2025-07-17 16:18:32.110
"2025","4111000000",ADM002,A,수원시,건폐지,44657401.125433095,system,2025-07-17 16:18:32.110,system,2025-07-17 16:18:32.110
"2025","4111000000",ADM002,B,수원시,비건폐포장지,16816857.398248995,system,2025-07-17 16:18:32.110,system,2025-07-17 16:18:32.110
"2025","4111000000",ADM002,C,수원시,반투수포장지,4749672.537775387,system,2025-07-17 16:18:32.110,system,2025-07-17 16:18:32.110
"2025","4111000000",ADM002,D,수원시,투수포장,805167.612127649,system,2025-07-17 16:18:32.110,system,2025-07-17 16:18:32.110
"2025","4111000000",ADM002,E,수원시,녹지,51363299.197581620,system,2025-07-17 16:18:32.110,system,2025-07-17 16:18:32.110
"2025","4111000000",ADM002,F,수원시,수공간,2672737.317770831,system,2025-07-17 16:18:32.110,system,2025-07-17 16:18:32.110
"2025","4113000000",ADM002,A,성남시,건폐지,37225172.378139436,system,2025-07-17 16:18:32.110,system,2025-07-17 16:18:32.110
"2025","4113000000",ADM002,B,성남시,비건폐포장지,14025294.997113087,system,2025-07-17 16:18:32.110,system,2025-07-17 16:18:32.110
"2025","4113000000",ADM002,C,성남시,반투수포장지,4264452.507263255,system,2025-07-17 16:18:32.110,system,2025-07-17 16:18:32.110
"2025","4113000000",ADM002,D,성남시,투수포장,1962516.850233689,system,2025-07-17 16:18:32.110,system,2025-07-17 16:18:32.110
"2025","4113000000",ADM002,E,성남시,녹지,81855269.321743256,system,2025-07-17 16:18:32.110,system,2025-07-17 16:18:32.110
"2025","4113000000",ADM002,F,성남시,수공간,2119415.567990702,system,2025-07-17 16:18:32.110,system,2025-07-17 16:18:32.110
"2025","4115000000",ADM002,A,의정부시,건폐지,17219158.958283375,system,2025-07-17 16:18:32.110,system,2025-07-17 16:18:32.110
"2025","4115000000",ADM002,B,의정부시,비건폐포장지,6826625.248300115,system,2025-07-17 16:18:32.110,system,2025-07-17 16:18:32.110
"2025","4115000000",ADM002,C,의정부시,반투수포장지,2373702.064037619,system,2025-07-17 16:18:32.110,system,2025-07-17 16:18:32.110
"2025","4115000000",ADM002,D,의정부시,투수포장,1162718.820297185,system,2025-07-17 16:18:32.110,system,2025-07-17 16:18:32.110
"2025","4115000000",ADM002,E,의정부시,녹지,53102494.126339009,system,2025-07-17 16:18:32.110,system,2025-07-17 16:18:32.110
"2025","4115000000",ADM002,F,의정부시,수공간,1139664.614477320,system,2025-07-17 16:18:32.110,system,2025-07-17 16:18:32.110
"2025","4117000000",ADM002,A,안양시,건폐지,20683271.498386260,system,2025-07-17 16:18:32.110,system,2025-07-17 16:18:32.110
"2025","4117000000",ADM002,B,안양시,비건폐포장지,6131079.128859243,system,2025-07-17 16:18:32.110,system,2025-07-17 16:18:32.110
"2025","4117000000",ADM002,C,안양시,반투수포장지,1603870.498502093,system,2025-07-17 16:18:32.110,system,2025-07-17 16:18:32.110
"2025","4117000000",ADM002,D,안양시,투수포장,410692.850524971,system,2025-07-17 16:18:32.110,system,2025-07-17 16:18:32.110
"2025","4117000000",ADM002,E,안양시,녹지,28830363.452067472,system,2025-07-17 16:18:32.110,system,2025-07-17 16:18:32.110
"2025","4117000000",ADM002,F,안양시,수공간,878807.627378530,system,2025-07-17 16:18:32.110,system,2025-07-17 16:18:32.110
"2025","4119000000",ADM002,A,부천시,건폐지,22823580.095221171,system,2025-07-17 16:18:32.110,system,2025-07-17 16:18:32.110
"2025","4119000000",ADM002,B,부천시,비건폐포장지,9005058.820679067,system,2025-07-17 16:18:32.110,system,2025-07-17 16:18:32.110
"2025","4119000000",ADM002,C,부천시,반투수포장지,1744755.323626847,system,2025-07-17 16:18:32.110,system,2025-07-17 16:18:32.110
"2025","4119000000",ADM002,D,부천시,투수포장,175039.684669534,system,2025-07-17 16:18:32.110,system,2025-07-17 16:18:32.110
"2025","4119000000",ADM002,E,부천시,녹지,18986470.504240041,system,2025-07-17 16:18:32.110,system,2025-07-17 16:18:32.110
"2025","4119000000",ADM002,F,부천시,수공간,856536.060845576,system,2025-07-17 16:18:32.110,system,2025-07-17 16:18:32.110
"2025","4121000000",ADM002,A,광명시,건폐지,11351983.177534282,system,2025-07-17 16:18:32.110,system,2025-07-17 16:18:32.110
"2025","4121000000",ADM002,B,광명시,비건폐포장지,3816722.379420670,system,2025-07-17 16:18:32.110,system,2025-07-17 16:18:32.110
"2025","4121000000",ADM002,C,광명시,반투수포장지,4243137.923918707,system,2025-07-17 16:18:32.110,system,2025-07-17 16:18:32.110
"2025","4121000000",ADM002,D,광명시,투수포장,371881.598832023,system,2025-07-17 16:18:32.110,system,2025-07-17 16:18:32.110
"2025","4121000000",ADM002,E,광명시,녹지,18194602.281065719,system,2025-07-17 16:18:32.110,system,2025-07-17 16:18:32.110
"2025","4121000000",ADM002,F,광명시,수공간,563400.814616116,system,2025-07-17 16:18:32.110,system,2025-07-17 16:18:32.110
"2025","4122000000",ADM002,A,평택시,건폐지,113667747.280022065,system,2025-07-17 16:18:32.110,system,2025-07-17 16:18:32.110
"2025","4122000000",ADM002,B,평택시,비건폐포장지,34808081.450944690,system,2025-07-17 16:18:32.110,system,2025-07-17 16:18:32.110
"2025","4122000000",ADM002,C,평택시,반투수포장지,53855206.533630978,system,2025-07-17 16:18:32.110,system,2025-07-17 16:18:32.110
"2025","4122000000",ADM002,D,평택시,투수포장,7479680.683574892,system,2025-07-17 16:18:32.110,system,2025-07-17 16:18:32.110
"2025","4122000000",ADM002,E,평택시,녹지,238134900.441260661,system,2025-07-17 16:18:32.110,system,2025-07-17 16:18:32.110
"2025","4122000000",ADM002,F,평택시,수공간,31230411.410051142,system,2025-07-17 16:18:32.110,system,2025-07-17 16:18:32.110
"2025","4125000000",ADM002,A,동두천시,건폐지,15520334.460754913,system,2025-07-17 16:18:32.110,system,2025-07-17 16:18:32.110
"2025","4125000000",ADM002,B,동두천시,비건폐포장지,3740212.470418657,system,2025-07-17 16:18:32.110,system,2025-07-17 16:18:32.110
"2025","4125000000",ADM002,C,동두천시,반투수포장지,3470486.598097457,system,2025-07-17 16:18:32.110,system,2025-07-17 16:18:32.110
"2025","4125000000",ADM002,D,동두천시,투수포장,2248302.321043831,system,2025-07-17 16:18:32.110,system,2025-07-17 16:18:32.110
"2025","4125000000",ADM002,E,동두천시,녹지,69648315.201842950,system,2025-07-17 16:18:32.110,system,2025-07-17 16:18:32.110
"2025","4125000000",ADM002,F,동두천시,수공간,1290218.776826828,system,2025-07-17 16:18:32.110,system,2025-07-17 16:18:32.110
"2025","4127000000",ADM002,A,안산시,건폐지,39838295.874147442,system,2025-07-17 16:18:32.110,system,2025-07-17 16:18:32.110
"2025","4127000000",ADM002,B,안산시,비건폐포장지,16371947.735969292,system,2025-07-17 16:18:32.110,system,2025-07-17 16:18:32.110
"2025","4127000000",ADM002,C,안산시,반투수포장지,6739335.083907624,system,2025-07-17 16:18:32.110,system,2025-07-17 16:18:32.110
"2025","4127000000",ADM002,D,안산시,투수포장,4443707.221368931,system,2025-07-17 16:18:32.110,system,2025-07-17 16:18:32.110
"2025","4127000000",ADM002,E,안산시,녹지,79740770.981441036,system,2025-07-17 16:18:32.110,system,2025-07-17 16:18:32.110
"2025","4127000000",ADM002,F,안산시,수공간,2356567.264896238,system,2025-07-17 16:18:32.110,system,2025-07-17 16:18:32.110
"2025","4128000000",ADM002,A,고양시,건폐지,78069584.980568159,system,2025-07-17 16:18:32.110,system,2025-07-17 16:18:32.110
"2025","4128000000",ADM002,B,고양시,비건폐포장지,23803611.116501404,system,2025-07-17 16:18:32.110,system,2025-07-17 16:18:32.110
"2025","4128000000",ADM002,C,고양시,반투수포장지,11120835.045240783,system,2025-07-17 16:18:32.110,system,2025-07-17 16:18:32.110
"2025","4128000000",ADM002,D,고양시,투수포장,4457612.181257424,system,2025-07-17 16:18:32.110,system,2025-07-17 16:18:32.110
"2025","4128000000",ADM002,E,고양시,녹지,134736892.087906578,system,2025-07-17 16:18:32.110,system,2025-07-17 16:18:32.110
"2025","4128000000",ADM002,F,고양시,수공간,14375038.424357939,system,2025-07-17 16:18:32.110,system,2025-07-17 16:18:32.110
"2025","4129000000",ADM002,A,과천시,건폐지,5387632.124440830,system,2025-07-17 16:18:32.110,system,2025-07-17 16:18:32.110
"2025","4129000000",ADM002,B,과천시,비건폐포장지,1666671.363968559,system,2025-07-17 16:18:32.110,system,2025-07-17 16:18:32.110
"2025","4129000000",ADM002,C,과천시,반투수포장지,1887496.110599978,system,2025-07-17 16:18:32.110,system,2025-07-17 16:18:32.110
"2025","4129000000",ADM002,D,과천시,투수포장,214970.665445930,system,2025-07-17 16:18:32.110,system,2025-07-17 16:18:32.110
"2025","4129000000",ADM002,E,과천시,녹지,26008715.565251022,system,2025-07-17 16:18:32.110,system,2025-07-17 16:18:32.110
"2025","4129000000",ADM002,F,과천시,수공간,683960.438633206,system,2025-07-17 16:18:32.110,system,2025-07-17 16:18:32.110
"2025","4131000000",ADM002,A,구리시,건폐지,8609941.374211289,system,2025-07-17 16:18:32.110,system,2025-07-17 16:18:32.110
"2025","4131000000",ADM002,B,구리시,비건폐포장지,3634799.070940159,system,2025-07-17 16:18:32.110,system,2025-07-17 16:18:32.110
"2025","4131000000",ADM002,C,구리시,반투수포장지,2071850.678192884,system,2025-07-17 16:18:32.110,system,2025-07-17 16:18:32.110
"2025","4131000000",ADM002,D,구리시,투수포장,922720.876556343,system,2025-07-17 16:18:32.110,system,2025-07-17 16:18:32.110
"2025","4131000000",ADM002,E,구리시,녹지,14461482.045849488,system,2025-07-17 16:18:32.110,system,2025-07-17 16:18:32.110
"2025","4131000000",ADM002,F,구리시,수공간,3516366.491057238,system,2025-07-17 16:18:32.110,system,2025-07-17 16:18:32.110
"2025","4136000000",ADM002,A,남양주시,건폐지,71966916.276690660,system,2025-07-17 16:18:32.110,system,2025-07-17 16:18:32.110
"2025","4136000000",ADM002,B,남양주시,비건폐포장지,17960527.105084555,system,2025-07-17 16:18:32.110,system,2025-07-17 16:18:32.110
"2025","4136000000",ADM002,C,남양주시,반투수포장지,14726694.918255306,system,2025-07-17 16:18:32.110,system,2025-07-17 16:18:32.110
"2025","4136000000",ADM002,D,남양주시,투수포장,10491779.867865574,system,2025-07-17 16:18:32.110,system,2025-07-17 16:18:32.110
"2025","4136000000",ADM002,E,남양주시,녹지,328653177.884849178,system,2025-07-17 16:18:32.110,system,2025-07-17 16:18:32.110
"2025","4136000000",ADM002,F,남양주시,수공간,15865171.725562245,system,2025-07-17 16:18:32.110,system,2025-07-17 16:18:32.110
"2025","4137000000",ADM002,A,오산시,건폐지,13327195.263617181,system,2025-07-17 16:18:32.110,system,2025-07-17 16:18:32.110
"2025","4137000000",ADM002,B,오산시,비건폐포장지,5440310.917804054,system,2025-07-17 16:18:32.110,system,2025-07-17 16:18:32.110
"2025","4137000000",ADM002,C,오산시,반투수포장지,3933905.234978849,system,2025-07-17 16:18:32.110,system,2025-07-17 16:18:32.110
"2025","4137000000",ADM002,D,오산시,투수포장,637102.533082661,system,2025-07-17 16:18:32.110,system,2025-07-17 16:18:32.110
"2025","4137000000",ADM002,E,오산시,녹지,18365105.140877070,system,2025-07-17 16:18:32.110,system,2025-07-17 16:18:32.110
"2025","4137000000",ADM002,F,오산시,수공간,959258.913642627,system,2025-07-17 16:18:32.110,system,2025-07-17 16:18:32.110
"2025","4139000000",ADM002,A,시흥시,건폐지,36617755.846663514,system,2025-07-17 16:18:32.110,system,2025-07-17 16:18:32.110
"2025","4139000000",ADM002,B,시흥시,비건폐포장지,17387324.011716534,system,2025-07-17 16:18:32.110,system,2025-07-17 16:18:32.110
"2025","4139000000",ADM002,C,시흥시,반투수포장지,5875161.491730326,system,2025-07-17 16:18:32.110,system,2025-07-17 16:18:32.110
"2025","4139000000",ADM002,D,시흥시,투수포장,4785463.958071630,system,2025-07-17 16:18:32.110,system,2025-07-17 16:18:32.110
"2025","4139000000",ADM002,E,시흥시,녹지,72973993.897780947,system,2025-07-17 16:18:32.110,system,2025-07-17 16:18:32.110
"2025","4139000000",ADM002,F,시흥시,수공간,3473901.888994992,system,2025-07-17 16:18:32.110,system,2025-07-17 16:18:32.110
"2025","4141000000",ADM002,A,군포시,건폐지,8414309.526133340,system,2025-07-17 16:18:32.110,system,2025-07-17 16:18:32.110
"2025","4141000000",ADM002,B,군포시,비건폐포장지,3780866.291480310,system,2025-07-17 16:18:32.110,system,2025-07-17 16:18:32.110
"2025","4141000000",ADM002,C,군포시,반투수포장지,1095675.813611330,system,2025-07-17 16:18:32.110,system,2025-07-17 16:18:32.110
"2025","4141000000",ADM002,D,군포시,투수포장,625284.465577947,system,2025-07-17 16:18:32.110,system,2025-07-17 16:18:32.110
"2025","4141000000",ADM002,E,군포시,녹지,21795123.826833908,system,2025-07-17 16:18:32.184,system,2025-07-17 16:18:32.184
"2025","4141000000",ADM002,F,군포시,수공간,718994.605359763,system,2025-07-17 16:18:32.184,system,2025-07-17 16:18:32.184
"2025","4143000000",ADM002,A,의왕시,건폐지,8428062.572373048,system,2025-07-17 16:18:32.184,system,2025-07-17 16:18:32.184
"2025","4143000000",ADM002,B,의왕시,비건폐포장지,4365729.920643444,system,2025-07-17 16:18:32.184,system,2025-07-17 16:18:32.184
"2025","4143000000",ADM002,C,의왕시,반투수포장지,2270718.346050302,system,2025-07-17 16:18:32.184,system,2025-07-17 16:18:32.184
"2025","4143000000",ADM002,D,의왕시,투수포장,1260762.868501023,system,2025-07-17 16:18:32.184,system,2025-07-17 16:18:32.184
"2025","4143000000",ADM002,E,의왕시,녹지,35952404.283264740,system,2025-07-17 16:18:32.184,system,2025-07-17 16:18:32.184
"2025","4143000000",ADM002,F,의왕시,수공간,1590083.962267966,system,2025-07-17 16:18:32.184,system,2025-07-17 16:18:32.184
"2025","4145000000",ADM002,A,하남시,건폐지,18295095.790957961,system,2025-07-17 16:18:32.184,system,2025-07-17 16:18:32.184
"2025","4145000000",ADM002,B,하남시,비건폐포장지,5721378.131568716,system,2025-07-17 16:18:32.184,system,2025-07-17 16:18:32.184
"2025","4145000000",ADM002,C,하남시,반투수포장지,2656062.706489995,system,2025-07-17 16:18:32.184,system,2025-07-17 16:18:32.184
"2025","4145000000",ADM002,D,하남시,투수포장,1636282.333956651,system,2025-07-17 16:18:32.184,system,2025-07-17 16:18:32.184
"2025","4145000000",ADM002,E,하남시,녹지,56732943.230480709,system,2025-07-17 16:18:32.184,system,2025-07-17 16:18:32.184
"2025","4145000000",ADM002,F,하남시,수공간,7657660.579265421,system,2025-07-17 16:18:32.184,system,2025-07-17 16:18:32.184
"2025","4146000000",ADM002,A,용인시,건폐지,94397040.553752141,system,2025-07-17 16:18:32.184,system,2025-07-17 16:18:32.184
"2025","4146000000",ADM002,B,용인시,비건폐포장지,30030013.094966253,system,2025-07-17 16:18:32.184,system,2025-07-17 16:18:32.184
"2025","4146000000",ADM002,C,용인시,반투수포장지,28270315.161113863,system,2025-07-17 16:18:32.184,system,2025-07-17 16:18:32.184
"2025","4146000000",ADM002,D,용인시,투수포장,12904124.502819540,system,2025-07-17 16:18:32.184,system,2025-07-17 16:18:32.184
"2025","4146000000",ADM002,E,용인시,녹지,410131444.628692495,system,2025-07-17 16:18:32.184,system,2025-07-17 16:18:32.184
"2025","4146000000",ADM002,F,용인시,수공간,16035995.781677741,system,2025-07-17 16:18:32.184,system,2025-07-17 16:18:32.184
"2025","4148000000",ADM002,A,파주시,건폐지,110714898.732593441,system,2025-07-17 16:18:32.184,system,2025-07-17 16:18:32.184
"2025","4148000000",ADM002,B,파주시,비건폐포장지,24277537.961023472,system,2025-07-17 16:18:32.184,system,2025-07-17 16:18:32.184
"2025","4148000000",ADM002,C,파주시,반투수포장지,22396163.585084417,system,2025-07-17 16:18:32.184,system,2025-07-17 16:18:32.184
"2025","4148000000",ADM002,D,파주시,투수포장,21993666.087169567,system,2025-07-17 16:18:32.184,system,2025-07-17 16:18:32.184
"2025","4148000000",ADM002,E,파주시,녹지,471023352.555720187,system,2025-07-17 16:18:32.184,system,2025-07-17 16:18:32.184
"2025","4148000000",ADM002,F,파주시,수공간,38794757.665376255,system,2025-07-17 16:18:32.184,system,2025-07-17 16:18:32.184
"2025","4150000000",ADM002,A,이천시,건폐지,78417528.793191719,system,2025-07-17 16:18:32.184,system,2025-07-17 16:18:32.184
"2025","4150000000",ADM002,B,이천시,비건폐포장지,21859343.323576595,system,2025-07-17 16:18:32.184,system,2025-07-17 16:18:32.184
"2025","4150000000",ADM002,C,이천시,반투수포장지,15739674.893725111,system,2025-07-17 16:18:32.184,system,2025-07-17 16:18:32.184
"2025","4150000000",ADM002,D,이천시,투수포장,15472051.196386084,system,2025-07-17 16:18:32.184,system,2025-07-17 16:18:32.184
"2025","4150000000",ADM002,E,이천시,녹지,318862468.333707368,system,2025-07-17 16:18:32.184,system,2025-07-17 16:18:32.184
"2025","4150000000",ADM002,F,이천시,수공간,11558142.493474853,system,2025-07-17 16:18:32.184,system,2025-07-17 16:18:32.184
"2025","4155000000",ADM002,A,안성시,건폐지,64113977.415983905,system,2025-07-17 16:18:32.184,system,2025-07-17 16:18:32.184
"2025","4155000000",ADM002,B,안성시,비건폐포장지,21653938.654135173,system,2025-07-17 16:18:32.184,system,2025-07-17 16:18:32.184
"2025","4155000000",ADM002,C,안성시,반투수포장지,20876492.321351393,system,2025-07-17 16:18:32.184,system,2025-07-17 16:18:32.184
"2025","4155000000",ADM002,D,안성시,투수포장,16638410.639568440,system,2025-07-17 16:18:32.184,system,2025-07-17 16:18:32.184
"2025","4155000000",ADM002,E,안성시,녹지,412841512.732667651,system,2025-07-17 16:18:32.184,system,2025-07-17 16:18:32.184
"2025","4155000000",ADM002,F,안성시,수공간,17221104.358381297,system,2025-07-17 16:18:32.184,system,2025-07-17 16:18:32.184
"2025","4157000000",ADM002,A,김포시,건폐지,67000256.026772748,system,2025-07-17 16:18:32.184,system,2025-07-17 16:18:32.184
"2025","4157000000",ADM002,B,김포시,비건폐포장지,17413907.672941466,system,2025-07-17 16:18:32.184,system,2025-07-17 16:18:32.184
"2025","4157000000",ADM002,C,김포시,반투수포장지,12305686.384841321,system,2025-07-17 16:18:32.184,system,2025-07-17 16:18:32.184
"2025","4157000000",ADM002,D,김포시,투수포장,4786515.593227740,system,2025-07-17 16:18:32.184,system,2025-07-17 16:18:32.184
"2025","4157000000",ADM002,E,김포시,녹지,135666321.968793921,system,2025-07-17 16:18:32.184,system,2025-07-17 16:18:32.184
"2025","4157000000",ADM002,F,김포시,수공간,40612970.075892544,system,2025-07-17 16:18:32.184,system,2025-07-17 16:18:32.184
"2025","4159000000",ADM002,A,화성시,건폐지,149598127.565259985,system,2025-07-17 16:18:32.184,system,2025-07-17 16:18:32.184
"2025","4159000000",ADM002,B,화성시,비건폐포장지,45997810.556662254,system,2025-07-17 16:18:32.184,system,2025-07-17 16:18:32.184
"2025","4159000000",ADM002,C,화성시,반투수포장지,38974807.344276066,system,2025-07-17 16:18:32.184,system,2025-07-17 16:18:32.184
"2025","4159000000",ADM002,D,화성시,투수포장,22200937.981664712,system,2025-07-17 16:18:32.184,system,2025-07-17 16:18:32.184
"2025","4159000000",ADM002,E,화성시,녹지,416251652.345322210,system,2025-07-17 16:18:32.184,system,2025-07-17 16:18:32.184
"2025","4159000000",ADM002,F,화성시,수공간,19901426.782494914,system,2025-07-17 16:18:32.184,system,2025-07-17 16:18:32.184
"2025","4161000000",ADM002,A,광주시,건폐지,60564317.911344121,system,2025-07-17 16:18:32.184,system,2025-07-17 16:18:32.184
"2025","4161000000",ADM002,B,광주시,비건폐포장지,14767952.743125339,system,2025-07-17 16:18:32.184,system,2025-07-17 16:18:32.184
"2025","4161000000",ADM002,C,광주시,반투수포장지,12238608.065002323,system,2025-07-17 16:18:32.184,system,2025-07-17 16:18:32.184
"2025","4161000000",ADM002,D,광주시,투수포장,11154491.128724291,system,2025-07-17 16:18:32.184,system,2025-07-17 16:18:32.184
"2025","4161000000",ADM002,E,광주시,녹지,314360311.766102240,system,2025-07-17 16:18:32.184,system,2025-07-17 16:18:32.184
"2025","4161000000",ADM002,F,광주시,수공간,16910324.156618417,system,2025-07-17 16:18:32.184,system,2025-07-17 16:18:32.184
"2025","4163000000",ADM002,A,양주시,건폐지,60929250.629248641,system,2025-07-17 16:18:32.184,system,2025-07-17 16:18:32.184
"2025","4163000000",ADM002,B,양주시,비건폐포장지,14550466.692811919,system,2025-07-17 16:18:32.184,system,2025-07-17 16:18:32.184
"2025","4163000000",ADM002,C,양주시,반투수포장지,18056739.785650316,system,2025-07-17 16:18:32.184,system,2025-07-17 16:18:32.184
"2025","4163000000",ADM002,D,양주시,투수포장,8791711.970501195,system,2025-07-17 16:18:32.184,system,2025-07-17 16:18:32.184
"2025","4163000000",ADM002,E,양주시,녹지,201900042.607906805,system,2025-07-17 16:18:32.184,system,2025-07-17 16:18:32.184
"2025","4163000000",ADM002,F,양주시,수공간,6263821.266313346,system,2025-07-17 16:18:32.184,system,2025-07-17 16:18:32.184
"2025","4165000000",ADM002,A,포천시,건폐지,101390952.985301431,system,2025-07-17 16:18:32.184,system,2025-07-17 16:18:32.184
"2025","4165000000",ADM002,B,포천시,비건폐포장지,16965468.038781460,system,2025-07-17 16:18:32.184,system,2025-07-17 16:18:32.184
"2025","4165000000",ADM002,C,포천시,반투수포장지,17004592.918218680,system,2025-07-17 16:18:32.184,system,2025-07-17 16:18:32.184
"2025","4165000000",ADM002,D,포천시,투수포장,16509497.709998074,system,2025-07-17 16:18:32.184,system,2025-07-17 16:18:32.184
"2025","4165000000",ADM002,E,포천시,녹지,659885134.676163250,system,2025-07-17 16:18:32.184,system,2025-07-17 16:18:32.184
"2025","4165000000",ADM002,F,포천시,수공간,14062402.223905553,system,2025-07-17 16:18:32.184,system,2025-07-17 16:18:32.184
"2025","4167000000",ADM002,A,여주시,건폐지,55167567.384828618,system,2025-07-17 16:18:32.184,system,2025-07-17 16:18:32.184
"2025","4167000000",ADM002,B,여주시,비건폐포장지,20182273.133544795,system,2025-07-17 16:18:32.184,system,2025-07-17 16:18:32.184
"2025","4167000000",ADM002,C,여주시,반투수포장지,16048037.951202011,system,2025-07-17 16:18:32.184,system,2025-07-17 16:18:32.184
"2025","4167000000",ADM002,D,여주시,투수포장,19985125.003494252,system,2025-07-17 16:18:32.184,system,2025-07-17 16:18:32.184
"2025","4167000000",ADM002,E,여주시,녹지,468158379.380086796,system,2025-07-17 16:18:32.184,system,2025-07-17 16:18:32.184
"2025","4167000000",ADM002,F,여주시,수공간,27839219.286598800,system,2025-07-17 16:18:32.184,system,2025-07-17 16:18:32.184
"2025","4180000000",ADM002,A,연천군,건폐지,46238157.694366670,system,2025-07-17 16:18:32.184,system,2025-07-17 16:18:32.184
"2025","4180000000",ADM002,B,연천군,비건폐포장지,12243990.218271552,system,2025-07-17 16:18:32.184,system,2025-07-17 16:18:32.184
"2025","4180000000",ADM002,C,연천군,반투수포장지,7909287.853099457,system,2025-07-17 16:18:32.184,system,2025-07-17 16:18:32.184
"2025","4180000000",ADM002,D,연천군,투수포장,14207708.359604590,system,2025-07-17 16:18:32.184,system,2025-07-17 16:18:32.184
"2025","4180000000",ADM002,E,연천군,녹지,562842951.684941400,system,2025-07-17 16:18:32.184,system,2025-07-17 16:18:32.184
"2025","4180000000",ADM002,F,연천군,수공간,22857174.129517930,system,2025-07-17 16:18:32.184,system,2025-07-17 16:18:32.184
"2025","4182000000",ADM002,A,가평군,건폐지,37503867.572816090,system,2025-07-17 16:18:32.184,system,2025-07-17 16:18:32.184
"2025","4182000000",ADM002,B,가평군,비건폐포장지,11523825.001755940,system,2025-07-17 16:18:32.184,system,2025-07-17 16:18:32.184
"2025","4182000000",ADM002,C,가평군,반투수포장지,18712415.572562400,system,2025-07-17 16:18:32.184,system,2025-07-17 16:18:32.184
"2025","4182000000",ADM002,D,가평군,투수포장,7440932.977078333,system,2025-07-17 16:18:32.184,system,2025-07-17 16:18:32.184
"2025","4182000000",ADM002,E,가평군,녹지,739235109.006169500,system,2025-07-17 16:18:32.184,system,2025-07-17 16:18:32.184
"2025","4182000000",ADM002,F,가평군,수공간,26358729.647737810,system,2025-07-17 16:18:32.184,system,2025-07-17 16:18:32.184
"2025","4183000000",ADM002,A,양평군,건폐지,65095144.124358820,system,2025-07-17 16:18:32.184,system,2025-07-17 16:18:32.184
"2025","4183000000",ADM002,B,양평군,비건폐포장지,19443007.116826163,system,2025-07-17 16:18:32.184,system,2025-07-17 16:18:32.184
"2025","4183000000",ADM002,C,양평군,반투수포장지,22837565.620513540,system,2025-07-17 16:18:32.184,system,2025-07-17 16:18:32.184
"2025","4183000000",ADM002,D,양평군,투수포장,13275664.435141760,system,2025-07-17 16:18:32.184,system,2025-07-17 16:18:32.184
"2025","4183000000",ADM002,E,양평군,녹지,723876196.011787600,system,2025-07-17 16:18:32.184,system,2025-07-17 16:18:32.184
"2025","4183000000",ADM002,F,양평군,수공간,32318214.618249600,system,2025-07-17 16:18:32.184,system,2025-07-17 16:18:32.184
"2025","4111100000",ADM003,A,장안구,건폐지,8222163.106198907,system,2025-07-17 16:18:32.184,system,2025-07-17 16:18:32.184
"2025","4111100000",ADM003,B,장안구,비건폐포장지,3462749.478745828,system,2025-07-17 16:18:32.184,system,2025-07-17 16:18:32.184
"2025","4111100000",ADM003,C,장안구,반투수포장지,993222.448028131,system,2025-07-17 16:18:32.184,system,2025-07-17 16:18:32.184
"2025","4111100000",ADM003,D,장안구,투수포장,353829.952115852,system,2025-07-17 16:18:32.184,system,2025-07-17 16:18:32.184
"2025","4111100000",ADM003,E,장안구,녹지,19568701.852145947,system,2025-07-17 16:18:32.184,system,2025-07-17 16:18:32.184
"2025","4111100000",ADM003,F,장안구,수공간,748917.681407906,system,2025-07-17 16:18:32.184,system,2025-07-17 16:18:32.184
"2025","4111300000",ADM003,A,권선구,건폐지,18526518.235389805,system,2025-07-17 16:18:32.184,system,2025-07-17 16:18:32.184
"2025","4111300000",ADM003,B,권선구,비건폐포장지,6575761.727052072,system,2025-07-17 16:18:32.184,system,2025-07-17 16:18:32.184
"2025","4111300000",ADM003,C,권선구,반투수포장지,2572138.308845159,system,2025-07-17 16:18:32.252,system,2025-07-17 16:18:32.252
"2025","4111300000",ADM003,D,권선구,투수포장,275657.888850949,system,2025-07-17 16:18:32.252,system,2025-07-17 16:18:32.252
"2025","4111300000",ADM003,E,권선구,녹지,18357075.244214744,system,2025-07-17 16:18:32.252,system,2025-07-17 16:18:32.252
"2025","4111300000",ADM003,F,권선구,수공간,846366.712287222,system,2025-07-17 16:18:32.252,system,2025-07-17 16:18:32.252
"2025","4111500000",ADM003,A,팔달구,건폐지,6846259.733904220,system,2025-07-17 16:18:32.252,system,2025-07-17 16:18:32.252
"2025","4111500000",ADM003,B,팔달구,비건폐포장지,2639840.321975813,system,2025-07-17 16:18:32.252,system,2025-07-17 16:18:32.252
"2025","4111500000",ADM003,C,팔달구,반투수포장지,449305.463497895,system,2025-07-17 16:18:32.252,system,2025-07-17 16:18:32.252
"2025","4111500000",ADM003,D,팔달구,투수포장,10667.930320676,system,2025-07-17 16:18:32.252,system,2025-07-17 16:18:32.252
"2025","4111500000",ADM003,E,팔달구,녹지,2665806.963769270,system,2025-07-17 16:18:32.252,system,2025-07-17 16:18:32.252
"2025","4111500000",ADM003,F,팔달구,수공간,251920.642916074,system,2025-07-17 16:18:32.252,system,2025-07-17 16:18:32.252
"2025","4111700000",ADM003,A,영통구,건폐지,11062460.049940163,system,2025-07-17 16:18:32.252,system,2025-07-17 16:18:32.252
"2025","4111700000",ADM003,B,영통구,비건폐포장지,4138505.870475282,system,2025-07-17 16:18:32.252,system,2025-07-17 16:18:32.252
"2025","4111700000",ADM003,C,영통구,반투수포장지,735006.317404202,system,2025-07-17 16:18:32.252,system,2025-07-17 16:18:32.252
"2025","4111700000",ADM003,D,영통구,투수포장,165011.840840172,system,2025-07-17 16:18:32.252,system,2025-07-17 16:18:32.252
"2025","4111700000",ADM003,E,영통구,녹지,10771715.137451659,system,2025-07-17 16:18:32.252,system,2025-07-17 16:18:32.252
"2025","4111700000",ADM003,F,영통구,수공간,825532.281159629,system,2025-07-17 16:18:32.252,system,2025-07-17 16:18:32.252
"2025","4113100000",ADM003,A,수정구,건폐지,13037465.307245616,system,2025-07-17 16:18:32.252,system,2025-07-17 16:18:32.252
"2025","4113100000",ADM003,B,수정구,비건폐포장지,4004663.083479519,system,2025-07-17 16:18:32.252,system,2025-07-17 16:18:32.252
"2025","4113100000",ADM003,C,수정구,반투수포장지,2528095.591338659,system,2025-07-17 16:18:32.252,system,2025-07-17 16:18:32.252
"2025","4113100000",ADM003,D,수정구,투수포장,412299.456021975,system,2025-07-17 16:18:32.252,system,2025-07-17 16:18:32.252
"2025","4113100000",ADM003,E,수정구,녹지,24707205.797523078,system,2025-07-17 16:18:32.252,system,2025-07-17 16:18:32.252
"2025","4113100000",ADM003,F,수정구,수공간,660847.612531910,system,2025-07-17 16:18:32.252,system,2025-07-17 16:18:32.252
"2025","4113300000",ADM003,A,중원구,건폐지,6034162.450563696,system,2025-07-17 16:18:32.252,system,2025-07-17 16:18:32.252
"2025","4113300000",ADM003,B,중원구,비건폐포장지,2836971.175056679,system,2025-07-17 16:18:32.252,system,2025-07-17 16:18:32.252
"2025","4113300000",ADM003,C,중원구,반투수포장지,684024.299235332,system,2025-07-17 16:18:32.252,system,2025-07-17 16:18:32.252
"2025","4113300000",ADM003,D,중원구,투수포장,266883.139829527,system,2025-07-17 16:18:32.252,system,2025-07-17 16:18:32.252
"2025","4113300000",ADM003,E,중원구,녹지,16422668.138760940,system,2025-07-17 16:18:32.252,system,2025-07-17 16:18:32.252
"2025","4113300000",ADM003,F,중원구,수공간,155228.792967029,system,2025-07-17 16:18:32.252,system,2025-07-17 16:18:32.252
"2025","4113500000",ADM003,A,분당구,건폐지,18153544.620330124,system,2025-07-17 16:18:32.252,system,2025-07-17 16:18:32.252
"2025","4113500000",ADM003,B,분당구,비건폐포장지,7183660.738576889,system,2025-07-17 16:18:32.252,system,2025-07-17 16:18:32.252
"2025","4113500000",ADM003,C,분당구,반투수포장지,1052332.616689264,system,2025-07-17 16:18:32.252,system,2025-07-17 16:18:32.252
"2025","4113500000",ADM003,D,분당구,투수포장,1283334.254382187,system,2025-07-17 16:18:32.252,system,2025-07-17 16:18:32.252
"2025","4113500000",ADM003,E,분당구,녹지,40725395.385459238,system,2025-07-17 16:18:32.252,system,2025-07-17 16:18:32.252
"2025","4113500000",ADM003,F,분당구,수공간,1303339.162491763,system,2025-07-17 16:18:32.252,system,2025-07-17 16:18:32.252
"2025","4117100000",ADM003,A,만안구,건폐지,12097395.486924780,system,2025-07-17 16:18:32.252,system,2025-07-17 16:18:32.252
"2025","4117100000",ADM003,B,만안구,비건폐포장지,2990676.995952776,system,2025-07-17 16:18:32.252,system,2025-07-17 16:18:32.252
"2025","4117100000",ADM003,C,만안구,반투수포장지,725583.131388499,system,2025-07-17 16:18:32.252,system,2025-07-17 16:18:32.252
"2025","4117100000",ADM003,D,만안구,투수포장,213340.868356562,system,2025-07-17 16:18:32.252,system,2025-07-17 16:18:32.252
"2025","4117100000",ADM003,E,만안구,녹지,19860274.059046830,system,2025-07-17 16:18:32.252,system,2025-07-17 16:18:32.252
"2025","4117100000",ADM003,F,만안구,수공간,715811.597583233,system,2025-07-17 16:18:32.252,system,2025-07-17 16:18:32.252
"2025","4117300000",ADM003,A,동안구,건폐지,8585876.011461480,system,2025-07-17 16:18:32.252,system,2025-07-17 16:18:32.252
"2025","4117300000",ADM003,B,동안구,비건폐포장지,3140402.132906467,system,2025-07-17 16:18:32.252,system,2025-07-17 16:18:32.252
"2025","4117300000",ADM003,C,동안구,반투수포장지,878287.367113594,system,2025-07-17 16:18:32.252,system,2025-07-17 16:18:32.252
"2025","4117300000",ADM003,D,동안구,투수포장,197351.982168409,system,2025-07-17 16:18:32.252,system,2025-07-17 16:18:32.252
"2025","4117300000",ADM003,E,동안구,녹지,8970089.393020642,system,2025-07-17 16:18:32.252,system,2025-07-17 16:18:32.252
"2025","4117300000",ADM003,F,동안구,수공간,162996.029795297,system,2025-07-17 16:18:32.252,system,2025-07-17 16:18:32.252
"2025","4119200000",ADM003,A,원미구,건폐지,9782764.616722888,system,2025-07-17 16:18:32.252,system,2025-07-17 16:18:32.252
"2025","4119200000",ADM003,B,원미구,비건폐포장지,4047276.841066692,system,2025-07-17 16:18:32.252,system,2025-07-17 16:18:32.252
"2025","4119200000",ADM003,C,원미구,반투수포장지,457666.724283052,system,2025-07-17 16:18:32.252,system,2025-07-17 16:18:32.252
"2025","4119200000",ADM003,D,원미구,투수포장,65620.739964581,system,2025-07-17 16:18:32.252,system,2025-07-17 16:18:32.252
"2025","4119200000",ADM003,E,원미구,녹지,6170607.326636757,system,2025-07-17 16:18:32.252,system,2025-07-17 16:18:32.252
"2025","4119200000",ADM003,F,원미구,수공간,99924.011354724,system,2025-07-17 16:18:32.252,system,2025-07-17 16:18:32.252
"2025","4119400000",ADM003,A,소사구,건폐지,5269100.528581239,system,2025-07-17 16:18:32.252,system,2025-07-17 16:18:32.252
"2025","4119400000",ADM003,B,소사구,비건폐포장지,2022828.799107578,system,2025-07-17 16:18:32.252,system,2025-07-17 16:18:32.252
"2025","4119400000",ADM003,C,소사구,반투수포장지,438090.657539411,system,2025-07-17 16:18:32.252,system,2025-07-17 16:18:32.252
"2025","4119400000",ADM003,D,소사구,투수포장,35480.071145030,system,2025-07-17 16:18:32.252,system,2025-07-17 16:18:32.252
"2025","4119400000",ADM003,E,소사구,녹지,5035259.372086601,system,2025-07-17 16:18:32.252,system,2025-07-17 16:18:32.252
"2025","4119400000",ADM003,F,소사구,수공간,70891.184759206,system,2025-07-17 16:18:32.252,system,2025-07-17 16:18:32.252
"2025","4119600000",ADM003,A,오정구,건폐지,7771714.949917044,system,2025-07-17 16:18:32.252,system,2025-07-17 16:18:32.252
"2025","4119600000",ADM003,B,오정구,비건폐포장지,2934953.180504797,system,2025-07-17 16:18:32.252,system,2025-07-17 16:18:32.252
"2025","4119600000",ADM003,C,오정구,반투수포장지,848997.941804384,system,2025-07-17 16:18:32.252,system,2025-07-17 16:18:32.252
"2025","4119600000",ADM003,D,오정구,투수포장,73938.873559923,system,2025-07-17 16:18:32.252,system,2025-07-17 16:18:32.252
"2025","4119600000",ADM003,E,오정구,녹지,7780603.805516683,system,2025-07-17 16:18:32.252,system,2025-07-17 16:18:32.252
"2025","4119600000",ADM003,F,오정구,수공간,685720.864731646,system,2025-07-17 16:18:32.252,system,2025-07-17 16:18:32.252
"2025","4127100000",ADM003,A,상록구,건폐지,13028007.873862040,system,2025-07-17 16:18:32.252,system,2025-07-17 16:18:32.252
"2025","4127100000",ADM003,B,상록구,비건폐포장지,6705765.069468311,system,2025-07-17 16:18:32.252,system,2025-07-17 16:18:32.252
"2025","4127100000",ADM003,C,상록구,반투수포장지,1879230.782226914,system,2025-07-17 16:18:32.252,system,2025-07-17 16:18:32.252
"2025","4127100000",ADM003,D,상록구,투수포장,943964.324409480,system,2025-07-17 16:18:32.252,system,2025-07-17 16:18:32.252
"2025","4127100000",ADM003,E,상록구,녹지,34806921.558554694,system,2025-07-17 16:18:32.252,system,2025-07-17 16:18:32.252
"2025","4127100000",ADM003,F,상록구,수공간,584629.925526511,system,2025-07-17 16:18:32.252,system,2025-07-17 16:18:32.252
"2025","4127300000",ADM003,A,단원구,건폐지,26810288.000285402,system,2025-07-17 16:18:32.252,system,2025-07-17 16:18:32.252
"2025","4127300000",ADM003,B,단원구,비건폐포장지,9666182.666500981,system,2025-07-17 16:18:32.252,system,2025-07-17 16:18:32.252
"2025","4127300000",ADM003,C,단원구,반투수포장지,4860104.301680710,system,2025-07-17 16:18:32.252,system,2025-07-17 16:18:32.252
"2025","4127300000",ADM003,D,단원구,투수포장,3499742.896959451,system,2025-07-17 16:18:32.252,system,2025-07-17 16:18:32.252
"2025","4127300000",ADM003,E,단원구,녹지,44933849.422886342,system,2025-07-17 16:18:32.252,system,2025-07-17 16:18:32.252
"2025","4127300000",ADM003,F,단원구,수공간,1771937.339369727,system,2025-07-17 16:18:32.252,system,2025-07-17 16:18:32.252
"2025","4128100000",ADM003,A,덕양구,건폐지,39979159.267075217,system,2025-07-17 16:18:32.252,system,2025-07-17 16:18:32.252
"2025","4128100000",ADM003,B,덕양구,비건폐포장지,12814785.897766038,system,2025-07-17 16:18:32.252,system,2025-07-17 16:18:32.252
"2025","4128100000",ADM003,C,덕양구,반투수포장지,5327920.836566674,system,2025-07-17 16:18:32.252,system,2025-07-17 16:18:32.252
"2025","4128100000",ADM003,D,덕양구,투수포장,3262396.120252791,system,2025-07-17 16:18:32.252,system,2025-07-17 16:18:32.252
"2025","4128100000",ADM003,E,덕양구,녹지,95925242.932902627,system,2025-07-17 16:18:32.252,system,2025-07-17 16:18:32.252
"2025","4128100000",ADM003,F,덕양구,수공간,7967237.445126166,system,2025-07-17 16:18:32.252,system,2025-07-17 16:18:32.252
"2025","4128500000",ADM003,A,일산동구,건폐지,24158025.951784570,system,2025-07-17 16:18:32.252,system,2025-07-17 16:18:32.252
"2025","4128500000",ADM003,B,일산동구,비건폐포장지,6361901.928416598,system,2025-07-17 16:18:32.252,system,2025-07-17 16:18:32.252
"2025","4128500000",ADM003,C,일산동구,반투수포장지,4204572.987862363,system,2025-07-17 16:18:32.252,system,2025-07-17 16:18:32.252
"2025","4128500000",ADM003,D,일산동구,투수포장,1073881.513457790,system,2025-07-17 16:18:32.252,system,2025-07-17 16:18:32.252
"2025","4128500000",ADM003,E,일산동구,녹지,22558885.904079155,system,2025-07-17 16:18:32.252,system,2025-07-17 16:18:32.252
"2025","4128500000",ADM003,F,일산동구,수공간,1607403.189968990,system,2025-07-17 16:18:32.252,system,2025-07-17 16:18:32.252
"2025","4128700000",ADM003,A,일산서구,건폐지,13932399.761708372,system,2025-07-17 16:18:32.252,system,2025-07-17 16:18:32.252
"2025","4128700000",ADM003,B,일산서구,비건폐포장지,4626923.290318768,system,2025-07-17 16:18:32.252,system,2025-07-17 16:18:32.252
"2025","4128700000",ADM003,C,일산서구,반투수포장지,1588341.220811746,system,2025-07-17 16:18:32.252,system,2025-07-17 16:18:32.252
"2025","4128700000",ADM003,D,일산서구,투수포장,121334.547546843,system,2025-07-17 16:18:32.252,system,2025-07-17 16:18:32.252
"2025","4128700000",ADM003,E,일산서구,녹지,16252763.250924796,system,2025-07-17 16:18:32.252,system,2025-07-17 16:18:32.252
"2025","4128700000",ADM003,F,일산서구,수공간,4800397.789262783,system,2025-07-17 16:18:32.252,system,2025-07-17 16:18:32.252
"2025","4146100000",ADM003,A,처인구,건폐지,62056347.805047869,system,2025-07-17 16:18:32.252,system,2025-07-17 16:18:32.252
"2025","4146100000",ADM003,B,처인구,비건폐포장지,17930542.614634156,system,2025-07-17 16:18:32.252,system,2025-07-17 16:18:32.252
"2025","4146100000",ADM003,C,처인구,반투수포장지,23391565.038494136,system,2025-07-17 16:18:32.252,system,2025-07-17 16:18:32.252
"2025","4146100000",ADM003,D,처인구,투수포장,11758181.359736691,system,2025-07-17 16:18:32.252,system,2025-07-17 16:18:32.252
"2025","4146100000",ADM003,E,처인구,녹지,339751144.203677812,system,2025-07-17 16:18:32.252,system,2025-07-17 16:18:32.252
"2025","4146100000",ADM003,F,처인구,수공간,12981177.457899624,system,2025-07-17 16:18:32.252,system,2025-07-17 16:18:32.252
"2025","4146300000",ADM003,A,기흥구,건폐지,21179824.340118092,system,2025-07-17 16:18:32.322,system,2025-07-17 16:18:32.322
"2025","4146300000",ADM003,B,기흥구,비건폐포장지,8516433.925142879,system,2025-07-17 16:18:32.322,system,2025-07-17 16:18:32.322
"2025","4146300000",ADM003,C,기흥구,반투수포장지,3407238.514966081,system,2025-07-17 16:18:32.322,system,2025-07-17 16:18:32.322
"2025","4146300000",ADM003,D,기흥구,투수포장,823025.356783580,system,2025-07-17 16:18:32.322,system,2025-07-17 16:18:32.322
"2025","4146300000",ADM003,E,기흥구,녹지,45362677.171656113,system,2025-07-17 16:18:32.322,system,2025-07-17 16:18:32.322
"2025","4146300000",ADM003,F,기흥구,수공간,2493553.267064709,system,2025-07-17 16:18:32.322,system,2025-07-17 16:18:32.322
"2025","4146500000",ADM003,A,수지구,건폐지,11160868.408586180,system,2025-07-17 16:18:32.322,system,2025-07-17 16:18:32.322
"2025","4146500000",ADM003,B,수지구,비건폐포장지,3583036.555189218,system,2025-07-17 16:18:32.322,system,2025-07-17 16:18:32.322
"2025","4146500000",ADM003,C,수지구,반투수포장지,1471511.607653646,system,2025-07-17 16:18:32.322,system,2025-07-17 16:18:32.322
"2025","4146500000",ADM003,D,수지구,투수포장,322917.786299269,system,2025-07-17 16:18:32.322,system,2025-07-17 16:18:32.322
"2025","4146500000",ADM003,E,수지구,녹지,25017623.253358570,system,2025-07-17 16:18:32.322,system,2025-07-17 16:18:32.322
"2025","4146500000",ADM003,F,수지구,수공간,561265.056713408,system,2025-07-17 16:18:32.322,system,2025-07-17 16:18:32.322
