"fbctn_yr","admdst_cd","admdst_se_cd","type_evl_grd7","admdst_nm","biotop_type_grd_area","frst_rgtr_id","frst_reg_dt","mdfr_id","mdfcn_dt"
"2025","41000",ADM001,"1",경기도,3393269901.490656026,system,2025-07-17 16:19:17.755,system,2025-07-17 16:19:17.755
"2025","41000",ADM001,"2",경기도,1567832126.455626853,system,2025-07-17 16:19:17.755,system,2025-07-17 16:19:17.755
"2025","41000",ADM001,"3",경기도,1539856793.305845472,system,2025-07-17 16:19:17.755,system,2025-07-17 16:19:17.755
"2025","41000",ADM001,"4",경기도,1226100814.570024486,system,2025-07-17 16:19:17.755,system,2025-07-17 16:19:17.755
"2025","41000",ADM001,"5",경기도,523809851.773935674,system,2025-07-17 16:19:17.755,system,2025-07-17 16:19:17.755
"2025","41000",ADM001,"6",경기도,567379120.578138328,system,2025-07-17 16:19:17.755,system,2025-07-17 16:19:17.755
"2025","41000",ADM001,"7",경기도,1387958161.577139366,system,2025-07-17 16:19:17.755,system,2025-07-17 16:19:17.755
"2025","4111000000",ADM002,"1",수원시,14822034.904953358,system,2025-07-17 16:19:17.755,system,2025-07-17 16:19:17.755
"2025","4111000000",ADM002,"2",수원시,9607788.733224747,system,2025-07-17 16:19:17.755,system,2025-07-17 16:19:17.755
"2025","4111000000",ADM002,"3",수원시,21676701.639922882,system,2025-07-17 16:19:17.755,system,2025-07-17 16:19:17.755
"2025","4111000000",ADM002,"4",수원시,7533166.982083743,system,2025-07-17 16:19:17.755,system,2025-07-17 16:19:17.755
"2025","4111000000",ADM002,"5",수원시,3830862.215792071,system,2025-07-17 16:19:17.755,system,2025-07-17 16:19:17.755
"2025","4111000000",ADM002,"6",수원시,33064976.003672688,system,2025-07-17 16:19:17.755,system,2025-07-17 16:19:17.755
"2025","4111000000",ADM002,"7",수원시,30529604.709288064,system,2025-07-17 16:19:17.755,system,2025-07-17 16:19:17.755
"2025","4113000000",ADM002,"1",성남시,46641163.556323315,system,2025-07-17 16:19:17.755,system,2025-07-17 16:19:17.755
"2025","4113000000",ADM002,"2",성남시,14968235.761296116,system,2025-07-17 16:19:17.755,system,2025-07-17 16:19:17.755
"2025","4113000000",ADM002,"3",성남시,13890697.970066986,system,2025-07-17 16:19:17.755,system,2025-07-17 16:19:17.755
"2025","4113000000",ADM002,"4",성남시,9487652.466890103,system,2025-07-17 16:19:17.755,system,2025-07-17 16:19:17.755
"2025","4113000000",ADM002,"5",성남시,4549786.037569734,system,2025-07-17 16:19:17.755,system,2025-07-17 16:19:17.755
"2025","4113000000",ADM002,"6",성남시,23448442.695135222,system,2025-07-17 16:19:17.755,system,2025-07-17 16:19:17.755
"2025","4113000000",ADM002,"7",성남시,28466143.135201923,system,2025-07-17 16:19:17.755,system,2025-07-17 16:19:17.755
"2025","4115000000",ADM002,"1",의정부시,30391669.983893612,system,2025-07-17 16:19:17.755,system,2025-07-17 16:19:17.755
"2025","4115000000",ADM002,"2",의정부시,13408547.545186909,system,2025-07-17 16:19:17.755,system,2025-07-17 16:19:17.755
"2025","4115000000",ADM002,"3",의정부시,5866145.942782847,system,2025-07-17 16:19:17.755,system,2025-07-17 16:19:17.755
"2025","4115000000",ADM002,"4",의정부시,5175920.760101105,system,2025-07-17 16:19:17.755,system,2025-07-17 16:19:17.755
"2025","4115000000",ADM002,"5",의정부시,2383314.460131782,system,2025-07-17 16:19:17.755,system,2025-07-17 16:19:17.755
"2025","4115000000",ADM002,"6",의정부시,11312170.133484512,system,2025-07-17 16:19:17.755,system,2025-07-17 16:19:17.755
"2025","4115000000",ADM002,"7",의정부시,13286595.006153884,system,2025-07-17 16:19:17.755,system,2025-07-17 16:19:17.755
"2025","4117000000",ADM002,"1",안양시,19417340.224817791,system,2025-07-17 16:19:17.755,system,2025-07-17 16:19:17.755
"2025","4117000000",ADM002,"2",안양시,4669982.684412334,system,2025-07-17 16:19:17.755,system,2025-07-17 16:19:17.755
"2025","4117000000",ADM002,"3",안양시,3588597.882450835,system,2025-07-17 16:19:17.755,system,2025-07-17 16:19:17.755
"2025","4117000000",ADM002,"4",안양시,1661303.512179650,system,2025-07-17 16:19:17.755,system,2025-07-17 16:19:17.755
"2025","4117000000",ADM002,"5",안양시,1473650.037382846,system,2025-07-17 16:19:17.755,system,2025-07-17 16:19:17.755
"2025","4117000000",ADM002,"6",안양시,11700436.284728379,system,2025-07-17 16:19:17.755,system,2025-07-17 16:19:17.755
"2025","4117000000",ADM002,"7",안양시,16026774.429746757,system,2025-07-17 16:19:17.755,system,2025-07-17 16:19:17.755
"2025","4119000000",ADM002,"1",부천시,3929048.885763162,system,2025-07-17 16:19:17.755,system,2025-07-17 16:19:17.755
"2025","4119000000",ADM002,"2",부천시,3190811.955969343,system,2025-07-17 16:19:17.755,system,2025-07-17 16:19:17.755
"2025","4119000000",ADM002,"3",부천시,9309002.878648878,system,2025-07-17 16:19:17.755,system,2025-07-17 16:19:17.755
"2025","4119000000",ADM002,"4",부천시,3314450.045117864,system,2025-07-17 16:19:17.755,system,2025-07-17 16:19:17.755
"2025","4119000000",ADM002,"5",부천시,1705096.605510378,system,2025-07-17 16:19:17.755,system,2025-07-17 16:19:17.755
"2025","4119000000",ADM002,"6",부천시,18164239.563717314,system,2025-07-17 16:19:17.755,system,2025-07-17 16:19:17.755
"2025","4119000000",ADM002,"7",부천시,13978790.554555289,system,2025-07-17 16:19:17.755,system,2025-07-17 16:19:17.755
"2025","4121000000",ADM002,"1",광명시,7751483.733211370,system,2025-07-17 16:19:17.755,system,2025-07-17 16:19:17.755
"2025","4121000000",ADM002,"2",광명시,3094322.386186081,system,2025-07-17 16:19:17.755,system,2025-07-17 16:19:17.755
"2025","4121000000",ADM002,"3",광명시,3679405.372984597,system,2025-07-17 16:19:17.755,system,2025-07-17 16:19:17.755
"2025","4121000000",ADM002,"4",광명시,4220295.456111277,system,2025-07-17 16:19:17.755,system,2025-07-17 16:19:17.755
"2025","4121000000",ADM002,"5",광명시,2716058.878833209,system,2025-07-17 16:19:17.755,system,2025-07-17 16:19:17.755
"2025","4121000000",ADM002,"6",광명시,5635712.709356071,system,2025-07-17 16:19:17.755,system,2025-07-17 16:19:17.755
"2025","4121000000",ADM002,"7",광명시,11444449.638704934,system,2025-07-17 16:19:17.755,system,2025-07-17 16:19:17.755
"2025","4122000000",ADM002,"1",평택시,46384281.006641455,system,2025-07-17 16:19:17.755,system,2025-07-17 16:19:17.755
"2025","4122000000",ADM002,"2",평택시,29278938.555000787,system,2025-07-17 16:19:17.755,system,2025-07-17 16:19:17.755
"2025","4122000000",ADM002,"3",평택시,141824083.612195685,system,2025-07-17 16:19:17.755,system,2025-07-17 16:19:17.755
"2025","4122000000",ADM002,"4",평택시,76688589.610890000,system,2025-07-17 16:19:17.755,system,2025-07-17 16:19:17.755
"2025","4122000000",ADM002,"5",평택시,20897353.154787502,system,2025-07-17 16:19:17.755,system,2025-07-17 16:19:17.755
"2025","4122000000",ADM002,"6",평택시,41393943.545636382,system,2025-07-17 16:19:17.755,system,2025-07-17 16:19:17.755
"2025","4122000000",ADM002,"7",평택시,122708838.314332236,system,2025-07-17 16:19:17.755,system,2025-07-17 16:19:17.755
"2025","4125000000",ADM002,"1",동두천시,41243744.717530331,system,2025-07-17 16:19:17.755,system,2025-07-17 16:19:17.755
"2025","4125000000",ADM002,"2",동두천시,16458095.762245461,system,2025-07-17 16:19:17.755,system,2025-07-17 16:19:17.755
"2025","4125000000",ADM002,"3",동두천시,4094657.744158275,system,2025-07-17 16:19:17.755,system,2025-07-17 16:19:17.755
"2025","4125000000",ADM002,"4",동두천시,11230084.475209951,system,2025-07-17 16:19:17.755,system,2025-07-17 16:19:17.755
"2025","4125000000",ADM002,"5",동두천시,4211461.381483180,system,2025-07-17 16:19:17.755,system,2025-07-17 16:19:17.755
"2025","4125000000",ADM002,"6",동두천시,4449071.481660199,system,2025-07-17 16:19:17.755,system,2025-07-17 16:19:17.755
"2025","4125000000",ADM002,"7",동두천시,14230754.266697251,system,2025-07-17 16:19:17.755,system,2025-07-17 16:19:17.755
"2025","4127000000",ADM002,"1",안산시,26808530.419568909,system,2025-07-17 16:19:17.755,system,2025-07-17 16:19:17.755
"2025","4127000000",ADM002,"2",안산시,18439358.544426275,system,2025-07-17 16:19:17.755,system,2025-07-17 16:19:17.755
"2025","4127000000",ADM002,"3",안산시,21916385.362422635,system,2025-07-17 16:19:17.755,system,2025-07-17 16:19:17.755
"2025","4127000000",ADM002,"4",안산시,18795192.236154287,system,2025-07-17 16:19:17.755,system,2025-07-17 16:19:17.755
"2025","4127000000",ADM002,"5",안산시,9896409.180770554,system,2025-07-17 16:19:17.755,system,2025-07-17 16:19:17.755
"2025","4127000000",ADM002,"6",안산시,29828301.143985557,system,2025-07-17 16:19:17.755,system,2025-07-17 16:19:17.755
"2025","4127000000",ADM002,"7",안산시,23806447.274402392,system,2025-07-17 16:19:17.755,system,2025-07-17 16:19:17.755
"2025","4128000000",ADM002,"1",고양시,64072768.608164630,system,2025-07-17 16:19:17.755,system,2025-07-17 16:19:17.755
"2025","4128000000",ADM002,"2",고양시,23896312.232144517,system,2025-07-17 16:19:17.755,system,2025-07-17 16:19:17.755
"2025","4128000000",ADM002,"3",고양시,35562566.497623617,system,2025-07-17 16:19:17.755,system,2025-07-17 16:19:17.755
"2025","4128000000",ADM002,"4",고양시,32494366.281242160,system,2025-07-17 16:19:17.755,system,2025-07-17 16:19:17.755
"2025","4128000000",ADM002,"5",고양시,19753163.663006924,system,2025-07-17 16:19:17.755,system,2025-07-17 16:19:17.755
"2025","4128000000",ADM002,"6",고양시,31179551.287927066,system,2025-07-17 16:19:17.755,system,2025-07-17 16:19:17.755
"2025","4128000000",ADM002,"7",고양시,59604845.265723320,system,2025-07-17 16:19:17.755,system,2025-07-17 16:19:17.755
"2025","4129000000",ADM002,"1",과천시,16300867.222962355,system,2025-07-17 16:19:17.755,system,2025-07-17 16:19:17.755
"2025","4129000000",ADM002,"2",과천시,4204306.473134335,system,2025-07-17 16:19:17.755,system,2025-07-17 16:19:17.755
"2025","4129000000",ADM002,"3",과천시,4747525.623443438,system,2025-07-17 16:19:17.755,system,2025-07-17 16:19:17.755
"2025","4129000000",ADM002,"4",과천시,1615139.726800821,system,2025-07-17 16:19:17.755,system,2025-07-17 16:19:17.755
"2025","4129000000",ADM002,"5",과천시,1987986.253180288,system,2025-07-17 16:19:17.755,system,2025-07-17 16:19:17.755
"2025","4129000000",ADM002,"6",과천시,2114893.592060727,system,2025-07-17 16:19:17.755,system,2025-07-17 16:19:17.755
"2025","4129000000",ADM002,"7",과천시,4878727.376757555,system,2025-07-17 16:19:17.755,system,2025-07-17 16:19:17.755
"2025","4131000000",ADM002,"1",구리시,8658632.513310455,system,2025-07-17 16:19:17.755,system,2025-07-17 16:19:17.755
"2025","4131000000",ADM002,"2",구리시,2973940.604821869,system,2025-07-17 16:19:17.755,system,2025-07-17 16:19:17.755
"2025","4131000000",ADM002,"3",구리시,3198081.380139231,system,2025-07-17 16:19:17.755,system,2025-07-17 16:19:17.755
"2025","4131000000",ADM002,"4",구리시,4336336.506252821,system,2025-07-17 16:19:17.755,system,2025-07-17 16:19:17.755
"2025","4131000000",ADM002,"5",구리시,1142759.156459663,system,2025-07-17 16:19:17.755,system,2025-07-17 16:19:17.755
"2025","4131000000",ADM002,"6",구리시,4787417.909724723,system,2025-07-17 16:19:17.755,system,2025-07-17 16:19:17.755
"2025","4131000000",ADM002,"7",구리시,8119992.466098664,system,2025-07-17 16:19:17.755,system,2025-07-17 16:19:17.755
"2025","4136000000",ADM002,"1",남양주시,182100079.929475555,system,2025-07-17 16:19:17.755,system,2025-07-17 16:19:17.755
"2025","4136000000",ADM002,"2",남양주시,96502241.890241732,system,2025-07-17 16:19:17.755,system,2025-07-17 16:19:17.755
"2025","4136000000",ADM002,"3",남양주시,28052384.424468456,system,2025-07-17 16:19:17.755,system,2025-07-17 16:19:17.755
"2025","4136000000",ADM002,"4",남양주시,47463504.722168947,system,2025-07-17 16:19:17.755,system,2025-07-17 16:19:17.755
"2025","4136000000",ADM002,"5",남양주시,21020464.382031154,system,2025-07-17 16:19:17.755,system,2025-07-17 16:19:17.755
"2025","4136000000",ADM002,"6",남양주시,24226397.440021700,system,2025-07-17 16:19:17.755,system,2025-07-17 16:19:17.755
"2025","4136000000",ADM002,"7",남양주시,60299194.989899898,system,2025-07-17 16:19:17.755,system,2025-07-17 16:19:17.755
"2025","4137000000",ADM002,"1",오산시,3098154.584305038,system,2025-07-17 16:19:17.755,system,2025-07-17 16:19:17.755
"2025","4137000000",ADM002,"2",오산시,5038386.086862644,system,2025-07-17 16:19:17.755,system,2025-07-17 16:19:17.755
"2025","4137000000",ADM002,"3",오산시,7016768.800266652,system,2025-07-17 16:19:17.835,system,2025-07-17 16:19:17.835
"2025","4137000000",ADM002,"4",오산시,4694552.738484037,system,2025-07-17 16:19:17.835,system,2025-07-17 16:19:17.835
"2025","4137000000",ADM002,"5",오산시,1751779.892197608,system,2025-07-17 16:19:17.835,system,2025-07-17 16:19:17.835
"2025","4137000000",ADM002,"6",오산시,8982103.197192422,system,2025-07-17 16:19:17.835,system,2025-07-17 16:19:17.835
"2025","4137000000",ADM002,"7",오산시,12081132.704694038,system,2025-07-17 16:19:17.835,system,2025-07-17 16:19:17.835
"2025","4139000000",ADM002,"1",시흥시,19370835.133678629,system,2025-07-17 16:19:17.835,system,2025-07-17 16:19:17.835
"2025","4139000000",ADM002,"2",시흥시,9525911.631306860,system,2025-07-17 16:19:17.835,system,2025-07-17 16:19:17.835
"2025","4139000000",ADM002,"3",시흥시,27657120.967950822,system,2025-07-17 16:19:17.835,system,2025-07-17 16:19:17.835
"2025","4139000000",ADM002,"4",시흥시,23454047.429666044,system,2025-07-17 16:19:17.835,system,2025-07-17 16:19:17.835
"2025","4139000000",ADM002,"5",시흥시,5755184.614500915,system,2025-07-17 16:19:17.835,system,2025-07-17 16:19:17.835
"2025","4139000000",ADM002,"6",시흥시,24239906.806978940,system,2025-07-17 16:19:17.835,system,2025-07-17 16:19:17.835
"2025","4139000000",ADM002,"7",시흥시,31110594.510875717,system,2025-07-17 16:19:17.835,system,2025-07-17 16:19:17.835
"2025","4141000000",ADM002,"1",군포시,9493170.178025787,system,2025-07-17 16:19:17.835,system,2025-07-17 16:19:17.835
"2025","4141000000",ADM002,"2",군포시,4822386.225873772,system,2025-07-17 16:19:17.835,system,2025-07-17 16:19:17.835
"2025","4141000000",ADM002,"3",군포시,4988479.880379947,system,2025-07-17 16:19:17.835,system,2025-07-17 16:19:17.835
"2025","4141000000",ADM002,"4",군포시,3112141.656280191,system,2025-07-17 16:19:17.835,system,2025-07-17 16:19:17.835
"2025","4141000000",ADM002,"5",군포시,1247924.678996217,system,2025-07-17 16:19:17.835,system,2025-07-17 16:19:17.835
"2025","4141000000",ADM002,"6",군포시,5837965.961052419,system,2025-07-17 16:19:17.835,system,2025-07-17 16:19:17.835
"2025","4141000000",ADM002,"7",군포시,6928185.948388265,system,2025-07-17 16:19:17.835,system,2025-07-17 16:19:17.835
"2025","4143000000",ADM002,"1",의왕시,19908220.955625591,system,2025-07-17 16:19:17.835,system,2025-07-17 16:19:17.835
"2025","4143000000",ADM002,"2",의왕시,7222511.524532819,system,2025-07-17 16:19:17.835,system,2025-07-17 16:19:17.835
"2025","4143000000",ADM002,"3",의왕시,5660951.113815103,system,2025-07-17 16:19:17.835,system,2025-07-17 16:19:17.835
"2025","4143000000",ADM002,"4",의왕시,5436679.667917738,system,2025-07-17 16:19:17.835,system,2025-07-17 16:19:17.835
"2025","4143000000",ADM002,"5",의왕시,2571954.599895626,system,2025-07-17 16:19:17.835,system,2025-07-17 16:19:17.835
"2025","4143000000",ADM002,"6",의왕시,4156902.071131739,system,2025-07-17 16:19:17.835,system,2025-07-17 16:19:17.835
"2025","4143000000",ADM002,"7",의왕시,8910542.020181915,system,2025-07-17 16:19:17.835,system,2025-07-17 16:19:17.835
"2025","4145000000",ADM002,"1",하남시,41496546.536611965,system,2025-07-17 16:19:17.835,system,2025-07-17 16:19:17.835
"2025","4145000000",ADM002,"2",하남시,7929350.575880764,system,2025-07-17 16:19:17.835,system,2025-07-17 16:19:17.835
"2025","4145000000",ADM002,"3",하남시,8275536.031392481,system,2025-07-17 16:19:17.835,system,2025-07-17 16:19:17.835
"2025","4145000000",ADM002,"4",하남시,8603902.414922290,system,2025-07-17 16:19:17.835,system,2025-07-17 16:19:17.835
"2025","4145000000",ADM002,"5",하남시,3853011.180282416,system,2025-07-17 16:19:17.835,system,2025-07-17 16:19:17.835
"2025","4145000000",ADM002,"6",하남시,9078886.720542978,system,2025-07-17 16:19:17.835,system,2025-07-17 16:19:17.835
"2025","4145000000",ADM002,"7",하남시,13462189.313086547,system,2025-07-17 16:19:17.835,system,2025-07-17 16:19:17.835
"2025","4146000000",ADM002,"1",용인시,168844503.212334519,system,2025-07-17 16:19:17.835,system,2025-07-17 16:19:17.835
"2025","4146000000",ADM002,"2",용인시,105869011.636192621,system,2025-07-17 16:19:17.835,system,2025-07-17 16:19:17.835
"2025","4146000000",ADM002,"3",용인시,96431234.556105547,system,2025-07-17 16:19:17.835,system,2025-07-17 16:19:17.835
"2025","4146000000",ADM002,"4",용인시,65570384.879746128,system,2025-07-17 16:19:17.835,system,2025-07-17 16:19:17.835
"2025","4146000000",ADM002,"5",용인시,29921126.880004232,system,2025-07-17 16:19:17.835,system,2025-07-17 16:19:17.835
"2025","4146000000",ADM002,"6",용인시,41554179.354090672,system,2025-07-17 16:19:17.835,system,2025-07-17 16:19:17.835
"2025","4146000000",ADM002,"7",용인시,83578493.204547937,system,2025-07-17 16:19:17.835,system,2025-07-17 16:19:17.835
"2025","4148000000",ADM002,"1",파주시,223412348.862936561,system,2025-07-17 16:19:17.835,system,2025-07-17 16:19:17.835
"2025","4148000000",ADM002,"2",파주시,98449063.307839470,system,2025-07-17 16:19:17.835,system,2025-07-17 16:19:17.835
"2025","4148000000",ADM002,"3",파주시,125971108.190708841,system,2025-07-17 16:19:17.835,system,2025-07-17 16:19:17.835
"2025","4148000000",ADM002,"4",파주시,78796392.512621713,system,2025-07-17 16:19:17.835,system,2025-07-17 16:19:17.835
"2025","4148000000",ADM002,"5",파주시,29596190.190560261,system,2025-07-17 16:19:17.835,system,2025-07-17 16:19:17.835
"2025","4148000000",ADM002,"6",파주시,28520494.606605226,system,2025-07-17 16:19:17.835,system,2025-07-17 16:19:17.835
"2025","4148000000",ADM002,"7",파주시,104454778.915695079,system,2025-07-17 16:19:17.835,system,2025-07-17 16:19:17.835
"2025","4150000000",ADM002,"1",이천시,76198335.001700260,system,2025-07-17 16:19:17.835,system,2025-07-17 16:19:17.835
"2025","4150000000",ADM002,"2",이천시,54161341.127478028,system,2025-07-17 16:19:17.835,system,2025-07-17 16:19:17.835
"2025","4150000000",ADM002,"3",이천시,117939963.943213683,system,2025-07-17 16:19:17.835,system,2025-07-17 16:19:17.835
"2025","4150000000",ADM002,"4",이천시,89788759.470424294,system,2025-07-17 16:19:17.835,system,2025-07-17 16:19:17.835
"2025","4150000000",ADM002,"5",이천시,36989748.201353516,system,2025-07-17 16:19:17.835,system,2025-07-17 16:19:17.835
"2025","4150000000",ADM002,"6",이천시,19772319.582953596,system,2025-07-17 16:19:17.835,system,2025-07-17 16:19:17.835
"2025","4150000000",ADM002,"7",이천시,67058741.706938556,system,2025-07-17 16:19:17.835,system,2025-07-17 16:19:17.835
"2025","4155000000",ADM002,"1",안성시,130941727.173158314,system,2025-07-17 16:19:17.835,system,2025-07-17 16:19:17.835
"2025","4155000000",ADM002,"2",안성시,95437802.697311818,system,2025-07-17 16:19:17.835,system,2025-07-17 16:19:17.835
"2025","4155000000",ADM002,"3",안성시,120454188.257994532,system,2025-07-17 16:19:17.835,system,2025-07-17 16:19:17.835
"2025","4155000000",ADM002,"4",안성시,88205968.132475429,system,2025-07-17 16:19:17.835,system,2025-07-17 16:19:17.835
"2025","4155000000",ADM002,"5",안성시,30587450.768699096,system,2025-07-17 16:19:17.835,system,2025-07-17 16:19:17.835
"2025","4155000000",ADM002,"6",안성시,21070584.671551404,system,2025-07-17 16:19:17.835,system,2025-07-17 16:19:17.835
"2025","4155000000",ADM002,"7",안성시,66647714.420896788,system,2025-07-17 16:19:17.835,system,2025-07-17 16:19:17.835
"2025","4157000000",ADM002,"1",김포시,69576758.393202484,system,2025-07-17 16:19:17.835,system,2025-07-17 16:19:17.835
"2025","4157000000",ADM002,"2",김포시,19012189.869259328,system,2025-07-17 16:19:17.835,system,2025-07-17 16:19:17.835
"2025","4157000000",ADM002,"3",김포시,63616265.039401361,system,2025-07-17 16:19:17.835,system,2025-07-17 16:19:17.835
"2025","4157000000",ADM002,"4",김포시,31318841.307612699,system,2025-07-17 16:19:17.835,system,2025-07-17 16:19:17.835
"2025","4157000000",ADM002,"5",김포시,14565986.503953839,system,2025-07-17 16:19:17.835,system,2025-07-17 16:19:17.835
"2025","4157000000",ADM002,"6",김포시,18780938.977431154,system,2025-07-17 16:19:17.835,system,2025-07-17 16:19:17.835
"2025","4157000000",ADM002,"7",김포시,60914677.631608855,system,2025-07-17 16:19:17.835,system,2025-07-17 16:19:17.835
"2025","4159000000",ADM002,"1",화성시,90557476.943824653,system,2025-07-17 16:19:17.835,system,2025-07-17 16:19:17.835
"2025","4159000000",ADM002,"2",화성시,66162733.869558548,system,2025-07-17 16:19:17.835,system,2025-07-17 16:19:17.835
"2025","4159000000",ADM002,"3",화성시,182062346.444059881,system,2025-07-17 16:19:17.835,system,2025-07-17 16:19:17.835
"2025","4159000000",ADM002,"4",화성시,108427350.645392937,system,2025-07-17 16:19:17.835,system,2025-07-17 16:19:17.835
"2025","4159000000",ADM002,"5",화성시,48032800.179008990,system,2025-07-17 16:19:17.835,system,2025-07-17 16:19:17.835
"2025","4159000000",ADM002,"6",화성시,45437819.959876477,system,2025-07-17 16:19:17.835,system,2025-07-17 16:19:17.835
"2025","4159000000",ADM002,"7",화성시,152244234.533958989,system,2025-07-17 16:19:17.835,system,2025-07-17 16:19:17.835
"2025","4161000000",ADM002,"1",광주시,197109001.881566713,system,2025-07-17 16:19:17.835,system,2025-07-17 16:19:17.835
"2025","4161000000",ADM002,"2",광주시,75715160.524086622,system,2025-07-17 16:19:17.835,system,2025-07-17 16:19:17.835
"2025","4161000000",ADM002,"3",광주시,28685186.350461787,system,2025-07-17 16:19:17.835,system,2025-07-17 16:19:17.835
"2025","4161000000",ADM002,"4",광주시,41780665.234932674,system,2025-07-17 16:19:17.835,system,2025-07-17 16:19:17.835
"2025","4161000000",ADM002,"5",광주시,15111408.746979440,system,2025-07-17 16:19:17.835,system,2025-07-17 16:19:17.835
"2025","4161000000",ADM002,"6",광주시,19581209.379347434,system,2025-07-17 16:19:17.835,system,2025-07-17 16:19:17.835
"2025","4161000000",ADM002,"7",광주시,52013373.653542452,system,2025-07-17 16:19:17.835,system,2025-07-17 16:19:17.835
"2025","4163000000",ADM002,"1",양주시,96655950.418939858,system,2025-07-17 16:19:17.835,system,2025-07-17 16:19:17.835
"2025","4163000000",ADM002,"2",양주시,54095320.526921590,system,2025-07-17 16:19:17.835,system,2025-07-17 16:19:17.835
"2025","4163000000",ADM002,"3",양주시,28552534.219371984,system,2025-07-17 16:19:17.835,system,2025-07-17 16:19:17.835
"2025","4163000000",ADM002,"4",양주시,37991262.915739314,system,2025-07-17 16:19:17.835,system,2025-07-17 16:19:17.835
"2025","4163000000",ADM002,"5",양주시,17851479.691819005,system,2025-07-17 16:19:17.835,system,2025-07-17 16:19:17.835
"2025","4163000000",ADM002,"6",양주시,14485061.568226891,system,2025-07-17 16:19:17.835,system,2025-07-17 16:19:17.835
"2025","4163000000",ADM002,"7",양주시,60860423.611413693,system,2025-07-17 16:19:17.835,system,2025-07-17 16:19:17.835
"2025","4165000000",ADM002,"1",포천시,366373456.567997240,system,2025-07-17 16:19:17.835,system,2025-07-17 16:19:17.835
"2025","4165000000",ADM002,"2",포천시,158298823.919432198,system,2025-07-17 16:19:17.835,system,2025-07-17 16:19:17.835
"2025","4165000000",ADM002,"3",포천시,81247487.039960281,system,2025-07-17 16:19:17.835,system,2025-07-17 16:19:17.835
"2025","4165000000",ADM002,"4",포천시,75671923.876136537,system,2025-07-17 16:19:17.835,system,2025-07-17 16:19:17.835
"2025","4165000000",ADM002,"5",포천시,40695350.823139800,system,2025-07-17 16:19:17.835,system,2025-07-17 16:19:17.835
"2025","4165000000",ADM002,"6",포천시,16878443.641010486,system,2025-07-17 16:19:17.835,system,2025-07-17 16:19:17.835
"2025","4165000000",ADM002,"7",포천시,86652562.684692347,system,2025-07-17 16:19:17.835,system,2025-07-17 16:19:17.835
"2025","4167000000",ADM002,"1",여주시,174367713.302283466,system,2025-07-17 16:19:17.835,system,2025-07-17 16:19:17.835
"2025","4167000000",ADM002,"2",여주시,106357932.933984065,system,2025-07-17 16:19:17.835,system,2025-07-17 16:19:17.835
"2025","4167000000",ADM002,"3",여주시,133540118.265146358,system,2025-07-17 16:19:17.835,system,2025-07-17 16:19:17.835
"2025","4167000000",ADM002,"4",여주시,96520197.055050142,system,2025-07-17 16:19:17.835,system,2025-07-17 16:19:17.835
"2025","4167000000",ADM002,"5",여주시,35029254.754445658,system,2025-07-17 16:19:17.913,system,2025-07-17 16:19:17.913
"2025","4167000000",ADM002,"6",여주시,13241671.136252068,system,2025-07-17 16:19:17.913,system,2025-07-17 16:19:17.913
"2025","4167000000",ADM002,"7",여주시,48323714.692593421,system,2025-07-17 16:19:17.913,system,2025-07-17 16:19:17.913
"2025","4180000000",ADM002,"1",연천군,314792448.683439400,system,2025-07-17 16:19:17.913,system,2025-07-17 16:19:17.913
"2025","4180000000",ADM002,"2",연천군,71033403.417408650,system,2025-07-17 16:19:17.913,system,2025-07-17 16:19:17.913
"2025","4180000000",ADM002,"3",연천군,73131377.837272710,system,2025-07-17 16:19:17.913,system,2025-07-17 16:19:17.913
"2025","4180000000",ADM002,"4",연천군,98890244.571106970,system,2025-07-17 16:19:17.913,system,2025-07-17 16:19:17.913
"2025","4180000000",ADM002,"5",연천군,56614994.764684050,system,2025-07-17 16:19:17.913,system,2025-07-17 16:19:17.913
"2025","4180000000",ADM002,"6",연천군,7877240.545448581,system,2025-07-17 16:19:17.913,system,2025-07-17 16:19:17.913
"2025","4180000000",ADM002,"7",연천군,43959560.120440930,system,2025-07-17 16:19:17.913,system,2025-07-17 16:19:17.913
"2025","4182000000",ADM002,"1",가평군,474616156.126863000,system,2025-07-17 16:19:17.913,system,2025-07-17 16:19:17.913
"2025","4182000000",ADM002,"2",가평군,195308318.072548900,system,2025-07-17 16:19:17.913,system,2025-07-17 16:19:17.913
"2025","4182000000",ADM002,"3",가평군,51553225.245951970,system,2025-07-17 16:19:17.913,system,2025-07-17 16:19:17.913
"2025","4182000000",ADM002,"4",가평군,52797114.375259270,system,2025-07-17 16:19:17.913,system,2025-07-17 16:19:17.913
"2025","4182000000",ADM002,"5",가평군,19876155.114466540,system,2025-07-17 16:19:17.913,system,2025-07-17 16:19:17.913
"2025","4182000000",ADM002,"6",가평군,13383578.527745940,system,2025-07-17 16:19:17.913,system,2025-07-17 16:19:17.913
"2025","4182000000",ADM002,"7",가평군,33240332.315284220,system,2025-07-17 16:19:17.913,system,2025-07-17 16:19:17.913
"2025","4183000000",ADM002,"1",양평군,407935451.827546250,system,2025-07-17 16:19:17.913,system,2025-07-17 16:19:17.913
"2025","4183000000",ADM002,"2",양평군,192699595.380857650,system,2025-07-17 16:19:17.913,system,2025-07-17 16:19:17.913
"2025","4183000000",ADM002,"3",양평군,85666664.791083170,system,2025-07-17 16:19:17.913,system,2025-07-17 16:19:17.913
"2025","4183000000",ADM002,"4",양평군,91024382.905053350,system,2025-07-17 16:19:17.913,system,2025-07-17 16:19:17.913
"2025","4183000000",ADM002,"5",양평군,38189684.782009180,system,2025-07-17 16:19:17.913,system,2025-07-17 16:19:17.913
"2025","4183000000",ADM002,"6",양평군,13194260.079589361,system,2025-07-17 16:19:17.913,system,2025-07-17 16:19:17.913
"2025","4183000000",ADM002,"7",양평군,48135752.160737450,system,2025-07-17 16:19:17.913,system,2025-07-17 16:19:17.913
"2025","4111100000",ADM003,"1",장안구,10178197.916094453,system,2025-07-17 16:19:17.913,system,2025-07-17 16:19:17.913
"2025","4111100000",ADM003,"2",장안구,4492460.736180159,system,2025-07-17 16:19:17.913,system,2025-07-17 16:19:17.913
"2025","4111100000",ADM003,"3",장안구,3551597.218012749,system,2025-07-17 16:19:17.913,system,2025-07-17 16:19:17.913
"2025","4111100000",ADM003,"4",장안구,2135004.683340397,system,2025-07-17 16:19:17.913,system,2025-07-17 16:19:17.913
"2025","4111100000",ADM003,"5",장안구,1027496.510423682,system,2025-07-17 16:19:17.913,system,2025-07-17 16:19:17.913
"2025","4111100000",ADM003,"6",장안구,7016002.268747750,system,2025-07-17 16:19:17.913,system,2025-07-17 16:19:17.913
"2025","4111100000",ADM003,"7",장안구,4948825.185843370,system,2025-07-17 16:19:17.913,system,2025-07-17 16:19:17.913
"2025","4111300000",ADM003,"1",권선구,1925428.393575675,system,2025-07-17 16:19:17.913,system,2025-07-17 16:19:17.913
"2025","4111300000",ADM003,"2",권선구,2304274.509508477,system,2025-07-17 16:19:17.913,system,2025-07-17 16:19:17.913
"2025","4111300000",ADM003,"3",권선구,10675075.688348196,system,2025-07-17 16:19:17.913,system,2025-07-17 16:19:17.913
"2025","4111300000",ADM003,"4",권선구,4708674.789628717,system,2025-07-17 16:19:17.913,system,2025-07-17 16:19:17.913
"2025","4111300000",ADM003,"5",권선구,1465152.608286250,system,2025-07-17 16:19:17.913,system,2025-07-17 16:19:17.913
"2025","4111300000",ADM003,"6",권선구,11263662.824479639,system,2025-07-17 16:19:17.913,system,2025-07-17 16:19:17.913
"2025","4111300000",ADM003,"7",권선구,14811249.302813006,system,2025-07-17 16:19:17.913,system,2025-07-17 16:19:17.913
"2025","4111500000",ADM003,"1",팔달구,525634.566099026,system,2025-07-17 16:19:17.913,system,2025-07-17 16:19:17.913
"2025","4111500000",ADM003,"2",팔달구,240853.522397568,system,2025-07-17 16:19:17.913,system,2025-07-17 16:19:17.913
"2025","4111500000",ADM003,"3",팔달구,1928120.941684383,system,2025-07-17 16:19:17.913,system,2025-07-17 16:19:17.913
"2025","4111500000",ADM003,"4",팔달구,154615.554365160,system,2025-07-17 16:19:17.913,system,2025-07-17 16:19:17.913
"2025","4111500000",ADM003,"5",팔달구,335293.347435060,system,2025-07-17 16:19:17.913,system,2025-07-17 16:19:17.913
"2025","4111500000",ADM003,"6",팔달구,6289007.842863684,system,2025-07-17 16:19:17.913,system,2025-07-17 16:19:17.913
"2025","4111500000",ADM003,"7",팔달구,3390275.281539065,system,2025-07-17 16:19:17.913,system,2025-07-17 16:19:17.913
"2025","4111700000",ADM003,"1",영통구,2192774.029184204,system,2025-07-17 16:19:17.913,system,2025-07-17 16:19:17.913
"2025","4111700000",ADM003,"2",영통구,2570199.965138543,system,2025-07-17 16:19:17.913,system,2025-07-17 16:19:17.913
"2025","4111700000",ADM003,"3",영통구,5521907.791877554,system,2025-07-17 16:19:17.913,system,2025-07-17 16:19:17.913
"2025","4111700000",ADM003,"4",영통구,534871.954749469,system,2025-07-17 16:19:17.913,system,2025-07-17 16:19:17.913
"2025","4111700000",ADM003,"5",영통구,1002919.749647079,system,2025-07-17 16:19:17.913,system,2025-07-17 16:19:17.913
"2025","4111700000",ADM003,"6",영통구,8496303.067581615,system,2025-07-17 16:19:17.913,system,2025-07-17 16:19:17.913
"2025","4111700000",ADM003,"7",영통구,7379254.939092623,system,2025-07-17 16:19:17.913,system,2025-07-17 16:19:17.913
"2025","4113100000",ADM003,"1",수정구,14134672.996643984,system,2025-07-17 16:19:17.913,system,2025-07-17 16:19:17.913
"2025","4113100000",ADM003,"2",수정구,5181212.557144543,system,2025-07-17 16:19:17.913,system,2025-07-17 16:19:17.913
"2025","4113100000",ADM003,"3",수정구,3263334.631811886,system,2025-07-17 16:19:17.913,system,2025-07-17 16:19:17.913
"2025","4113100000",ADM003,"4",수정구,2941709.937585425,system,2025-07-17 16:19:17.913,system,2025-07-17 16:19:17.913
"2025","4113100000",ADM003,"5",수정구,1736431.583759917,system,2025-07-17 16:19:17.913,system,2025-07-17 16:19:17.913
"2025","4113100000",ADM003,"6",수정구,5546656.797506325,system,2025-07-17 16:19:17.913,system,2025-07-17 16:19:17.913
"2025","4113100000",ADM003,"7",수정구,12546558.343688680,system,2025-07-17 16:19:17.913,system,2025-07-17 16:19:17.913
"2025","4113300000",ADM003,"1",중원구,10688334.828483845,system,2025-07-17 16:19:17.913,system,2025-07-17 16:19:17.913
"2025","4113300000",ADM003,"2",중원구,2230276.704639393,system,2025-07-17 16:19:17.913,system,2025-07-17 16:19:17.913
"2025","4113300000",ADM003,"3",중원구,2049854.802598389,system,2025-07-17 16:19:17.913,system,2025-07-17 16:19:17.913
"2025","4113300000",ADM003,"4",중원구,1465462.542965676,system,2025-07-17 16:19:17.913,system,2025-07-17 16:19:17.913
"2025","4113300000",ADM003,"5",중원구,797586.479516702,system,2025-07-17 16:19:17.913,system,2025-07-17 16:19:17.913
"2025","4113300000",ADM003,"6",중원구,5302583.841598180,system,2025-07-17 16:19:17.913,system,2025-07-17 16:19:17.913
"2025","4113300000",ADM003,"7",중원구,3865838.796611017,system,2025-07-17 16:19:17.913,system,2025-07-17 16:19:17.913
"2025","4113500000",ADM003,"1",분당구,21818155.731195486,system,2025-07-17 16:19:17.913,system,2025-07-17 16:19:17.913
"2025","4113500000",ADM003,"2",분당구,7556746.499512180,system,2025-07-17 16:19:17.913,system,2025-07-17 16:19:17.913
"2025","4113500000",ADM003,"3",분당구,8577508.535656711,system,2025-07-17 16:19:17.913,system,2025-07-17 16:19:17.913
"2025","4113500000",ADM003,"4",분당구,5080479.986339002,system,2025-07-17 16:19:17.913,system,2025-07-17 16:19:17.913
"2025","4113500000",ADM003,"5",분당구,2015767.974293115,system,2025-07-17 16:19:17.913,system,2025-07-17 16:19:17.913
"2025","4113500000",ADM003,"6",분당구,12599202.056030717,system,2025-07-17 16:19:17.913,system,2025-07-17 16:19:17.913
"2025","4113500000",ADM003,"7",분당구,12053745.994902226,system,2025-07-17 16:19:17.913,system,2025-07-17 16:19:17.913
"2025","4115000000",ADM003,"1","",30391669.983893612,system,2025-07-17 16:19:17.913,system,2025-07-17 16:19:17.913
"2025","4115000000",ADM003,"2","",13408547.545186909,system,2025-07-17 16:19:17.913,system,2025-07-17 16:19:17.913
"2025","4115000000",ADM003,"3","",5866145.942782847,system,2025-07-17 16:19:17.913,system,2025-07-17 16:19:17.913
"2025","4115000000",ADM003,"4","",5175920.760101105,system,2025-07-17 16:19:17.913,system,2025-07-17 16:19:17.913
"2025","4115000000",ADM003,"5","",2383314.460131782,system,2025-07-17 16:19:17.913,system,2025-07-17 16:19:17.913
"2025","4115000000",ADM003,"6","",11312170.133484512,system,2025-07-17 16:19:17.913,system,2025-07-17 16:19:17.913
"2025","4115000000",ADM003,"7","",13286595.006153884,system,2025-07-17 16:19:17.913,system,2025-07-17 16:19:17.913
"2025","4117100000",ADM003,"1",만안구,14078202.296399007,system,2025-07-17 16:19:17.913,system,2025-07-17 16:19:17.913
"2025","4117100000",ADM003,"2",만안구,3738620.106406684,system,2025-07-17 16:19:17.913,system,2025-07-17 16:19:17.913
"2025","4117100000",ADM003,"3",만안구,1492050.208525675,system,2025-07-17 16:19:17.913,system,2025-07-17 16:19:17.913
"2025","4117100000",ADM003,"4",만안구,1048906.061222346,system,2025-07-17 16:19:17.913,system,2025-07-17 16:19:17.913
"2025","4117100000",ADM003,"5",만안구,912617.277395492,system,2025-07-17 16:19:17.913,system,2025-07-17 16:19:17.913
"2025","4117100000",ADM003,"6",만안구,5278111.393670067,system,2025-07-17 16:19:17.913,system,2025-07-17 16:19:17.913
"2025","4117100000",ADM003,"7",만안구,10054574.795633420,system,2025-07-17 16:19:17.913,system,2025-07-17 16:19:17.913
"2025","4117300000",ADM003,"1",동안구,5339137.928418784,system,2025-07-17 16:19:17.913,system,2025-07-17 16:19:17.913
"2025","4117300000",ADM003,"2",동안구,931362.578005650,system,2025-07-17 16:19:17.913,system,2025-07-17 16:19:17.913
"2025","4117300000",ADM003,"3",동안구,2096547.673925160,system,2025-07-17 16:19:17.913,system,2025-07-17 16:19:17.913
"2025","4117300000",ADM003,"4",동안구,612397.450957304,system,2025-07-17 16:19:17.913,system,2025-07-17 16:19:17.913
"2025","4117300000",ADM003,"5",동안구,561032.759987354,system,2025-07-17 16:19:17.913,system,2025-07-17 16:19:17.913
"2025","4117300000",ADM003,"6",동안구,6422324.891058312,system,2025-07-17 16:19:17.913,system,2025-07-17 16:19:17.913
"2025","4117300000",ADM003,"7",동안구,5972199.634113337,system,2025-07-17 16:19:17.913,system,2025-07-17 16:19:17.913
"2025","4119200000",ADM003,"1",원미구,1473879.750967517,system,2025-07-17 16:19:17.913,system,2025-07-17 16:19:17.913
"2025","4119200000",ADM003,"2",원미구,921595.534473228,system,2025-07-17 16:19:17.913,system,2025-07-17 16:19:17.913
"2025","4119200000",ADM003,"3",원미구,2958459.855063643,system,2025-07-17 16:19:17.913,system,2025-07-17 16:19:17.913
"2025","4119200000",ADM003,"4",원미구,832541.349837417,system,2025-07-17 16:19:17.913,system,2025-07-17 16:19:17.913
"2025","4119200000",ADM003,"5",원미구,524511.158450469,system,2025-07-17 16:19:17.913,system,2025-07-17 16:19:17.913
"2025","4119200000",ADM003,"6",원미구,8578334.024995151,system,2025-07-17 16:19:17.913,system,2025-07-17 16:19:17.913
"2025","4119200000",ADM003,"7",원미구,5334538.586241256,system,2025-07-17 16:19:17.990,system,2025-07-17 16:19:17.990
"2025","4119400000",ADM003,"1",소사구,1372651.504140958,system,2025-07-17 16:19:17.990,system,2025-07-17 16:19:17.990
"2025","4119400000",ADM003,"2",소사구,1205019.128029436,system,2025-07-17 16:19:17.990,system,2025-07-17 16:19:17.990
"2025","4119400000",ADM003,"3",소사구,1605143.921399821,system,2025-07-17 16:19:17.990,system,2025-07-17 16:19:17.990
"2025","4119400000",ADM003,"4",소사구,752196.803632961,system,2025-07-17 16:19:17.990,system,2025-07-17 16:19:17.990
"2025","4119400000",ADM003,"5",소사구,413262.778966615,system,2025-07-17 16:19:17.990,system,2025-07-17 16:19:17.990
"2025","4119400000",ADM003,"6",소사구,4742367.987921194,system,2025-07-17 16:19:17.990,system,2025-07-17 16:19:17.990
"2025","4119400000",ADM003,"7",소사구,2781008.489128080,system,2025-07-17 16:19:17.990,system,2025-07-17 16:19:17.990
"2025","4119600000",ADM003,"1",오정구,1082517.630654687,system,2025-07-17 16:19:17.990,system,2025-07-17 16:19:17.990
"2025","4119600000",ADM003,"2",오정구,1064197.293466679,system,2025-07-17 16:19:17.990,system,2025-07-17 16:19:17.990
"2025","4119600000",ADM003,"3",오정구,4745399.102185414,system,2025-07-17 16:19:17.990,system,2025-07-17 16:19:17.990
"2025","4119600000",ADM003,"4",오정구,1729711.891647486,system,2025-07-17 16:19:17.990,system,2025-07-17 16:19:17.990
"2025","4119600000",ADM003,"5",오정구,767322.668093294,system,2025-07-17 16:19:17.990,system,2025-07-17 16:19:17.990
"2025","4119600000",ADM003,"6",오정구,4843537.550800969,system,2025-07-17 16:19:17.990,system,2025-07-17 16:19:17.990
"2025","4119600000",ADM003,"7",오정구,5863243.479185953,system,2025-07-17 16:19:17.990,system,2025-07-17 16:19:17.990
"2025","4121000000",ADM003,"1","",7751483.733211370,system,2025-07-17 16:19:17.990,system,2025-07-17 16:19:17.990
"2025","4121000000",ADM003,"2","",3094322.386186081,system,2025-07-17 16:19:17.990,system,2025-07-17 16:19:17.990
"2025","4121000000",ADM003,"3","",3679405.372984597,system,2025-07-17 16:19:17.990,system,2025-07-17 16:19:17.990
"2025","4121000000",ADM003,"4","",4220295.456111277,system,2025-07-17 16:19:17.990,system,2025-07-17 16:19:17.990
"2025","4121000000",ADM003,"5","",2716058.878833209,system,2025-07-17 16:19:17.990,system,2025-07-17 16:19:17.990
"2025","4121000000",ADM003,"6","",5635712.709356071,system,2025-07-17 16:19:17.990,system,2025-07-17 16:19:17.990
"2025","4121000000",ADM003,"7","",11444449.638704934,system,2025-07-17 16:19:17.990,system,2025-07-17 16:19:17.990
"2025","4122000000",ADM003,"1","",46384281.006641455,system,2025-07-17 16:19:17.990,system,2025-07-17 16:19:17.990
"2025","4122000000",ADM003,"2","",29278938.555000787,system,2025-07-17 16:19:17.990,system,2025-07-17 16:19:17.990
"2025","4122000000",ADM003,"3","",141824083.612195685,system,2025-07-17 16:19:17.990,system,2025-07-17 16:19:17.990
"2025","4122000000",ADM003,"4","",76688589.610890000,system,2025-07-17 16:19:17.990,system,2025-07-17 16:19:17.990
"2025","4122000000",ADM003,"5","",20897353.154787502,system,2025-07-17 16:19:17.990,system,2025-07-17 16:19:17.990
"2025","4122000000",ADM003,"6","",41393943.545636382,system,2025-07-17 16:19:17.990,system,2025-07-17 16:19:17.990
"2025","4122000000",ADM003,"7","",122708838.314332236,system,2025-07-17 16:19:17.990,system,2025-07-17 16:19:17.990
"2025","4125000000",ADM003,"1","",41243744.717530331,system,2025-07-17 16:19:17.990,system,2025-07-17 16:19:17.990
"2025","4125000000",ADM003,"2","",16458095.762245461,system,2025-07-17 16:19:17.990,system,2025-07-17 16:19:17.990
"2025","4125000000",ADM003,"3","",4094657.744158275,system,2025-07-17 16:19:17.990,system,2025-07-17 16:19:17.990
"2025","4125000000",ADM003,"4","",11230084.475209951,system,2025-07-17 16:19:17.990,system,2025-07-17 16:19:17.990
"2025","4125000000",ADM003,"5","",4211461.381483180,system,2025-07-17 16:19:17.990,system,2025-07-17 16:19:17.990
"2025","4125000000",ADM003,"6","",4449071.481660199,system,2025-07-17 16:19:17.990,system,2025-07-17 16:19:17.990
"2025","4125000000",ADM003,"7","",14230754.266697251,system,2025-07-17 16:19:17.990,system,2025-07-17 16:19:17.990
"2025","4127100000",ADM003,"1",상록구,10807494.945845234,system,2025-07-17 16:19:17.990,system,2025-07-17 16:19:17.990
"2025","4127100000",ADM003,"2",상록구,8707160.776531450,system,2025-07-17 16:19:17.990,system,2025-07-17 16:19:17.990
"2025","4127100000",ADM003,"3",상록구,9378431.681443415,system,2025-07-17 16:19:17.990,system,2025-07-17 16:19:17.990
"2025","4127100000",ADM003,"4",상록구,6943817.032781554,system,2025-07-17 16:19:17.990,system,2025-07-17 16:19:17.990
"2025","4127100000",ADM003,"5",상록구,2847539.805025811,system,2025-07-17 16:19:17.990,system,2025-07-17 16:19:17.990
"2025","4127100000",ADM003,"6",상록구,8992735.157257209,system,2025-07-17 16:19:17.990,system,2025-07-17 16:19:17.990
"2025","4127100000",ADM003,"7",상록구,10271340.135163324,system,2025-07-17 16:19:17.990,system,2025-07-17 16:19:17.990
"2025","4127300000",ADM003,"1",단원구,16001035.473723675,system,2025-07-17 16:19:17.990,system,2025-07-17 16:19:17.990
"2025","4127300000",ADM003,"2",단원구,9732197.767894825,system,2025-07-17 16:19:17.990,system,2025-07-17 16:19:17.990
"2025","4127300000",ADM003,"3",단원구,12537953.680979220,system,2025-07-17 16:19:17.990,system,2025-07-17 16:19:17.990
"2025","4127300000",ADM003,"4",단원구,11851375.203372733,system,2025-07-17 16:19:17.990,system,2025-07-17 16:19:17.990
"2025","4127300000",ADM003,"5",단원구,7048869.375744743,system,2025-07-17 16:19:17.990,system,2025-07-17 16:19:17.990
"2025","4127300000",ADM003,"6",단원구,20835565.986728348,system,2025-07-17 16:19:17.990,system,2025-07-17 16:19:17.990
"2025","4127300000",ADM003,"7",단원구,13535107.139239068,system,2025-07-17 16:19:17.990,system,2025-07-17 16:19:17.990
"2025","4128100000",ADM003,"1",덕양구,53703135.809739751,system,2025-07-17 16:19:17.990,system,2025-07-17 16:19:17.990
"2025","4128100000",ADM003,"2",덕양구,16183924.994896450,system,2025-07-17 16:19:17.990,system,2025-07-17 16:19:17.990
"2025","4128100000",ADM003,"3",덕양구,18198742.987323076,system,2025-07-17 16:19:17.990,system,2025-07-17 16:19:17.990
"2025","4128100000",ADM003,"4",덕양구,20579598.226896508,system,2025-07-17 16:19:17.990,system,2025-07-17 16:19:17.990
"2025","4128100000",ADM003,"5",덕양구,11975539.850755976,system,2025-07-17 16:19:17.990,system,2025-07-17 16:19:17.990
"2025","4128100000",ADM003,"6",덕양구,14309917.770999965,system,2025-07-17 16:19:17.990,system,2025-07-17 16:19:17.990
"2025","4128100000",ADM003,"7",덕양구,30325882.859077723,system,2025-07-17 16:19:17.990,system,2025-07-17 16:19:17.990
"2025","4128500000",ADM003,"1",일산동구,5991827.243903886,system,2025-07-17 16:19:17.990,system,2025-07-17 16:19:17.990
"2025","4128500000",ADM003,"2",일산동구,5425757.411084613,system,2025-07-17 16:19:17.990,system,2025-07-17 16:19:17.990
"2025","4128500000",ADM003,"3",일산동구,7257054.086732825,system,2025-07-17 16:19:17.990,system,2025-07-17 16:19:17.990
"2025","4128500000",ADM003,"4",일산동구,7383110.993170675,system,2025-07-17 16:19:17.990,system,2025-07-17 16:19:17.990
"2025","4128500000",ADM003,"5",일산동구,4642499.926048701,system,2025-07-17 16:19:17.990,system,2025-07-17 16:19:17.990
"2025","4128500000",ADM003,"6",일산동구,9711341.740448180,system,2025-07-17 16:19:17.990,system,2025-07-17 16:19:17.990
"2025","4128500000",ADM003,"7",일산동구,19553080.074180552,system,2025-07-17 16:19:17.990,system,2025-07-17 16:19:17.990
"2025","4128700000",ADM003,"1",일산서구,4377805.554520993,system,2025-07-17 16:19:17.990,system,2025-07-17 16:19:17.990
"2025","4128700000",ADM003,"2",일산서구,2286629.826163454,system,2025-07-17 16:19:17.990,system,2025-07-17 16:19:17.990
"2025","4128700000",ADM003,"3",일산서구,10106769.423567716,system,2025-07-17 16:19:17.990,system,2025-07-17 16:19:17.990
"2025","4128700000",ADM003,"4",일산서구,4531657.061174977,system,2025-07-17 16:19:17.990,system,2025-07-17 16:19:17.990
"2025","4128700000",ADM003,"5",일산서구,3135123.886202247,system,2025-07-17 16:19:17.990,system,2025-07-17 16:19:17.990
"2025","4128700000",ADM003,"6",일산서구,7158291.776478921,system,2025-07-17 16:19:17.990,system,2025-07-17 16:19:17.990
"2025","4128700000",ADM003,"7",일산서구,9725882.332465045,system,2025-07-17 16:19:17.990,system,2025-07-17 16:19:17.990
"2025","4129000000",ADM003,"1","",16300867.222962355,system,2025-07-17 16:19:17.990,system,2025-07-17 16:19:17.990
"2025","4129000000",ADM003,"2","",4204306.473134335,system,2025-07-17 16:19:17.990,system,2025-07-17 16:19:17.990
"2025","4129000000",ADM003,"3","",4747525.623443438,system,2025-07-17 16:19:17.990,system,2025-07-17 16:19:17.990
"2025","4129000000",ADM003,"4","",1615139.726800821,system,2025-07-17 16:19:17.990,system,2025-07-17 16:19:17.990
"2025","4129000000",ADM003,"5","",1987986.253180288,system,2025-07-17 16:19:17.990,system,2025-07-17 16:19:17.990
"2025","4129000000",ADM003,"6","",2114893.592060727,system,2025-07-17 16:19:17.990,system,2025-07-17 16:19:17.990
"2025","4129000000",ADM003,"7","",4878727.376757555,system,2025-07-17 16:19:17.990,system,2025-07-17 16:19:17.990
"2025","4131000000",ADM003,"1","",8658632.513310455,system,2025-07-17 16:19:17.990,system,2025-07-17 16:19:17.990
"2025","4131000000",ADM003,"2","",2973940.604821869,system,2025-07-17 16:19:17.990,system,2025-07-17 16:19:17.990
"2025","4131000000",ADM003,"3","",3198081.380139231,system,2025-07-17 16:19:17.990,system,2025-07-17 16:19:17.990
"2025","4131000000",ADM003,"4","",4336336.506252821,system,2025-07-17 16:19:17.990,system,2025-07-17 16:19:17.990
"2025","4131000000",ADM003,"5","",1142759.156459663,system,2025-07-17 16:19:17.990,system,2025-07-17 16:19:17.990
"2025","4131000000",ADM003,"6","",4787417.909724723,system,2025-07-17 16:19:17.990,system,2025-07-17 16:19:17.990
"2025","4131000000",ADM003,"7","",8119992.466098664,system,2025-07-17 16:19:17.990,system,2025-07-17 16:19:17.990
"2025","4136000000",ADM003,"1","",182100079.929475555,system,2025-07-17 16:19:17.990,system,2025-07-17 16:19:17.990
"2025","4136000000",ADM003,"2","",96502241.890241732,system,2025-07-17 16:19:17.990,system,2025-07-17 16:19:17.990
"2025","4136000000",ADM003,"3","",28052384.424468456,system,2025-07-17 16:19:17.990,system,2025-07-17 16:19:17.990
"2025","4136000000",ADM003,"4","",47463504.722168947,system,2025-07-17 16:19:17.990,system,2025-07-17 16:19:17.990
"2025","4136000000",ADM003,"5","",21020464.382031154,system,2025-07-17 16:19:17.990,system,2025-07-17 16:19:17.990
"2025","4136000000",ADM003,"6","",24226397.440021700,system,2025-07-17 16:19:17.990,system,2025-07-17 16:19:17.990
"2025","4136000000",ADM003,"7","",60299194.989899898,system,2025-07-17 16:19:17.990,system,2025-07-17 16:19:17.990
"2025","4137000000",ADM003,"1","",3098154.584305038,system,2025-07-17 16:19:17.990,system,2025-07-17 16:19:17.990
"2025","4137000000",ADM003,"2","",5038386.086862644,system,2025-07-17 16:19:17.990,system,2025-07-17 16:19:17.990
"2025","4137000000",ADM003,"3","",7016768.800266652,system,2025-07-17 16:19:17.990,system,2025-07-17 16:19:17.990
"2025","4137000000",ADM003,"4","",4694552.738484037,system,2025-07-17 16:19:17.990,system,2025-07-17 16:19:17.990
"2025","4137000000",ADM003,"5","",1751779.892197608,system,2025-07-17 16:19:17.990,system,2025-07-17 16:19:17.990
"2025","4137000000",ADM003,"6","",8982103.197192422,system,2025-07-17 16:19:17.990,system,2025-07-17 16:19:17.990
"2025","4137000000",ADM003,"7","",12081132.704694038,system,2025-07-17 16:19:17.990,system,2025-07-17 16:19:17.990
"2025","4139000000",ADM003,"1","",19370835.133678629,system,2025-07-17 16:19:17.990,system,2025-07-17 16:19:17.990
"2025","4139000000",ADM003,"2","",9525911.631306860,system,2025-07-17 16:19:18.066,system,2025-07-17 16:19:18.066
"2025","4139000000",ADM003,"3","",27657120.967950822,system,2025-07-17 16:19:18.066,system,2025-07-17 16:19:18.066
"2025","4139000000",ADM003,"4","",23454047.429666044,system,2025-07-17 16:19:18.066,system,2025-07-17 16:19:18.066
"2025","4139000000",ADM003,"5","",5755184.614500915,system,2025-07-17 16:19:18.066,system,2025-07-17 16:19:18.066
"2025","4139000000",ADM003,"6","",24239906.806978940,system,2025-07-17 16:19:18.066,system,2025-07-17 16:19:18.066
"2025","4139000000",ADM003,"7","",31110594.510875717,system,2025-07-17 16:19:18.066,system,2025-07-17 16:19:18.066
"2025","4141000000",ADM003,"1","",9493170.178025787,system,2025-07-17 16:19:18.066,system,2025-07-17 16:19:18.066
"2025","4141000000",ADM003,"2","",4822386.225873772,system,2025-07-17 16:19:18.066,system,2025-07-17 16:19:18.066
"2025","4141000000",ADM003,"3","",4988479.880379947,system,2025-07-17 16:19:18.066,system,2025-07-17 16:19:18.066
"2025","4141000000",ADM003,"4","",3112141.656280191,system,2025-07-17 16:19:18.066,system,2025-07-17 16:19:18.066
"2025","4141000000",ADM003,"5","",1247924.678996217,system,2025-07-17 16:19:18.066,system,2025-07-17 16:19:18.066
"2025","4141000000",ADM003,"6","",5837965.961052419,system,2025-07-17 16:19:18.066,system,2025-07-17 16:19:18.066
"2025","4141000000",ADM003,"7","",6928185.948388265,system,2025-07-17 16:19:18.066,system,2025-07-17 16:19:18.066
"2025","4143000000",ADM003,"1","",19908220.955625591,system,2025-07-17 16:19:18.066,system,2025-07-17 16:19:18.066
"2025","4143000000",ADM003,"2","",7222511.524532819,system,2025-07-17 16:19:18.066,system,2025-07-17 16:19:18.066
"2025","4143000000",ADM003,"3","",5660951.113815103,system,2025-07-17 16:19:18.066,system,2025-07-17 16:19:18.066
"2025","4143000000",ADM003,"4","",5436679.667917738,system,2025-07-17 16:19:18.066,system,2025-07-17 16:19:18.066
"2025","4143000000",ADM003,"5","",2571954.599895626,system,2025-07-17 16:19:18.066,system,2025-07-17 16:19:18.066
"2025","4143000000",ADM003,"6","",4156902.071131739,system,2025-07-17 16:19:18.066,system,2025-07-17 16:19:18.066
"2025","4143000000",ADM003,"7","",8910542.020181915,system,2025-07-17 16:19:18.066,system,2025-07-17 16:19:18.066
"2025","4145000000",ADM003,"1","",41496546.536611965,system,2025-07-17 16:19:18.066,system,2025-07-17 16:19:18.066
"2025","4145000000",ADM003,"2","",7929350.575880764,system,2025-07-17 16:19:18.066,system,2025-07-17 16:19:18.066
"2025","4145000000",ADM003,"3","",8275536.031392481,system,2025-07-17 16:19:18.066,system,2025-07-17 16:19:18.066
"2025","4145000000",ADM003,"4","",8603902.414922290,system,2025-07-17 16:19:18.066,system,2025-07-17 16:19:18.066
"2025","4145000000",ADM003,"5","",3853011.180282416,system,2025-07-17 16:19:18.066,system,2025-07-17 16:19:18.066
"2025","4145000000",ADM003,"6","",9078886.720542978,system,2025-07-17 16:19:18.066,system,2025-07-17 16:19:18.066
"2025","4145000000",ADM003,"7","",13462189.313086547,system,2025-07-17 16:19:18.066,system,2025-07-17 16:19:18.066
"2025","4146100000",ADM003,"1",처인구,136439112.056603435,system,2025-07-17 16:19:18.066,system,2025-07-17 16:19:18.066
"2025","4146100000",ADM003,"2",처인구,91792243.430280716,system,2025-07-17 16:19:18.066,system,2025-07-17 16:19:18.066
"2025","4146100000",ADM003,"3",처인구,77482609.632701357,system,2025-07-17 16:19:18.066,system,2025-07-17 16:19:18.066
"2025","4146100000",ADM003,"4",처인구,56176905.228754208,system,2025-07-17 16:19:18.066,system,2025-07-17 16:19:18.066
"2025","4146100000",ADM003,"5",처인구,25206706.341034476,system,2025-07-17 16:19:18.066,system,2025-07-17 16:19:18.066
"2025","4146100000",ADM003,"6",처인구,18727170.867397153,system,2025-07-17 16:19:18.066,system,2025-07-17 16:19:18.066
"2025","4146100000",ADM003,"7",처인구,62044210.922718568,system,2025-07-17 16:19:18.066,system,2025-07-17 16:19:18.066
"2025","4146300000",ADM003,"1",기흥구,17383333.177030813,system,2025-07-17 16:19:18.066,system,2025-07-17 16:19:18.066
"2025","4146300000",ADM003,"2",기흥구,9892208.703748938,system,2025-07-17 16:19:18.066,system,2025-07-17 16:19:18.066
"2025","4146300000",ADM003,"3",기흥구,14687732.770814690,system,2025-07-17 16:19:18.066,system,2025-07-17 16:19:18.066
"2025","4146300000",ADM003,"4",기흥구,6643264.392212515,system,2025-07-17 16:19:18.066,system,2025-07-17 16:19:18.066
"2025","4146300000",ADM003,"5",기흥구,3321392.163076226,system,2025-07-17 16:19:18.066,system,2025-07-17 16:19:18.066
"2025","4146300000",ADM003,"6",기흥구,14908463.005164245,system,2025-07-17 16:19:18.066,system,2025-07-17 16:19:18.066
"2025","4146300000",ADM003,"7",기흥구,14946358.363684037,system,2025-07-17 16:19:18.066,system,2025-07-17 16:19:18.066
"2025","4146500000",ADM003,"1",수지구,15022057.978700271,system,2025-07-17 16:19:18.066,system,2025-07-17 16:19:18.066
"2025","4146500000",ADM003,"2",수지구,4184559.502162967,system,2025-07-17 16:19:18.066,system,2025-07-17 16:19:18.066
"2025","4146500000",ADM003,"3",수지구,4260892.152589500,system,2025-07-17 16:19:18.066,system,2025-07-17 16:19:18.066
"2025","4146500000",ADM003,"4",수지구,2750215.258779405,system,2025-07-17 16:19:18.066,system,2025-07-17 16:19:18.066
"2025","4146500000",ADM003,"5",수지구,1393028.375893530,system,2025-07-17 16:19:18.066,system,2025-07-17 16:19:18.066
"2025","4146500000",ADM003,"6",수지구,7918545.481529274,system,2025-07-17 16:19:18.066,system,2025-07-17 16:19:18.066
"2025","4146500000",ADM003,"7",수지구,6587923.918145332,system,2025-07-17 16:19:18.066,system,2025-07-17 16:19:18.066
"2025","4148000000",ADM003,"1","",223412348.862936561,system,2025-07-17 16:19:18.066,system,2025-07-17 16:19:18.066
"2025","4148000000",ADM003,"2","",98449063.307839470,system,2025-07-17 16:19:18.066,system,2025-07-17 16:19:18.066
"2025","4148000000",ADM003,"3","",125971108.190708841,system,2025-07-17 16:19:18.066,system,2025-07-17 16:19:18.066
"2025","4148000000",ADM003,"4","",78796392.512621713,system,2025-07-17 16:19:18.066,system,2025-07-17 16:19:18.066
"2025","4148000000",ADM003,"5","",29596190.190560261,system,2025-07-17 16:19:18.066,system,2025-07-17 16:19:18.066
"2025","4148000000",ADM003,"6","",28520494.606605226,system,2025-07-17 16:19:18.066,system,2025-07-17 16:19:18.066
"2025","4148000000",ADM003,"7","",104454778.915695079,system,2025-07-17 16:19:18.066,system,2025-07-17 16:19:18.066
"2025","4150000000",ADM003,"1","",76198335.001700260,system,2025-07-17 16:19:18.066,system,2025-07-17 16:19:18.066
"2025","4150000000",ADM003,"2","",54161341.127478028,system,2025-07-17 16:19:18.066,system,2025-07-17 16:19:18.066
"2025","4150000000",ADM003,"3","",117939963.943213683,system,2025-07-17 16:19:18.066,system,2025-07-17 16:19:18.066
"2025","4150000000",ADM003,"4","",89788759.470424294,system,2025-07-17 16:19:18.066,system,2025-07-17 16:19:18.066
"2025","4150000000",ADM003,"5","",36989748.201353516,system,2025-07-17 16:19:18.066,system,2025-07-17 16:19:18.066
"2025","4150000000",ADM003,"6","",19772319.582953596,system,2025-07-17 16:19:18.066,system,2025-07-17 16:19:18.066
"2025","4150000000",ADM003,"7","",67058741.706938556,system,2025-07-17 16:19:18.066,system,2025-07-17 16:19:18.066
"2025","4155000000",ADM003,"1","",130941727.173158314,system,2025-07-17 16:19:18.066,system,2025-07-17 16:19:18.066
"2025","4155000000",ADM003,"2","",95437802.697311818,system,2025-07-17 16:19:18.066,system,2025-07-17 16:19:18.066
"2025","4155000000",ADM003,"3","",120454188.257994532,system,2025-07-17 16:19:18.066,system,2025-07-17 16:19:18.066
"2025","4155000000",ADM003,"4","",88205968.132475429,system,2025-07-17 16:19:18.066,system,2025-07-17 16:19:18.066
"2025","4155000000",ADM003,"5","",30587450.768699096,system,2025-07-17 16:19:18.066,system,2025-07-17 16:19:18.066
"2025","4155000000",ADM003,"6","",21070584.671551404,system,2025-07-17 16:19:18.066,system,2025-07-17 16:19:18.066
"2025","4155000000",ADM003,"7","",66647714.420896788,system,2025-07-17 16:19:18.066,system,2025-07-17 16:19:18.066
"2025","4157000000",ADM003,"1","",69576758.393202484,system,2025-07-17 16:19:18.066,system,2025-07-17 16:19:18.066
"2025","4157000000",ADM003,"2","",19012189.869259328,system,2025-07-17 16:19:18.066,system,2025-07-17 16:19:18.066
"2025","4157000000",ADM003,"3","",63616265.039401361,system,2025-07-17 16:19:18.066,system,2025-07-17 16:19:18.066
"2025","4157000000",ADM003,"4","",31318841.307612699,system,2025-07-17 16:19:18.066,system,2025-07-17 16:19:18.066
"2025","4157000000",ADM003,"5","",14565986.503953839,system,2025-07-17 16:19:18.066,system,2025-07-17 16:19:18.066
"2025","4157000000",ADM003,"6","",18780938.977431154,system,2025-07-17 16:19:18.066,system,2025-07-17 16:19:18.066
"2025","4157000000",ADM003,"7","",60914677.631608855,system,2025-07-17 16:19:18.066,system,2025-07-17 16:19:18.066
"2025","4159000000",ADM003,"1","",90557476.943824653,system,2025-07-17 16:19:18.066,system,2025-07-17 16:19:18.066
"2025","4159000000",ADM003,"2","",66162733.869558548,system,2025-07-17 16:19:18.066,system,2025-07-17 16:19:18.066
"2025","4159000000",ADM003,"3","",182062346.444059881,system,2025-07-17 16:19:18.066,system,2025-07-17 16:19:18.066
"2025","4159000000",ADM003,"4","",108427350.645392937,system,2025-07-17 16:19:18.066,system,2025-07-17 16:19:18.066
"2025","4159000000",ADM003,"5","",48032800.179008990,system,2025-07-17 16:19:18.066,system,2025-07-17 16:19:18.066
"2025","4159000000",ADM003,"6","",45437819.959876477,system,2025-07-17 16:19:18.066,system,2025-07-17 16:19:18.066
"2025","4159000000",ADM003,"7","",152244234.533958989,system,2025-07-17 16:19:18.066,system,2025-07-17 16:19:18.066
"2025","4161000000",ADM003,"1","",197109001.881566713,system,2025-07-17 16:19:18.066,system,2025-07-17 16:19:18.066
"2025","4161000000",ADM003,"2","",75715160.524086622,system,2025-07-17 16:19:18.066,system,2025-07-17 16:19:18.066
"2025","4161000000",ADM003,"3","",28685186.350461787,system,2025-07-17 16:19:18.066,system,2025-07-17 16:19:18.066
"2025","4161000000",ADM003,"4","",41780665.234932674,system,2025-07-17 16:19:18.066,system,2025-07-17 16:19:18.066
"2025","4161000000",ADM003,"5","",15111408.746979440,system,2025-07-17 16:19:18.066,system,2025-07-17 16:19:18.066
"2025","4161000000",ADM003,"6","",19581209.379347434,system,2025-07-17 16:19:18.066,system,2025-07-17 16:19:18.066
"2025","4161000000",ADM003,"7","",52013373.653542452,system,2025-07-17 16:19:18.066,system,2025-07-17 16:19:18.066
"2025","4163000000",ADM003,"1","",96655950.418939858,system,2025-07-17 16:19:18.066,system,2025-07-17 16:19:18.066
"2025","4163000000",ADM003,"2","",54095320.526921590,system,2025-07-17 16:19:18.066,system,2025-07-17 16:19:18.066
"2025","4163000000",ADM003,"3","",28552534.219371984,system,2025-07-17 16:19:18.066,system,2025-07-17 16:19:18.066
"2025","4163000000",ADM003,"4","",37991262.915739314,system,2025-07-17 16:19:18.066,system,2025-07-17 16:19:18.066
"2025","4163000000",ADM003,"5","",17851479.691819005,system,2025-07-17 16:19:18.066,system,2025-07-17 16:19:18.066
"2025","4163000000",ADM003,"6","",14485061.568226891,system,2025-07-17 16:19:18.066,system,2025-07-17 16:19:18.066
"2025","4163000000",ADM003,"7","",60860423.611413693,system,2025-07-17 16:19:18.066,system,2025-07-17 16:19:18.066
"2025","4165000000",ADM003,"1","",366373456.567997240,system,2025-07-17 16:19:18.066,system,2025-07-17 16:19:18.066
"2025","4165000000",ADM003,"2","",158298823.919432198,system,2025-07-17 16:19:18.066,system,2025-07-17 16:19:18.066
"2025","4165000000",ADM003,"3","",81247487.039960281,system,2025-07-17 16:19:18.066,system,2025-07-17 16:19:18.066
"2025","4165000000",ADM003,"4","",75671923.876136537,system,2025-07-17 16:19:18.141,system,2025-07-17 16:19:18.141
"2025","4165000000",ADM003,"5","",40695350.823139800,system,2025-07-17 16:19:18.141,system,2025-07-17 16:19:18.141
"2025","4165000000",ADM003,"6","",16878443.641010486,system,2025-07-17 16:19:18.141,system,2025-07-17 16:19:18.141
"2025","4165000000",ADM003,"7","",86652562.684692347,system,2025-07-17 16:19:18.141,system,2025-07-17 16:19:18.141
"2025","4167000000",ADM003,"1","",174367713.302283466,system,2025-07-17 16:19:18.141,system,2025-07-17 16:19:18.141
"2025","4167000000",ADM003,"2","",106357932.933984065,system,2025-07-17 16:19:18.141,system,2025-07-17 16:19:18.141
"2025","4167000000",ADM003,"3","",133540118.265146358,system,2025-07-17 16:19:18.141,system,2025-07-17 16:19:18.141
"2025","4167000000",ADM003,"4","",96520197.055050142,system,2025-07-17 16:19:18.141,system,2025-07-17 16:19:18.141
"2025","4167000000",ADM003,"5","",35029254.754445658,system,2025-07-17 16:19:18.141,system,2025-07-17 16:19:18.141
"2025","4167000000",ADM003,"6","",13241671.136252068,system,2025-07-17 16:19:18.141,system,2025-07-17 16:19:18.141
"2025","4167000000",ADM003,"7","",48323714.692593421,system,2025-07-17 16:19:18.141,system,2025-07-17 16:19:18.141
"2025","4180000000",ADM003,"1","",314792448.683439400,system,2025-07-17 16:19:18.141,system,2025-07-17 16:19:18.141
"2025","4180000000",ADM003,"2","",71033403.417408650,system,2025-07-17 16:19:18.141,system,2025-07-17 16:19:18.141
"2025","4180000000",ADM003,"3","",73131377.837272710,system,2025-07-17 16:19:18.141,system,2025-07-17 16:19:18.141
"2025","4180000000",ADM003,"4","",98890244.571106970,system,2025-07-17 16:19:18.141,system,2025-07-17 16:19:18.141
"2025","4180000000",ADM003,"5","",56614994.764684050,system,2025-07-17 16:19:18.141,system,2025-07-17 16:19:18.141
"2025","4180000000",ADM003,"6","",7877240.545448581,system,2025-07-17 16:19:18.141,system,2025-07-17 16:19:18.141
"2025","4180000000",ADM003,"7","",43959560.120440930,system,2025-07-17 16:19:18.141,system,2025-07-17 16:19:18.141
"2025","4182000000",ADM003,"1","",474616156.126863000,system,2025-07-17 16:19:18.141,system,2025-07-17 16:19:18.141
"2025","4182000000",ADM003,"2","",195308318.072548900,system,2025-07-17 16:19:18.141,system,2025-07-17 16:19:18.141
"2025","4182000000",ADM003,"3","",51553225.245951970,system,2025-07-17 16:19:18.141,system,2025-07-17 16:19:18.141
"2025","4182000000",ADM003,"4","",52797114.375259270,system,2025-07-17 16:19:18.141,system,2025-07-17 16:19:18.141
"2025","4182000000",ADM003,"5","",19876155.114466540,system,2025-07-17 16:19:18.141,system,2025-07-17 16:19:18.141
"2025","4182000000",ADM003,"6","",13383578.527745940,system,2025-07-17 16:19:18.141,system,2025-07-17 16:19:18.141
"2025","4182000000",ADM003,"7","",33240332.315284220,system,2025-07-17 16:19:18.141,system,2025-07-17 16:19:18.141
"2025","4183000000",ADM003,"1","",407935451.827546250,system,2025-07-17 16:19:18.141,system,2025-07-17 16:19:18.141
"2025","4183000000",ADM003,"2","",192699595.380857650,system,2025-07-17 16:19:18.141,system,2025-07-17 16:19:18.141
"2025","4183000000",ADM003,"3","",85666664.791083170,system,2025-07-17 16:19:18.141,system,2025-07-17 16:19:18.141
"2025","4183000000",ADM003,"4","",91024382.905053350,system,2025-07-17 16:19:18.141,system,2025-07-17 16:19:18.141
"2025","4183000000",ADM003,"5","",38189684.782009180,system,2025-07-17 16:19:18.141,system,2025-07-17 16:19:18.141
"2025","4183000000",ADM003,"6","",13194260.079589361,system,2025-07-17 16:19:18.141,system,2025-07-17 16:19:18.141
"2025","4183000000",ADM003,"7","",48135752.160737450,system,2025-07-17 16:19:18.141,system,2025-07-17 16:19:18.141
