"fbctn_yr","admdst_cd","admdst_se_cd","admdst_nm","lclsf_cd","lclsf_nm","biotop_area","soil_cbn_strgat","frst_rgtr_id","frst_reg_dt","mdfr_id","mdfcn_dt"
"2025","41000",ADM001,경기도,A,자연산림,3297571666.959619590,37591151157.9242012477,system,2025-07-19 21:10:38.035,system,2025-07-19 21:10:38.035
"2025","41000",ADM001,경기도,B,식재산림,1484209184.843592970,16217965073.1638479262,system,2025-07-19 21:10:38.035,system,2025-07-19 21:10:38.035
"2025","41000",ADM001,경기도,C,산지습지,29739709.883779489,345827493.4474498834,system,2025-07-19 21:10:38.035,system,2025-07-19 21:10:38.035
"2025","41000",ADM001,경기도,D,호소,56495120.316896646,517863680.8061496995,system,2025-07-19 21:10:38.035,system,2025-07-19 21:10:38.035
"2025","41000",ADM001,경기도,E,하천습지,472030189.075743052,4096333792.8907782298,system,2025-07-19 21:10:38.035,system,2025-07-19 21:10:38.035
"2025","41000",ADM001,경기도,ETC,기타,2474121.016802138,22386155.0038377602,system,2025-07-19 21:10:38.035,system,2025-07-19 21:10:38.035
"2025","41000",ADM001,경기도,F,연안습지,8419467.293989444,41088454.4232793360,system,2025-07-19 21:10:38.035,system,2025-07-19 21:10:38.035
"2025","41000",ADM001,경기도,G,농업지역,2017868470.355194442,17298847361.2923145989,system,2025-07-19 21:10:38.035,system,2025-07-19 21:10:38.035
"2025","41000",ADM001,경기도,H,조성녹지,591212722.584056039,5686401347.3032821534,system,2025-07-19 21:10:38.035,system,2025-07-19 21:10:38.035
"2025","41000",ADM001,경기도,I,시가화건조지,2246182523.264320536,19894647567.0154162750,system,2025-07-19 21:10:38.035,system,2025-07-19 21:10:38.035
"2025","4111000000",ADM002,수원시,A,자연산림,14419051.191577743,152394105.7076392431,system,2025-07-19 21:10:38.035,system,2025-07-19 21:10:38.035
"2025","4111000000",ADM002,수원시,B,식재산림,7903644.227940445,75985191.9699904999,system,2025-07-19 21:10:38.035,system,2025-07-19 21:10:38.035
"2025","4111000000",ADM002,수원시,C,산지습지,121469.874049352,1353563.7900062210,system,2025-07-19 21:10:38.035,system,2025-07-19 21:10:38.035
"2025","4111000000",ADM002,수원시,D,호소,1763246.009301537,20329306.9590996630,system,2025-07-19 21:10:38.035,system,2025-07-19 21:10:38.035
"2025","4111000000",ADM002,수원시,E,하천습지,2407947.846997544,19064071.2032115318,system,2025-07-19 21:10:38.035,system,2025-07-19 21:10:38.035
"2025","4111000000",ADM002,수원시,ETC,기타,29071.990800549,283147.4741334845,system,2025-07-19 21:10:38.035,system,2025-07-19 21:10:38.035
"2025","4111000000",ADM002,수원시,G,농업지역,12510549.187630391,91809533.0409293991,system,2025-07-19 21:10:38.035,system,2025-07-19 21:10:38.035
"2025","4111000000",ADM002,수원시,H,조성녹지,16754592.726772941,154152359.6471769781,system,2025-07-19 21:10:38.035,system,2025-07-19 21:10:38.035
"2025","4111000000",ADM002,수원시,I,시가화건조지,65155561.729336894,574948322.4934166930,system,2025-07-19 21:10:38.035,system,2025-07-19 21:10:38.035
"2025","4113000000",ADM002,성남시,A,자연산림,46194688.584888368,595534406.0076107970,system,2025-07-19 21:10:38.035,system,2025-07-19 21:10:38.035
"2025","4113000000",ADM002,성남시,B,식재산림,13407255.208987230,159111632.3713074980,system,2025-07-19 21:10:38.035,system,2025-07-19 21:10:38.035
"2025","4113000000",ADM002,성남시,C,산지습지,381755.361180309,4501650.2536967479,system,2025-07-19 21:10:38.035,system,2025-07-19 21:10:38.035
"2025","4113000000",ADM002,성남시,D,호소,522079.258042723,6067823.6776692644,system,2025-07-19 21:10:38.035,system,2025-07-19 21:10:38.035
"2025","4113000000",ADM002,성남시,E,하천습지,3513102.165277534,35981398.2662806846,system,2025-07-19 21:10:38.035,system,2025-07-19 21:10:38.035
"2025","4113000000",ADM002,성남시,ETC,기타,11353.378833881,107465.0708176100,system,2025-07-19 21:10:38.035,system,2025-07-19 21:10:38.035
"2025","4113000000",ADM002,성남시,G,농업지역,8006866.215981490,84171128.9590351527,system,2025-07-19 21:10:38.035,system,2025-07-19 21:10:38.035
"2025","4113000000",ADM002,성남시,H,조성녹지,15530610.929586363,173560860.2386393860,system,2025-07-19 21:10:38.035,system,2025-07-19 21:10:38.035
"2025","4113000000",ADM002,성남시,I,시가화건조지,53884410.667506286,579149443.5604787900,system,2025-07-19 21:10:38.035,system,2025-07-19 21:10:38.035
"2025","4115000000",ADM002,의정부시,A,자연산림,29919691.035815089,396533988.3348551100,system,2025-07-19 21:10:38.035,system,2025-07-19 21:10:38.035
"2025","4115000000",ADM002,의정부시,B,식재산림,12578481.743848541,154689830.3703597800,system,2025-07-19 21:10:38.035,system,2025-07-19 21:10:38.035
"2025","4115000000",ADM002,의정부시,C,산지습지,300171.352102166,4116652.2158285369,system,2025-07-19 21:10:38.035,system,2025-07-19 21:10:38.035
"2025","4115000000",ADM002,의정부시,D,호소,32299.403062678,366636.6785626697,system,2025-07-19 21:10:38.035,system,2025-07-19 21:10:38.035
"2025","4115000000",ADM002,의정부시,E,하천습지,1957500.686629303,23040883.6135787990,system,2025-07-19 21:10:38.035,system,2025-07-19 21:10:38.035
"2025","4115000000",ADM002,의정부시,ETC,기타,5063.181451334,55841.8097275700,system,2025-07-19 21:10:38.035,system,2025-07-19 21:10:38.035
"2025","4115000000",ADM002,의정부시,G,농업지역,4868560.318546764,55706554.9215623608,system,2025-07-19 21:10:38.035,system,2025-07-19 21:10:38.035
"2025","4115000000",ADM002,의정부시,H,조성녹지,6554252.037083972,76565333.2370039000,system,2025-07-19 21:10:38.035,system,2025-07-19 21:10:38.035
"2025","4115000000",ADM002,의정부시,I,시가화건조지,25608343.434068381,313480719.6574787700,system,2025-07-19 21:10:38.035,system,2025-07-19 21:10:38.035
"2025","4117000000",ADM002,안양시,A,자연산림,18832387.321616151,214838920.9957421000,system,2025-07-19 21:10:38.035,system,2025-07-19 21:10:38.035
"2025","4117000000",ADM002,안양시,B,식재산림,4080021.174258737,47009160.5469423000,system,2025-07-19 21:10:38.035,system,2025-07-19 21:10:38.035
"2025","4117000000",ADM002,안양시,C,산지습지,369192.413006262,4347190.7604926790,system,2025-07-19 21:10:38.035,system,2025-07-19 21:10:38.035
"2025","4117000000",ADM002,안양시,D,호소,7095.750861057,77296.9061539700,system,2025-07-19 21:10:38.035,system,2025-07-19 21:10:38.035
"2025","4117000000",ADM002,안양시,E,하천습지,1604276.804741636,14822021.6710141350,system,2025-07-19 21:10:38.035,system,2025-07-19 21:10:38.035
"2025","4117000000",ADM002,안양시,ETC,기타,2475.721541111,19161.9247918900,system,2025-07-19 21:10:38.035,system,2025-07-19 21:10:38.035
"2025","4117000000",ADM002,안양시,G,농업지역,943916.893519914,9440635.5054406310,system,2025-07-19 21:10:38.035,system,2025-07-19 21:10:38.035
"2025","4117000000",ADM002,안양시,H,조성녹지,4556271.170826378,48321718.5927750600,system,2025-07-19 21:10:38.035,system,2025-07-19 21:10:38.035
"2025","4117000000",ADM002,안양시,I,시가화건조지,28142447.794218610,295475758.6040802000,system,2025-07-19 21:10:38.035,system,2025-07-19 21:10:38.035
"2025","4119000000",ADM002,부천시,A,자연산림,3999265.197786325,40596186.0379466791,system,2025-07-19 21:10:38.035,system,2025-07-19 21:10:38.035
"2025","4119000000",ADM002,부천시,B,식재산림,2744735.291814917,27216977.1476105110,system,2025-07-19 21:10:38.035,system,2025-07-19 21:10:38.035
"2025","4119000000",ADM002,부천시,D,호소,140791.414905089,839656.8804885139,system,2025-07-19 21:10:38.035,system,2025-07-19 21:10:38.035
"2025","4119000000",ADM002,부천시,E,하천습지,803596.360897254,4578458.3773327365,system,2025-07-19 21:10:38.035,system,2025-07-19 21:10:38.035
"2025","4119000000",ADM002,부천시,ETC,기타,4221.710265515,20897.7378614700,system,2025-07-19 21:10:38.035,system,2025-07-19 21:10:38.035
"2025","4119000000",ADM002,부천시,G,농업지역,6522228.022001734,49144786.1847209584,system,2025-07-19 21:10:38.035,system,2025-07-19 21:10:38.035
"2025","4119000000",ADM002,부천시,H,조성녹지,6310352.785802084,56408427.5486344700,system,2025-07-19 21:10:38.035,system,2025-07-19 21:10:38.035
"2025","4119000000",ADM002,부천시,I,시가화건조지,33066248.945688857,306551585.1797302800,system,2025-07-19 21:10:38.035,system,2025-07-19 21:10:38.035
"2025","4121000000",ADM002,광명시,A,자연산림,7666626.498257513,75010667.4366593470,system,2025-07-19 21:10:38.035,system,2025-07-19 21:10:38.035
"2025","4121000000",ADM002,광명시,B,식재산림,2774848.511233723,27051350.9063479730,system,2025-07-19 21:10:38.035,system,2025-07-19 21:10:38.035
"2025","4121000000",ADM002,광명시,C,산지습지,3873.627706940,33251.2144851800,system,2025-07-19 21:10:38.035,system,2025-07-19 21:10:38.035
"2025","4121000000",ADM002,광명시,D,호소,135411.310401211,1115280.7268263029,system,2025-07-19 21:10:38.035,system,2025-07-19 21:10:38.035
"2025","4121000000",ADM002,광명시,E,하천습지,982506.292977587,6757457.7792148110,system,2025-07-19 21:10:38.035,system,2025-07-19 21:10:38.035
"2025","4121000000",ADM002,광명시,ETC,기타,2136.431124799,20791.4672869200,system,2025-07-19 21:10:38.035,system,2025-07-19 21:10:38.035
"2025","4121000000",ADM002,광명시,G,농업지역,6044306.409280145,57499584.7227786900,system,2025-07-19 21:10:38.035,system,2025-07-19 21:10:38.035
"2025","4121000000",ADM002,광명시,H,조성녹지,3353317.460803814,28302248.5871532550,system,2025-07-19 21:10:38.035,system,2025-07-19 21:10:38.035
"2025","4121000000",ADM002,광명시,I,시가화건조지,17578701.744034836,146491266.9996746000,system,2025-07-19 21:10:38.035,system,2025-07-19 21:10:38.035
"2025","4122000000",ADM002,평택시,A,자연산림,20826321.055252813,165316292.4663206510,system,2025-07-19 21:10:38.035,system,2025-07-19 21:10:38.035
"2025","4122000000",ADM002,평택시,B,식재산림,18744609.404739905,153288313.7486137472,system,2025-07-19 21:10:38.035,system,2025-07-19 21:10:38.035
"2025","4122000000",ADM002,평택시,C,산지습지,87198.580735907,692229.8761393500,system,2025-07-19 21:10:38.035,system,2025-07-19 21:10:38.035
"2025","4122000000",ADM002,평택시,D,호소,2783738.531354371,16688906.0993411420,system,2025-07-19 21:10:38.035,system,2025-07-19 21:10:38.035
"2025","4122000000",ADM002,평택시,E,하천습지,39673886.721709342,228635008.0938698693,system,2025-07-19 21:10:38.035,system,2025-07-19 21:10:38.035
"2025","4122000000",ADM002,평택시,ETC,기타,224261.631798078,1283074.9161579610,system,2025-07-19 21:10:38.035,system,2025-07-19 21:10:38.035
"2025","4122000000",ADM002,평택시,F,연안습지,2826668.673574750,3384216.2317051300,system,2025-07-19 21:10:38.035,system,2025-07-19 21:10:38.035
"2025","4122000000",ADM002,평택시,G,농업지역,192341286.662959129,1118675068.8898628797,system,2025-07-19 21:10:38.035,system,2025-07-19 21:10:38.035
"2025","4122000000",ADM002,평택시,H,조성녹지,21094483.790144861,132446827.7610658631,system,2025-07-19 21:10:38.035,system,2025-07-19 21:10:38.035
"2025","4122000000",ADM002,평택시,I,시가화건조지,180573572.676788764,1041930075.9809462000,system,2025-07-19 21:10:38.035,system,2025-07-19 21:10:38.035
"2025","4125000000",ADM002,동두천시,A,자연산림,44020620.456541680,585399713.9509366800,system,2025-07-19 21:10:38.035,system,2025-07-19 21:10:38.035
"2025","4125000000",ADM002,동두천시,B,식재산림,15903965.206685996,192607882.0779071200,system,2025-07-19 21:10:38.035,system,2025-07-19 21:10:38.035
"2025","4125000000",ADM002,동두천시,C,산지습지,219876.856150757,2944794.2479023700,system,2025-07-19 21:10:38.035,system,2025-07-19 21:10:38.035
"2025","4125000000",ADM002,동두천시,D,호소,50270.730189250,570266.4030912800,system,2025-07-19 21:10:38.035,system,2025-07-19 21:10:38.035
"2025","4125000000",ADM002,동두천시,E,하천습지,2421994.291846739,27927324.0569498680,system,2025-07-19 21:10:38.035,system,2025-07-19 21:10:38.035
"2025","4125000000",ADM002,동두천시,ETC,기타,23499.180565851,268056.4576011000,system,2025-07-19 21:10:38.035,system,2025-07-19 21:10:38.035
"2025","4125000000",ADM002,동두천시,G,농업지역,6470246.260571663,64079272.3956833900,system,2025-07-19 21:10:38.035,system,2025-07-19 21:10:38.035
"2025","4125000000",ADM002,동두천시,H,조성녹지,4814941.991536753,53528938.2027673980,system,2025-07-19 21:10:38.035,system,2025-07-19 21:10:38.035
"2025","4125000000",ADM002,동두천시,I,시가화건조지,21992455.030805934,229200489.9613490000,system,2025-07-19 21:10:38.035,system,2025-07-19 21:10:38.035
"2025","4127000000",ADM002,안산시,A,자연산림,27189317.314483093,232766274.9970711560,system,2025-07-19 21:10:38.035,system,2025-07-19 21:10:38.035
"2025","4127000000",ADM002,안산시,B,식재산림,16981438.077362693,160921036.0626703000,system,2025-07-19 21:10:38.035,system,2025-07-19 21:10:38.035
"2025","4127000000",ADM002,안산시,C,산지습지,8702.834612349,86104.0806661302,system,2025-07-19 21:10:38.035,system,2025-07-19 21:10:38.035
"2025","4127000000",ADM002,안산시,D,호소,1741878.344315334,13693019.0625581970,system,2025-07-19 21:10:38.035,system,2025-07-19 21:10:38.035
"2025","4127000000",ADM002,안산시,E,하천습지,1939765.439001044,17025002.8450286361,system,2025-07-19 21:10:38.035,system,2025-07-19 21:10:38.035
"2025","4127000000",ADM002,안산시,ETC,기타,16978.684395645,149371.7612402300,system,2025-07-19 21:10:38.035,system,2025-07-19 21:10:38.035
"2025","4127000000",ADM002,안산시,F,연안습지,975069.777668003,4171852.1740262680,system,2025-07-19 21:10:38.035,system,2025-07-19 21:10:38.035
"2025","4127000000",ADM002,안산시,G,농업지역,25026575.541286539,191827146.0556355950,system,2025-07-19 21:10:38.035,system,2025-07-19 21:10:38.035
"2025","4127000000",ADM002,안산시,H,조성녹지,15958667.586436225,140996098.1483587180,system,2025-07-19 21:10:38.035,system,2025-07-19 21:10:38.035
"2025","4127000000",ADM002,안산시,I,시가화건조지,59652228.624946621,483732933.7467666200,system,2025-07-19 21:10:38.035,system,2025-07-19 21:10:38.035
"2025","4128000000",ADM002,고양시,A,자연산림,53210157.037986789,572251186.8489363819,system,2025-07-19 21:10:38.035,system,2025-07-19 21:10:38.035
"2025","4128000000",ADM002,고양시,B,식재산림,16232275.004281997,161162838.9080113456,system,2025-07-19 21:10:38.035,system,2025-07-19 21:10:38.035
"2025","4128000000",ADM002,고양시,C,산지습지,339187.686315419,4141455.0154904340,system,2025-07-19 21:10:38.035,system,2025-07-19 21:10:38.035
"2025","4128000000",ADM002,고양시,D,호소,570718.707127976,4296495.9291641127,system,2025-07-19 21:10:38.035,system,2025-07-19 21:10:38.035
"2025","4128000000",ADM002,고양시,E,하천습지,22124545.981586142,135458023.4829998244,system,2025-07-19 21:10:38.035,system,2025-07-19 21:10:38.035
"2025","4128000000",ADM002,고양시,ETC,기타,15395.692021263,161728.2357839500,system,2025-07-19 21:10:38.035,system,2025-07-19 21:10:38.035
"2025","4128000000",ADM002,고양시,G,농업지역,49389770.079792754,414333421.9247598950,system,2025-07-19 21:10:38.035,system,2025-07-19 21:10:38.035
"2025","4128000000",ADM002,고양시,H,조성녹지,25767733.756636741,235567037.7592476550,system,2025-07-19 21:10:38.035,system,2025-07-19 21:10:38.035
"2025","4128000000",ADM002,고양시,I,시가화건조지,98913788.371112045,856584217.0370058010,system,2025-07-19 21:10:38.151,system,2025-07-19 21:10:38.151
"2025","4129000000",ADM002,과천시,A,자연산림,16173677.317240873,186023798.7683937751,system,2025-07-19 21:10:38.151,system,2025-07-19 21:10:38.151
"2025","4129000000",ADM002,과천시,B,식재산림,3955646.342910923,44765660.0323667296,system,2025-07-19 21:10:38.151,system,2025-07-19 21:10:38.151
"2025","4129000000",ADM002,과천시,C,산지습지,209859.192411956,2150813.4966867526,system,2025-07-19 21:10:38.151,system,2025-07-19 21:10:38.151
"2025","4129000000",ADM002,과천시,D,호소,272922.935394741,2990546.8102677600,system,2025-07-19 21:10:38.151,system,2025-07-19 21:10:38.151
"2025","4129000000",ADM002,과천시,E,하천습지,427270.142068594,3748757.2728715622,system,2025-07-19 21:10:38.151,system,2025-07-19 21:10:38.151
"2025","4129000000",ADM002,과천시,ETC,기타,1249.022190539,17589.0839854600,system,2025-07-19 21:10:38.151,system,2025-07-19 21:10:38.151
"2025","4129000000",ADM002,과천시,G,농업지역,3302130.492432852,23979454.9243370482,system,2025-07-19 21:10:38.151,system,2025-07-19 21:10:38.151
"2025","4129000000",ADM002,과천시,H,조성녹지,4150052.993411463,46414225.4901304700,system,2025-07-19 21:10:38.151,system,2025-07-19 21:10:38.151
"2025","4129000000",ADM002,과천시,I,시가화건조지,7356637.903295243,77762550.2863337310,system,2025-07-19 21:10:38.151,system,2025-07-19 21:10:38.151
"2025","4131000000",ADM002,구리시,A,자연산림,5771145.368658120,56359548.2756294500,system,2025-07-19 21:10:38.151,system,2025-07-19 21:10:38.151
"2025","4131000000",ADM002,구리시,B,식재산림,2634714.365068810,24377027.1635811200,system,2025-07-19 21:10:38.151,system,2025-07-19 21:10:38.151
"2025","4131000000",ADM002,구리시,C,산지습지,72979.856770004,837992.1856978591,system,2025-07-19 21:10:38.151,system,2025-07-19 21:10:38.151
"2025","4131000000",ADM002,구리시,D,호소,234934.028442144,2156178.8464340020,system,2025-07-19 21:10:38.151,system,2025-07-19 21:10:38.151
"2025","4131000000",ADM002,구리시,E,하천습지,4274232.715828873,40029911.9037470770,system,2025-07-19 21:10:38.151,system,2025-07-19 21:10:38.151
"2025","4131000000",ADM002,구리시,ETC,기타,19797.773089229,228786.9701444152,system,2025-07-19 21:10:38.151,system,2025-07-19 21:10:38.151
"2025","4131000000",ADM002,구리시,G,농업지역,3693053.790261174,36733138.8575224860,system,2025-07-19 21:10:38.151,system,2025-07-19 21:10:38.151
"2025","4131000000",ADM002,구리시,H,조성녹지,3555040.751371186,32922301.4203980500,system,2025-07-19 21:10:38.151,system,2025-07-19 21:10:38.151
"2025","4131000000",ADM002,구리시,I,시가화건조지,12961261.867660590,124349997.5616320000,system,2025-07-19 21:10:38.151,system,2025-07-19 21:10:38.151
"2025","4136000000",ADM002,남양주시,A,자연산림,173111243.569546943,2241809416.9353060400,system,2025-07-19 21:10:38.151,system,2025-07-19 21:10:38.151
"2025","4136000000",ADM002,남양주시,B,식재산림,95530549.461678052,1162074790.6760532400,system,2025-07-19 21:10:38.151,system,2025-07-19 21:10:38.151
"2025","4136000000",ADM002,남양주시,C,산지습지,1109642.434556858,13999374.0299420193,system,2025-07-19 21:10:38.151,system,2025-07-19 21:10:38.151
"2025","4136000000",ADM002,남양주시,D,호소,1253432.871998979,12356299.6432922964,system,2025-07-19 21:10:38.151,system,2025-07-19 21:10:38.151
"2025","4136000000",ADM002,남양주시,E,하천습지,20088203.027946279,199618735.5340398490,system,2025-07-19 21:10:38.151,system,2025-07-19 21:10:38.151
"2025","4136000000",ADM002,남양주시,ETC,기타,73354.434258930,865343.9074371000,system,2025-07-19 21:10:38.151,system,2025-07-19 21:10:38.151
"2025","4136000000",ADM002,남양주시,G,농업지역,44378038.831266687,476652951.5399663140,system,2025-07-19 21:10:38.151,system,2025-07-19 21:10:38.151
"2025","4136000000",ADM002,남양주시,H,조성녹지,26940847.390944635,293998482.8707453250,system,2025-07-19 21:10:38.151,system,2025-07-19 21:10:38.151
"2025","4136000000",ADM002,남양주시,I,시가화건조지,97178956.806476253,1028099042.4236450390,system,2025-07-19 21:10:38.151,system,2025-07-19 21:10:38.151
"2025","4137000000",ADM002,오산시,A,자연산림,2874428.253212447,32488509.2987742564,system,2025-07-19 21:10:38.151,system,2025-07-19 21:10:38.151
"2025","4137000000",ADM002,오산시,B,식재산림,4339776.371594116,46688500.9649070818,system,2025-07-19 21:10:38.151,system,2025-07-19 21:10:38.151
"2025","4137000000",ADM002,오산시,C,산지습지,68998.590632808,742166.9254713500,system,2025-07-19 21:10:38.151,system,2025-07-19 21:10:38.151
"2025","4137000000",ADM002,오산시,D,호소,384379.049324241,4095429.3982802311,system,2025-07-19 21:10:38.151,system,2025-07-19 21:10:38.151
"2025","4137000000",ADM002,오산시,E,하천습지,1128760.277922339,11113164.6165079839,system,2025-07-19 21:10:38.151,system,2025-07-19 21:10:38.151
"2025","4137000000",ADM002,오산시,ETC,기타,78446.353528337,900865.8565426560,system,2025-07-19 21:10:38.151,system,2025-07-19 21:10:38.151
"2025","4137000000",ADM002,오산시,G,농업지역,6751014.702212773,68311997.9744044090,system,2025-07-19 21:10:38.151,system,2025-07-19 21:10:38.151
"2025","4137000000",ADM002,오산시,H,조성녹지,4592667.983023265,48740745.9682870780,system,2025-07-19 21:10:38.151,system,2025-07-19 21:10:38.151
"2025","4137000000",ADM002,오산시,I,시가화건조지,22444408.746799154,231684682.4254439800,system,2025-07-19 21:10:38.151,system,2025-07-19 21:10:38.151
"2025","4139000000",ADM002,시흥시,A,자연산림,19739860.726250947,182050640.9078098852,system,2025-07-19 21:10:38.151,system,2025-07-19 21:10:38.151
"2025","4139000000",ADM002,시흥시,B,식재산림,8589758.853793271,78590044.6827435670,system,2025-07-19 21:10:38.151,system,2025-07-19 21:10:38.151
"2025","4139000000",ADM002,시흥시,C,산지습지,15064.469870403,149707.9716598400,system,2025-07-19 21:10:38.151,system,2025-07-19 21:10:38.151
"2025","4139000000",ADM002,시흥시,D,호소,1521643.485154774,12272318.1930839687,system,2025-07-19 21:10:38.151,system,2025-07-19 21:10:38.151
"2025","4139000000",ADM002,시흥시,E,하천습지,2545763.603651007,20788775.2058791389,system,2025-07-19 21:10:38.151,system,2025-07-19 21:10:38.151
"2025","4139000000",ADM002,시흥시,ETC,기타,3649.435047626,32844.9337429500,system,2025-07-19 21:10:38.151,system,2025-07-19 21:10:38.151
"2025","4139000000",ADM002,시흥시,F,연안습지,2741880.995879825,22260876.6643077710,system,2025-07-19 21:10:38.151,system,2025-07-19 21:10:38.151
"2025","4139000000",ADM002,시흥시,G,농업지역,31459256.472208007,286841247.4930775900,system,2025-07-19 21:10:38.151,system,2025-07-19 21:10:38.151
"2025","4139000000",ADM002,시흥시,H,조성녹지,16423314.925364148,134351205.0963062700,system,2025-07-19 21:10:38.151,system,2025-07-19 21:10:38.151
"2025","4139000000",ADM002,시흥시,I,시가화건조지,58073408.214791942,470565169.0689802000,system,2025-07-19 21:10:38.151,system,2025-07-19 21:10:38.151
"2025","4141000000",ADM002,군포시,A,자연산림,9589022.035447041,113794490.8980503440,system,2025-07-19 21:10:38.151,system,2025-07-19 21:10:38.151
"2025","4141000000",ADM002,군포시,B,식재산림,4551279.447724910,45383057.2527316027,system,2025-07-19 21:10:38.151,system,2025-07-19 21:10:38.151
"2025","4141000000",ADM002,군포시,C,산지습지,51040.592625538,557841.7782241300,system,2025-07-19 21:10:38.151,system,2025-07-19 21:10:38.151
"2025","4141000000",ADM002,군포시,D,호소,499112.261025084,4165328.6897330910,system,2025-07-19 21:10:38.151,system,2025-07-19 21:10:38.151
"2025","4141000000",ADM002,군포시,E,하천습지,360600.364746486,3234535.3712751919,system,2025-07-19 21:10:38.151,system,2025-07-19 21:10:38.151
"2025","4141000000",ADM002,군포시,ETC,기타,49128.950204323,495328.3091445700,system,2025-07-19 21:10:38.151,system,2025-07-19 21:10:38.151
"2025","4141000000",ADM002,군포시,G,농업지역,3296926.861548008,26103402.2065605220,system,2025-07-19 21:10:38.151,system,2025-07-19 21:10:38.151
"2025","4141000000",ADM002,군포시,H,조성녹지,4989232.441206906,44465608.8213826400,system,2025-07-19 21:10:38.151,system,2025-07-19 21:10:38.151
"2025","4141000000",ADM002,군포시,I,시가화건조지,13043911.433845855,118284448.0099112100,system,2025-07-19 21:10:38.151,system,2025-07-19 21:10:38.151
"2025","4143000000",ADM002,의왕시,A,자연산림,20005577.504036058,259437928.4314879300,system,2025-07-19 21:10:38.151,system,2025-07-19 21:10:38.151
"2025","4143000000",ADM002,의왕시,B,식재산림,6639407.087602518,80378160.1927859400,system,2025-07-19 21:10:38.151,system,2025-07-19 21:10:38.151
"2025","4143000000",ADM002,의왕시,C,산지습지,118629.594960726,1459384.0011595800,system,2025-07-19 21:10:38.151,system,2025-07-19 21:10:38.151
"2025","4143000000",ADM002,의왕시,D,호소,1169405.180734465,10311628.4748699485,system,2025-07-19 21:10:38.151,system,2025-07-19 21:10:38.151
"2025","4143000000",ADM002,의왕시,E,하천습지,664688.515850668,7514249.6118434750,system,2025-07-19 21:10:38.151,system,2025-07-19 21:10:38.151
"2025","4143000000",ADM002,의왕시,ETC,기타,10878.505647385,108473.6382515484,system,2025-07-19 21:10:38.151,system,2025-07-19 21:10:38.151
"2025","4143000000",ADM002,의왕시,G,농업지역,6012237.567239814,63092129.2120248400,system,2025-07-19 21:10:38.151,system,2025-07-19 21:10:38.151
"2025","4143000000",ADM002,의왕시,H,조성녹지,4822069.117546467,52406486.6552111380,system,2025-07-19 21:10:38.151,system,2025-07-19 21:10:38.151
"2025","4143000000",ADM002,의왕시,I,시가화건조지,14424868.876324896,147966337.7780144600,system,2025-07-19 21:10:38.151,system,2025-07-19 21:10:38.151
"2025","4145000000",ADM002,하남시,A,자연산림,34346574.241766493,435680601.2573170300,system,2025-07-19 21:10:38.151,system,2025-07-19 21:10:38.151
"2025","4145000000",ADM002,하남시,B,식재산림,6313409.676097585,71097176.9864812729,system,2025-07-19 21:10:38.151,system,2025-07-19 21:10:38.151
"2025","4145000000",ADM002,하남시,C,산지습지,457038.294863384,5527716.9630852415,system,2025-07-19 21:10:38.151,system,2025-07-19 21:10:38.151
"2025","4145000000",ADM002,하남시,D,호소,470391.275368375,5021776.9428556396,system,2025-07-19 21:10:38.151,system,2025-07-19 21:10:38.151
"2025","4145000000",ADM002,하남시,E,하천습지,9587918.874690164,108281711.8888976369,system,2025-07-19 21:10:38.151,system,2025-07-19 21:10:38.151
"2025","4145000000",ADM002,하남시,ETC,기타,12181.220401121,110643.9221502400,system,2025-07-19 21:10:38.151,system,2025-07-19 21:10:38.151
"2025","4145000000",ADM002,하남시,G,농업지역,8276669.308359945,81405436.0887711333,system,2025-07-19 21:10:38.151,system,2025-07-19 21:10:38.151
"2025","4145000000",ADM002,하남시,H,조성녹지,8732377.484394089,82987684.0619638990,system,2025-07-19 21:10:38.151,system,2025-07-19 21:10:38.151
"2025","4145000000",ADM002,하남시,I,시가화건조지,24502862.052866338,233884479.6540107900,system,2025-07-19 21:10:38.151,system,2025-07-19 21:10:38.151
"2025","4146000000",ADM002,용인시,A,자연산림,171480805.055392462,2045743668.6010200100,system,2025-07-19 21:10:38.151,system,2025-07-19 21:10:38.151
"2025","4146000000",ADM002,용인시,B,식재산림,102547592.809894799,1122572716.9445794700,system,2025-07-19 21:10:38.151,system,2025-07-19 21:10:38.151
"2025","4146000000",ADM002,용인시,C,산지습지,2206584.564419444,23958296.1322724969,system,2025-07-19 21:10:38.151,system,2025-07-19 21:10:38.151
"2025","4146000000",ADM002,용인시,D,호소,7868063.383100541,85573689.3286552143,system,2025-07-19 21:10:38.151,system,2025-07-19 21:10:38.151
"2025","4146000000",ADM002,용인시,E,하천습지,12835518.264325433,132325828.1330580930,system,2025-07-19 21:10:38.151,system,2025-07-19 21:10:38.151
"2025","4146000000",ADM002,용인시,ETC,기타,147094.161180979,1517682.3878865000,system,2025-07-19 21:10:38.151,system,2025-07-19 21:10:38.151
"2025","4146000000",ADM002,용인시,G,농업지역,92307916.515698515,889371704.1725344340,system,2025-07-19 21:10:38.151,system,2025-07-19 21:10:38.151
"2025","4146000000",ADM002,용인시,H,조성녹지,59366473.257719026,696854490.3959317410,system,2025-07-19 21:10:38.151,system,2025-07-19 21:10:38.151
"2025","4146000000",ADM002,용인시,I,시가화건조지,143008883.390041501,1607387400.9296967400,system,2025-07-19 21:10:38.151,system,2025-07-19 21:10:38.151
"2025","4148000000",ADM002,파주시,A,자연산림,207054792.225385295,1830128413.9162852790,system,2025-07-19 21:10:38.151,system,2025-07-19 21:10:38.151
"2025","4148000000",ADM002,파주시,B,식재산림,83984254.040087229,690379499.1852541493,system,2025-07-19 21:10:38.151,system,2025-07-19 21:10:38.151
"2025","4148000000",ADM002,파주시,C,산지습지,689733.813503661,6747699.2164808200,system,2025-07-19 21:10:38.151,system,2025-07-19 21:10:38.151
"2025","4148000000",ADM002,파주시,D,호소,3775037.980452967,26769951.7273383399,system,2025-07-19 21:10:38.151,system,2025-07-19 21:10:38.151
"2025","4148000000",ADM002,파주시,E,하천습지,56412039.546440629,382772362.8909724179,system,2025-07-19 21:10:38.151,system,2025-07-19 21:10:38.151
"2025","4148000000",ADM002,파주시,ETC,기타,338764.019560359,2887146.3127181818,system,2025-07-19 21:10:38.151,system,2025-07-19 21:10:38.151
"2025","4148000000",ADM002,파주시,G,농업지역,149845885.833088085,1148515819.1032929392,system,2025-07-19 21:10:38.151,system,2025-07-19 21:10:38.151
"2025","4148000000",ADM002,파주시,H,조성녹지,36479365.061170470,282699644.8879524896,system,2025-07-19 21:10:38.151,system,2025-07-19 21:10:38.151
"2025","4148000000",ADM002,파주시,I,시가화건조지,150620505.653855951,1129994229.3603850000,system,2025-07-19 21:10:38.151,system,2025-07-19 21:10:38.151
"2025","4150000000",ADM002,이천시,A,자연산림,74875979.438006968,648266636.9558408250,system,2025-07-19 21:10:38.151,system,2025-07-19 21:10:38.151
"2025","4150000000",ADM002,이천시,B,식재산림,46416712.154250827,356190405.5524749267,system,2025-07-19 21:10:38.151,system,2025-07-19 21:10:38.151
"2025","4150000000",ADM002,이천시,C,산지습지,1400000.912118245,11874527.9006476810,system,2025-07-19 21:10:38.151,system,2025-07-19 21:10:38.151
"2025","4150000000",ADM002,이천시,D,호소,1764066.392382909,13327072.2208065099,system,2025-07-19 21:10:38.151,system,2025-07-19 21:10:38.151
"2025","4150000000",ADM002,이천시,E,하천습지,17666469.045324901,118923729.9414210860,system,2025-07-19 21:10:38.151,system,2025-07-19 21:10:38.151
"2025","4150000000",ADM002,이천시,ETC,기타,173148.338480288,1256175.7941211900,system,2025-07-19 21:10:38.151,system,2025-07-19 21:10:38.151
"2025","4150000000",ADM002,이천시,G,농업지역,190414599.447267446,1401482531.9857027628,system,2025-07-19 21:10:38.151,system,2025-07-19 21:10:38.151
"2025","4150000000",ADM002,이천시,H,조성녹지,26178907.529994813,179356061.8749728200,system,2025-07-19 21:10:38.151,system,2025-07-19 21:10:38.151
"2025","4150000000",ADM002,이천시,I,시가화건조지,103019247.739762422,666020319.2779252500,system,2025-07-19 21:10:38.237,system,2025-07-19 21:10:38.237
"2025","4155000000",ADM002,안성시,A,자연산림,137848965.420880184,1304129485.8877613441,system,2025-07-19 21:10:38.237,system,2025-07-19 21:10:38.237
"2025","4155000000",ADM002,안성시,B,식재산림,81838684.825740127,715932260.6270401070,system,2025-07-19 21:10:38.237,system,2025-07-19 21:10:38.237
"2025","4155000000",ADM002,안성시,C,산지습지,2219601.837412539,18859611.5538884100,system,2025-07-19 21:10:38.237,system,2025-07-19 21:10:38.237
"2025","4155000000",ADM002,안성시,D,호소,9084390.325774179,85803799.6994578476,system,2025-07-19 21:10:38.237,system,2025-07-19 21:10:38.237
"2025","4155000000",ADM002,안성시,E,하천습지,15730909.903564755,120367323.3258130716,system,2025-07-19 21:10:38.237,system,2025-07-19 21:10:38.237
"2025","4155000000",ADM002,안성시,ETC,기타,306577.773744679,1958832.2046685450,system,2025-07-19 21:10:38.237,system,2025-07-19 21:10:38.237
"2025","4155000000",ADM002,안성시,G,농업지역,177671277.487199119,1442408688.3625867813,system,2025-07-19 21:10:38.237,system,2025-07-19 21:10:38.237
"2025","4155000000",ADM002,안성시,H,조성녹지,31178691.278538973,261423817.5599817923,system,2025-07-19 21:10:38.237,system,2025-07-19 21:10:38.237
"2025","4155000000",ADM002,안성시,I,시가화건조지,97466336.859721556,741020911.5116934310,system,2025-07-19 21:10:38.237,system,2025-07-19 21:10:38.237
"2025","4157000000",ADM002,김포시,A,자연산림,35119403.933940418,245347502.1219919615,system,2025-07-19 21:10:38.237,system,2025-07-19 21:10:38.237
"2025","4157000000",ADM002,김포시,B,식재산림,14794014.703882156,100982577.2798062590,system,2025-07-19 21:10:38.237,system,2025-07-19 21:10:38.237
"2025","4157000000",ADM002,김포시,C,산지습지,16163.824410460,123893.2609958500,system,2025-07-19 21:10:38.237,system,2025-07-19 21:10:38.237
"2025","4157000000",ADM002,김포시,D,호소,1005076.230808776,6050337.2068957400,system,2025-07-19 21:10:38.237,system,2025-07-19 21:10:38.237
"2025","4157000000",ADM002,김포시,E,하천습지,43635976.094530778,264821178.3114197940,system,2025-07-19 21:10:38.237,system,2025-07-19 21:10:38.237
"2025","4157000000",ADM002,김포시,ETC,기타,18699.695479113,159656.3769314400,system,2025-07-19 21:10:38.237,system,2025-07-19 21:10:38.237
"2025","4157000000",ADM002,김포시,F,연안습지,167745.302543214,199219.6790881300,system,2025-07-19 21:10:38.237,system,2025-07-19 21:10:38.237
"2025","4157000000",ADM002,김포시,G,농업지역,74282109.390644490,466127381.2564086647,system,2025-07-19 21:10:38.237,system,2025-07-19 21:10:38.237
"2025","4157000000",ADM002,김포시,H,조성녹지,15275498.747833512,98466206.2777789600,system,2025-07-19 21:10:38.237,system,2025-07-19 21:10:38.237
"2025","4157000000",ADM002,김포시,I,시가화건조지,93470972.146682450,614857408.4508438600,system,2025-07-19 21:10:38.237,system,2025-07-19 21:10:38.237
"2025","4159000000",ADM002,화성시,A,자연산림,90762271.159549080,737466345.5545246133,system,2025-07-19 21:10:38.237,system,2025-07-19 21:10:38.237
"2025","4159000000",ADM002,화성시,B,식재산림,58541916.543832045,475952150.2488745255,system,2025-07-19 21:10:38.237,system,2025-07-19 21:10:38.237
"2025","4159000000",ADM002,화성시,C,산지습지,244463.693254113,2014004.4800567100,system,2025-07-19 21:10:38.237,system,2025-07-19 21:10:38.237
"2025","4159000000",ADM002,화성시,D,호소,6488465.060112762,42604034.2496032999,system,2025-07-19 21:10:38.237,system,2025-07-19 21:10:38.237
"2025","4159000000",ADM002,화성시,E,하천습지,19157993.480280045,126470865.0388295698,system,2025-07-19 21:10:38.237,system,2025-07-19 21:10:38.237
"2025","4159000000",ADM002,화성시,ETC,기타,93017.545558116,491043.1371042380,system,2025-07-19 21:10:38.237,system,2025-07-19 21:10:38.237
"2025","4159000000",ADM002,화성시,F,연안습지,1708102.544323652,11072289.6741520370,system,2025-07-19 21:10:38.237,system,2025-07-19 21:10:38.237
"2025","4159000000",ADM002,화성시,G,농업지역,234993886.099829892,1619688129.2595642887,system,2025-07-19 21:10:38.237,system,2025-07-19 21:10:38.237
"2025","4159000000",ADM002,화성시,H,조성녹지,53658260.220660748,446947082.8152378190,system,2025-07-19 21:10:38.237,system,2025-07-19 21:10:38.237
"2025","4159000000",ADM002,화성시,I,시가화건조지,227276382.752842368,1588143947.0188455400,system,2025-07-19 21:10:38.237,system,2025-07-19 21:10:38.237
"2025","4161000000",ADM002,광주시,A,자연산림,186409144.213392345,2511309474.3472990920,system,2025-07-19 21:10:38.237,system,2025-07-19 21:10:38.237
"2025","4161000000",ADM002,광주시,B,식재산림,72016112.990476114,894803788.0747310770,system,2025-07-19 21:10:38.237,system,2025-07-19 21:10:38.237
"2025","4161000000",ADM002,광주시,C,산지습지,2139534.130047941,27228993.4795204492,system,2025-07-19 21:10:38.237,system,2025-07-19 21:10:38.237
"2025","4161000000",ADM002,광주시,D,호소,789813.034095472,9545628.0644353800,system,2025-07-19 21:10:38.237,system,2025-07-19 21:10:38.237
"2025","4161000000",ADM002,광주시,E,하천습지,20408518.646483332,228000096.4254766280,system,2025-07-19 21:10:38.237,system,2025-07-19 21:10:38.237
"2025","4161000000",ADM002,광주시,ETC,기타,54489.051715232,571787.4710238700,system,2025-07-19 21:10:38.237,system,2025-07-19 21:10:38.237
"2025","4161000000",ADM002,광주시,G,농업지역,39305758.482912240,445271261.7470819970,system,2025-07-19 21:10:38.237,system,2025-07-19 21:10:38.237
"2025","4161000000",ADM002,광주시,H,조성녹지,26369250.410720701,321218126.0880742800,system,2025-07-19 21:10:38.237,system,2025-07-19 21:10:38.237
"2025","4161000000",ADM002,광주시,I,시가화건조지,82503383.441980516,923538110.1262321200,system,2025-07-19 21:10:38.237,system,2025-07-19 21:10:38.237
"2025","4163000000",ADM002,양주시,A,자연산림,96853151.086468468,1183383252.0597674370,system,2025-07-19 21:10:38.237,system,2025-07-19 21:10:38.237
"2025","4163000000",ADM002,양주시,B,식재산림,53811318.676224195,597472572.9225491400,system,2025-07-19 21:10:38.237,system,2025-07-19 21:10:38.237
"2025","4163000000",ADM002,양주시,C,산지습지,1182701.478654551,16619373.1202728661,system,2025-07-19 21:10:38.237,system,2025-07-19 21:10:38.237
"2025","4163000000",ADM002,양주시,D,호소,1795150.949321190,16194291.8534149700,system,2025-07-19 21:10:38.237,system,2025-07-19 21:10:38.237
"2025","4163000000",ADM002,양주시,E,하천습지,6678007.680212176,65560196.7641631380,system,2025-07-19 21:10:38.237,system,2025-07-19 21:10:38.237
"2025","4163000000",ADM002,양주시,ETC,기타,192913.426178039,2336310.7150834100,system,2025-07-19 21:10:38.237,system,2025-07-19 21:10:38.237
"2025","4163000000",ADM002,양주시,G,농업지역,44936355.346150973,406240396.8798140200,system,2025-07-19 21:10:38.237,system,2025-07-19 21:10:38.237
"2025","4163000000",ADM002,양주시,H,조성녹지,18271926.957082581,189104551.4696874900,system,2025-07-19 21:10:38.237,system,2025-07-19 21:10:38.237
"2025","4163000000",ADM002,양주시,I,시가화건조지,86770508.331638342,822965062.0299176500,system,2025-07-19 21:10:38.237,system,2025-07-19 21:10:38.237
"2025","4165000000",ADM002,포천시,A,자연산림,372044481.007001330,4341226436.7470480000,system,2025-07-19 21:10:38.237,system,2025-07-19 21:10:38.237
"2025","4165000000",ADM002,포천시,B,식재산림,153561048.726154128,1824860406.5493671200,system,2025-07-19 21:10:38.237,system,2025-07-19 21:10:38.237
"2025","4165000000",ADM002,포천시,C,산지습지,1502771.573821604,15828078.0153549990,system,2025-07-19 21:10:38.237,system,2025-07-19 21:10:38.237
"2025","4165000000",ADM002,포천시,D,호소,2906172.892535891,33659730.4493174800,system,2025-07-19 21:10:38.237,system,2025-07-19 21:10:38.237
"2025","4165000000",ADM002,포천시,E,하천습지,18292719.997823885,195055986.5281962190,system,2025-07-19 21:10:38.237,system,2025-07-19 21:10:38.237
"2025","4165000000",ADM002,포천시,ETC,기타,244217.100495371,2718609.9196058100,system,2025-07-19 21:10:38.237,system,2025-07-19 21:10:38.237
"2025","4165000000",ADM002,포천시,G,농업지역,122022155.427843859,1359822167.2002245000,system,2025-07-19 21:10:38.237,system,2025-07-19 21:10:38.237
"2025","4165000000",ADM002,포천시,H,조성녹지,34095650.496259654,391822949.7880156600,system,2025-07-19 21:10:38.237,system,2025-07-19 21:10:38.237
"2025","4165000000",ADM002,포천시,I,시가화건조지,121148831.055179310,1337675450.0127227000,system,2025-07-19 21:10:38.237,system,2025-07-19 21:10:38.237
"2025","4167000000",ADM002,여주시,A,자연산림,163527934.904829404,1917380691.4858988300,system,2025-07-19 21:10:38.237,system,2025-07-19 21:10:38.237
"2025","4167000000",ADM002,여주시,B,식재산림,86137978.249266641,906307631.9652142630,system,2025-07-19 21:10:38.237,system,2025-07-19 21:10:38.237
"2025","4167000000",ADM002,여주시,C,산지습지,661735.365884519,7028107.3917922296,system,2025-07-19 21:10:38.237,system,2025-07-19 21:10:38.237
"2025","4167000000",ADM002,여주시,D,호소,2321670.600476336,23176029.7546199230,system,2025-07-19 21:10:38.237,system,2025-07-19 21:10:38.237
"2025","4167000000",ADM002,여주시,E,하천습지,45520323.650566483,458901879.3910112020,system,2025-07-19 21:10:38.237,system,2025-07-19 21:10:38.237
"2025","4167000000",ADM002,여주시,ETC,기타,76070.158573251,591764.3790613600,system,2025-07-19 21:10:38.237,system,2025-07-19 21:10:38.237
"2025","4167000000",ADM002,여주시,G,농업지역,186263944.030002920,1776547894.9176999170,system,2025-07-19 21:10:38.237,system,2025-07-19 21:10:38.237
"2025","4167000000",ADM002,여주시,H,조성녹지,42216501.500446710,396261192.8094495983,system,2025-07-19 21:10:38.237,system,2025-07-19 21:10:38.237
"2025","4167000000",ADM002,여주시,I,시가화건조지,80650936.019237891,714868107.0089101200,system,2025-07-19 21:10:38.237,system,2025-07-19 21:10:38.237
"2025","4180000000",ADM002,연천군,A,자연산림,365801526.859787100,3412169581.9383920000,system,2025-07-19 21:10:38.237,system,2025-07-19 21:10:38.237
"2025","4180000000",ADM002,연천군,B,식재산림,58204031.580672880,556731097.7797202600,system,2025-07-19 21:10:38.237,system,2025-07-19 21:10:38.237
"2025","4180000000",ADM002,연천군,C,산지습지,1512461.235593148,16048907.8604551901,system,2025-07-19 21:10:38.237,system,2025-07-19 21:10:38.237
"2025","4180000000",ADM002,연천군,D,호소,1424355.064813832,13470655.7829806320,system,2025-07-19 21:10:38.237,system,2025-07-19 21:10:38.237
"2025","4180000000",ADM002,연천군,E,하천습지,36970606.555289140,379453762.1945565000,system,2025-07-19 21:10:38.237,system,2025-07-19 21:10:38.237
"2025","4180000000",ADM002,연천군,ETC,기타,51257.994807993,562702.3993251373,system,2025-07-19 21:10:38.237,system,2025-07-19 21:10:38.237
"2025","4180000000",ADM002,연천군,G,농업지역,127085096.481132940,1251665886.9574420000,system,2025-07-19 21:10:38.237,system,2025-07-19 21:10:38.237
"2025","4180000000",ADM002,연천군,H,조성녹지,12564536.479241032,122321127.9662178600,system,2025-07-19 21:10:38.237,system,2025-07-19 21:10:38.237
"2025","4180000000",ADM002,연천군,I,시가화건조지,62685396.993518900,639763484.0920143000,system,2025-07-19 21:10:38.237,system,2025-07-19 21:10:38.237
"2025","4182000000",ADM002,가평군,A,자연산림,457071783.244289900,5487422536.6066110000,system,2025-07-19 21:10:38.237,system,2025-07-19 21:10:38.237
"2025","4182000000",ADM002,가평군,B,식재산림,216111589.819611300,2518103937.7841520000,system,2025-07-19 21:10:38.237,system,2025-07-19 21:10:38.237
"2025","4182000000",ADM002,가평군,C,산지습지,4421962.794102581,50845200.6749837300,system,2025-07-19 21:10:38.237,system,2025-07-19 21:10:38.237
"2025","4182000000",ADM002,가평군,D,호소,886788.417005256,10737748.3193551500,system,2025-07-19 21:10:38.237,system,2025-07-19 21:10:38.237
"2025","4182000000",ADM002,가평군,E,하천습지,30220759.927718040,364659858.2755168000,system,2025-07-19 21:10:38.237,system,2025-07-19 21:10:38.237
"2025","4182000000",ADM002,가평군,ETC,기타,68138.347317220,643425.1805266550,system,2025-07-19 21:10:38.237,system,2025-07-19 21:10:38.237
"2025","4182000000",ADM002,가평군,G,농업지역,49082161.811541450,554291394.7144209000,system,2025-07-19 21:10:38.237,system,2025-07-19 21:10:38.237
"2025","4182000000",ADM002,가평군,H,조성녹지,18719067.279375080,201207851.4459016000,system,2025-07-19 21:10:38.237,system,2025-07-19 21:10:38.237
"2025","4182000000",ADM002,가평군,I,시가화건조지,64192627.371191070,709657145.3312648000,system,2025-07-19 21:10:38.237,system,2025-07-19 21:10:38.237
"2025","4183000000",ADM002,양평군,A,자연산림,390831773.700332150,5388890454.1452740000,system,2025-07-19 21:10:38.237,system,2025-07-19 21:10:38.237
"2025","4183000000",ADM002,양평군,B,식재산림,212338114.265876160,2745277396.1886730000,system,2025-07-19 21:10:38.237,system,2025-07-19 21:10:38.237
"2025","4183000000",ADM002,양평군,C,산지습지,7607313.048005545,101008911.5540940300,system,2025-07-19 21:10:38.237,system,2025-07-19 21:10:38.237
"2025","4183000000",ADM002,양평군,D,호소,2832319.439012506,33536515.8274971600,system,2025-07-19 21:10:38.237,system,2025-07-19 21:10:38.237
"2025","4183000000",ADM002,양평군,E,하천습지,31993786.168814920,351401234.8758009000,system,2025-07-19 21:10:38.237,system,2025-07-19 21:10:38.237
"2025","4183000000",ADM002,양평군,ETC,기타,126590.106545982,1561605.2489802980,system,2025-07-19 21:10:38.237,system,2025-07-19 21:10:38.237
"2025","4183000000",ADM002,양평군,G,농업지역,110363690.384782730,1337607213.8384681000,system,2025-07-19 21:10:38.237,system,2025-07-19 21:10:38.237
"2025","4183000000",ADM002,양평군,H,조성녹지,21937766.042120448,262581653.8168324900,system,2025-07-19 21:10:38.237,system,2025-07-19 21:10:38.237
"2025","4183000000",ADM002,양평군,I,시가화건조지,98814436.588100760,1138614471.4360664000,system,2025-07-19 21:10:38.237,system,2025-07-19 21:10:38.237
"2025","4111100000",ADM003,장안구,A,자연산림,10157724.331932719,111546732.0127254720,system,2025-07-19 21:10:38.237,system,2025-07-19 21:10:38.237
"2025","4111100000",ADM003,장안구,B,식재산림,4096417.701690049,39510468.0648090070,system,2025-07-19 21:10:38.237,system,2025-07-19 21:10:38.237
"2025","4111100000",ADM003,장안구,C,산지습지,97836.368507286,1118620.9349045810,system,2025-07-19 21:10:38.237,system,2025-07-19 21:10:38.237
"2025","4111100000",ADM003,장안구,D,호소,643893.867094761,6492596.1804129590,system,2025-07-19 21:10:38.237,system,2025-07-19 21:10:38.237
"2025","4111100000",ADM003,장안구,E,하천습지,379422.933271782,3672926.8870169034,system,2025-07-19 21:10:38.237,system,2025-07-19 21:10:38.237
"2025","4111100000",ADM003,장안구,ETC,기타,3053.350355943,23783.0332944100,system,2025-07-19 21:10:38.237,system,2025-07-19 21:10:38.237
"2025","4111100000",ADM003,장안구,G,농업지역,2115376.606835586,20926717.4890178575,system,2025-07-19 21:10:38.237,system,2025-07-19 21:10:38.237
"2025","4111100000",ADM003,장안구,H,조성녹지,3330493.078514741,29370609.7156365700,system,2025-07-19 21:10:38.326,system,2025-07-19 21:10:38.326
"2025","4111100000",ADM003,장안구,I,시가화건조지,12525366.280301588,113646182.2057785800,system,2025-07-19 21:10:38.326,system,2025-07-19 21:10:38.326
"2025","4111300000",ADM003,권선구,A,자연산림,1574491.752338231,12075467.8604842000,system,2025-07-19 21:10:38.326,system,2025-07-19 21:10:38.326
"2025","4111300000",ADM003,권선구,B,식재산림,1457158.406559617,11257534.0631712320,system,2025-07-19 21:10:38.326,system,2025-07-19 21:10:38.326
"2025","4111300000",ADM003,권선구,C,산지습지,1571.498541007,11367.0939574100,system,2025-07-19 21:10:38.326,system,2025-07-19 21:10:38.326
"2025","4111300000",ADM003,권선구,D,호소,137617.607196198,974070.2657454840,system,2025-07-19 21:10:38.326,system,2025-07-19 21:10:38.326
"2025","4111300000",ADM003,권선구,E,하천습지,1418590.460468203,9282113.8596111510,system,2025-07-19 21:10:38.326,system,2025-07-19 21:10:38.326
"2025","4111300000",ADM003,권선구,ETC,기타,11005.034987568,74520.7063041545,system,2025-07-19 21:10:38.326,system,2025-07-19 21:10:38.326
"2025","4111300000",ADM003,권선구,G,농업지역,10215275.149648629,68914261.6345137059,system,2025-07-19 21:10:38.326,system,2025-07-19 21:10:38.326
"2025","4111300000",ADM003,권선구,H,조성녹지,5410445.511463582,37810987.0895982488,system,2025-07-19 21:10:38.326,system,2025-07-19 21:10:38.326
"2025","4111300000",ADM003,권선구,I,시가화건조지,26927362.648883470,190263167.8008783800,system,2025-07-19 21:10:38.326,system,2025-07-19 21:10:38.326
"2025","4111500000",ADM003,팔달구,A,자연산림,490220.143420996,4524871.8427585835,system,2025-07-19 21:10:38.326,system,2025-07-19 21:10:38.326
"2025","4111500000",ADM003,팔달구,B,식재산림,204431.132083115,2028931.5210948129,system,2025-07-19 21:10:38.326,system,2025-07-19 21:10:38.326
"2025","4111500000",ADM003,팔달구,D,호소,244278.050367697,2926754.7604360500,system,2025-07-19 21:10:38.326,system,2025-07-19 21:10:38.326
"2025","4111500000",ADM003,팔달구,E,하천습지,128151.896187053,1248998.0253496284,system,2025-07-19 21:10:38.326,system,2025-07-19 21:10:38.326
"2025","4111500000",ADM003,팔달구,ETC,기타,15013.605457038,184843.7345349200,system,2025-07-19 21:10:38.326,system,2025-07-19 21:10:38.326
"2025","4111500000",ADM003,팔달구,G,농업지역,17575.158074814,190286.7339763317,system,2025-07-19 21:10:38.326,system,2025-07-19 21:10:38.326
"2025","4111500000",ADM003,팔달구,H,조성녹지,1935697.369958221,20591466.1514553683,system,2025-07-19 21:10:38.326,system,2025-07-19 21:10:38.326
"2025","4111500000",ADM003,팔달구,I,시가화건조지,9828433.698080441,101425891.5620285330,system,2025-07-19 21:10:38.326,system,2025-07-19 21:10:38.326
"2025","4111700000",ADM003,영통구,A,자연산림,2196614.963885797,24247033.9916709876,system,2025-07-19 21:10:38.326,system,2025-07-19 21:10:38.326
"2025","4111700000",ADM003,영통구,B,식재산림,2145636.987607664,23188258.3209154480,system,2025-07-19 21:10:38.326,system,2025-07-19 21:10:38.326
"2025","4111700000",ADM003,영통구,C,산지습지,22062.007001059,223575.7611442300,system,2025-07-19 21:10:38.326,system,2025-07-19 21:10:38.326
"2025","4111700000",ADM003,영통구,D,호소,737456.484642881,9935885.7525051700,system,2025-07-19 21:10:38.326,system,2025-07-19 21:10:38.326
"2025","4111700000",ADM003,영통구,E,하천습지,481782.557070506,4860032.4312338490,system,2025-07-19 21:10:38.326,system,2025-07-19 21:10:38.326
"2025","4111700000",ADM003,영통구,G,농업지역,162322.273071362,1778267.1834215040,system,2025-07-19 21:10:38.326,system,2025-07-19 21:10:38.326
"2025","4111700000",ADM003,영통구,H,조성녹지,6077956.766836397,66379296.6904867910,system,2025-07-19 21:10:38.326,system,2025-07-19 21:10:38.326
"2025","4111700000",ADM003,영통구,I,시가화건조지,15874399.102071395,169613080.9247312000,system,2025-07-19 21:10:38.326,system,2025-07-19 21:10:38.326
"2025","4113100000",ADM003,수정구,A,자연산림,14037882.553791852,174219553.9504922320,system,2025-07-19 21:10:38.326,system,2025-07-19 21:10:38.326
"2025","4113100000",ADM003,수정구,B,식재산림,4567502.343557385,50654925.0331077250,system,2025-07-19 21:10:38.326,system,2025-07-19 21:10:38.326
"2025","4113100000",ADM003,수정구,C,산지습지,81256.817482605,924762.8886217080,system,2025-07-19 21:10:38.326,system,2025-07-19 21:10:38.326
"2025","4113100000",ADM003,수정구,D,호소,172433.688540107,1802131.7130380200,system,2025-07-19 21:10:38.326,system,2025-07-19 21:10:38.326
"2025","4113100000",ADM003,수정구,E,하천습지,1052411.043846905,8594733.0504861540,system,2025-07-19 21:10:38.326,system,2025-07-19 21:10:38.326
"2025","4113100000",ADM003,수정구,ETC,기타,11353.378833881,107465.0708176100,system,2025-07-19 21:10:38.326,system,2025-07-19 21:10:38.326
"2025","4113100000",ADM003,수정구,G,농업지역,3313888.946575618,31639149.3350985711,system,2025-07-19 21:10:38.326,system,2025-07-19 21:10:38.326
"2025","4113100000",ADM003,수정구,H,조성녹지,3362154.598671823,34128779.4352866310,system,2025-07-19 21:10:38.326,system,2025-07-19 21:10:38.326
"2025","4113100000",ADM003,수정구,I,시가화건조지,18751693.618705653,174169965.9247128700,system,2025-07-19 21:10:38.326,system,2025-07-19 21:10:38.326
"2025","4113300000",ADM003,중원구,A,자연산림,10674930.003091156,149695885.8733693450,system,2025-07-19 21:10:38.326,system,2025-07-19 21:10:38.326
"2025","4113300000",ADM003,중원구,B,식재산림,2086152.115199692,26983892.8198672340,system,2025-07-19 21:10:38.326,system,2025-07-19 21:10:38.326
"2025","4113300000",ADM003,중원구,C,산지습지,48281.303567363,619264.8964905200,system,2025-07-19 21:10:38.326,system,2025-07-19 21:10:38.326
"2025","4113300000",ADM003,중원구,D,호소,9511.680695576,107570.3235591900,system,2025-07-19 21:10:38.326,system,2025-07-19 21:10:38.326
"2025","4113300000",ADM003,중원구,E,하천습지,182380.290037784,1886660.4174407009,system,2025-07-19 21:10:38.326,system,2025-07-19 21:10:38.326
"2025","4113300000",ADM003,중원구,G,농업지역,1685916.763533615,17989882.8803672509,system,2025-07-19 21:10:38.326,system,2025-07-19 21:10:38.326
"2025","4113300000",ADM003,중원구,H,조성녹지,2405312.207066860,26891971.1531155560,system,2025-07-19 21:10:38.326,system,2025-07-19 21:10:38.326
"2025","4113300000",ADM003,중원구,I,시가화건조지,9307453.551305326,104169651.4307189200,system,2025-07-19 21:10:38.326,system,2025-07-19 21:10:38.326
"2025","4113500000",ADM003,분당구,A,자연산림,21481876.028005360,271618966.1837492200,system,2025-07-19 21:10:38.326,system,2025-07-19 21:10:38.326
"2025","4113500000",ADM003,분당구,B,식재산림,6753600.750230153,81472814.5183325390,system,2025-07-19 21:10:38.326,system,2025-07-19 21:10:38.326
"2025","4113500000",ADM003,분당구,C,산지습지,252217.240130341,2957622.4685845199,system,2025-07-19 21:10:38.326,system,2025-07-19 21:10:38.326
"2025","4113500000",ADM003,분당구,D,호소,340133.888807040,4158121.6410720544,system,2025-07-19 21:10:38.326,system,2025-07-19 21:10:38.326
"2025","4113500000",ADM003,분당구,E,하천습지,2278310.831392845,25500004.7983538297,system,2025-07-19 21:10:38.326,system,2025-07-19 21:10:38.326
"2025","4113500000",ADM003,분당구,G,농업지역,3007060.505872257,34542096.7435693307,system,2025-07-19 21:10:38.326,system,2025-07-19 21:10:38.326
"2025","4113500000",ADM003,분당구,H,조성녹지,9763144.123847680,112540109.6502371990,system,2025-07-19 21:10:38.326,system,2025-07-19 21:10:38.326
"2025","4113500000",ADM003,분당구,I,시가화건조지,25825263.497495307,300809826.2050470000,system,2025-07-19 21:10:38.326,system,2025-07-19 21:10:38.326
"2025","4117100000",ADM003,만안구,A,자연산림,13554099.946937016,157338505.8738443800,system,2025-07-19 21:10:38.326,system,2025-07-19 21:10:38.326
"2025","4117100000",ADM003,만안구,B,식재산림,3286074.923950017,37577264.1095638500,system,2025-07-19 21:10:38.326,system,2025-07-19 21:10:38.326
"2025","4117100000",ADM003,만안구,C,산지습지,316347.082491940,3789538.1107750070,system,2025-07-19 21:10:38.326,system,2025-07-19 21:10:38.326
"2025","4117100000",ADM003,만안구,D,호소,4567.325740687,47358.5893902000,system,2025-07-19 21:10:38.326,system,2025-07-19 21:10:38.326
"2025","4117100000",ADM003,만안구,E,하천습지,1179357.068698962,10523142.8604599000,system,2025-07-19 21:10:38.326,system,2025-07-19 21:10:38.326
"2025","4117100000",ADM003,만안구,G,농업지역,583443.286593665,5710742.0183627690,system,2025-07-19 21:10:38.326,system,2025-07-19 21:10:38.326
"2025","4117100000",ADM003,만안구,H,조성녹지,2057091.160633217,19662291.5257222400,system,2025-07-19 21:10:38.326,system,2025-07-19 21:10:38.326
"2025","4117100000",ADM003,만안구,I,시가화건조지,15622101.266886620,152778096.9396330000,system,2025-07-19 21:10:38.326,system,2025-07-19 21:10:38.326
"2025","4117300000",ADM003,동안구,A,자연산림,5278287.374679135,57500415.1218977200,system,2025-07-19 21:10:38.326,system,2025-07-19 21:10:38.326
"2025","4117300000",ADM003,동안구,B,식재산림,793946.250308720,9431896.4373784500,system,2025-07-19 21:10:38.326,system,2025-07-19 21:10:38.326
"2025","4117300000",ADM003,동안구,C,산지습지,52845.330514322,557652.6497176720,system,2025-07-19 21:10:38.326,system,2025-07-19 21:10:38.326
"2025","4117300000",ADM003,동안구,D,호소,2528.425120370,29938.3167637700,system,2025-07-19 21:10:38.326,system,2025-07-19 21:10:38.326
"2025","4117300000",ADM003,동안구,E,하천습지,424919.736042674,4298878.8105542350,system,2025-07-19 21:10:38.326,system,2025-07-19 21:10:38.326
"2025","4117300000",ADM003,동안구,ETC,기타,2475.721541111,19161.9247918900,system,2025-07-19 21:10:38.326,system,2025-07-19 21:10:38.326
"2025","4117300000",ADM003,동안구,G,농업지역,360473.606926249,3729893.4870778620,system,2025-07-19 21:10:38.326,system,2025-07-19 21:10:38.326
"2025","4117300000",ADM003,동안구,H,조성녹지,2499180.010193161,28659427.0670528200,system,2025-07-19 21:10:38.326,system,2025-07-19 21:10:38.326
"2025","4117300000",ADM003,동안구,I,시가화건조지,12520346.527331990,142697661.6644472000,system,2025-07-19 21:10:38.326,system,2025-07-19 21:10:38.326
"2025","4119200000",ADM003,원미구,A,자연산림,1491625.873397853,19049374.6173151100,system,2025-07-19 21:10:38.326,system,2025-07-19 21:10:38.326
"2025","4119200000",ADM003,원미구,B,식재산림,883109.810881275,11509811.8387099190,system,2025-07-19 21:10:38.326,system,2025-07-19 21:10:38.326
"2025","4119200000",ADM003,원미구,D,호소,73956.273216690,436135.7553381340,system,2025-07-19 21:10:38.326,system,2025-07-19 21:10:38.326
"2025","4119200000",ADM003,원미구,E,하천습지,56455.498701319,550031.1555222878,system,2025-07-19 21:10:38.326,system,2025-07-19 21:10:38.326
"2025","4119200000",ADM003,원미구,G,농업지역,755106.100751810,9324925.4826413512,system,2025-07-19 21:10:38.326,system,2025-07-19 21:10:38.326
"2025","4119200000",ADM003,원미구,H,조성녹지,3234426.148932530,29805278.1384770910,system,2025-07-19 21:10:38.326,system,2025-07-19 21:10:38.326
"2025","4119200000",ADM003,원미구,I,시가화건조지,14129180.421243061,141855735.8688660900,system,2025-07-19 21:10:38.326,system,2025-07-19 21:10:38.326
"2025","4119400000",ADM003,소사구,A,자연산림,1463659.776372333,13421262.5726925821,system,2025-07-19 21:10:38.326,system,2025-07-19 21:10:38.326
"2025","4119400000",ADM003,소사구,B,식재산림,1164162.859426919,10185717.2555817520,system,2025-07-19 21:10:38.326,system,2025-07-19 21:10:38.326
"2025","4119400000",ADM003,소사구,D,호소,26109.729288895,251832.5020374899,system,2025-07-19 21:10:38.326,system,2025-07-19 21:10:38.326
"2025","4119400000",ADM003,소사구,E,하천습지,48468.701723957,473584.8351793565,system,2025-07-19 21:10:38.326,system,2025-07-19 21:10:38.326
"2025","4119400000",ADM003,소사구,ETC,기타,1142.764762232,14768.1128797500,system,2025-07-19 21:10:38.326,system,2025-07-19 21:10:38.326
"2025","4119400000",ADM003,소사구,G,농업지역,736748.407996329,6969545.0964404372,system,2025-07-19 21:10:38.326,system,2025-07-19 21:10:38.326
"2025","4119400000",ADM003,소사구,H,조성녹지,1713815.081421241,16378889.0698958670,system,2025-07-19 21:10:38.326,system,2025-07-19 21:10:38.326
"2025","4119400000",ADM003,소사구,I,시가화건조지,7717542.890435345,73939058.2297925000,system,2025-07-19 21:10:38.326,system,2025-07-19 21:10:38.326
"2025","4119600000",ADM003,오정구,A,자연산림,1043979.548016139,8125548.8479389870,system,2025-07-19 21:10:38.326,system,2025-07-19 21:10:38.326
"2025","4119600000",ADM003,오정구,B,식재산림,697462.621506723,5521448.0533188400,system,2025-07-19 21:10:38.326,system,2025-07-19 21:10:38.326
"2025","4119600000",ADM003,오정구,D,호소,40725.412399504,151688.6231128900,system,2025-07-19 21:10:38.326,system,2025-07-19 21:10:38.326
"2025","4119600000",ADM003,오정구,E,하천습지,698672.160471978,3554842.3866310922,system,2025-07-19 21:10:38.326,system,2025-07-19 21:10:38.326
"2025","4119600000",ADM003,오정구,ETC,기타,3078.945503283,6129.6249817200,system,2025-07-19 21:10:38.326,system,2025-07-19 21:10:38.326
"2025","4119600000",ADM003,오정구,G,농업지역,5030373.513253595,32850315.6056391700,system,2025-07-19 21:10:38.326,system,2025-07-19 21:10:38.326
"2025","4119600000",ADM003,오정구,H,조성녹지,1362111.555448313,10224260.3402615120,system,2025-07-19 21:10:38.326,system,2025-07-19 21:10:38.326
"2025","4119600000",ADM003,오정구,I,시가화건조지,11219525.634010451,90756791.0810716900,system,2025-07-19 21:10:38.326,system,2025-07-19 21:10:38.326
"2025","4127100000",ADM003,상록구,A,자연산림,10946557.372647093,112313068.0532761360,system,2025-07-19 21:10:38.326,system,2025-07-19 21:10:38.326
"2025","4127100000",ADM003,상록구,B,식재산림,8160716.526697793,75348696.8903032800,system,2025-07-19 21:10:38.326,system,2025-07-19 21:10:38.326
"2025","4127100000",ADM003,상록구,C,산지습지,7974.165498709,86104.0806661302,system,2025-07-19 21:10:38.326,system,2025-07-19 21:10:38.326
"2025","4127100000",ADM003,상록구,D,호소,409439.648611461,3162257.4684255140,system,2025-07-19 21:10:38.326,system,2025-07-19 21:10:38.326
"2025","4127100000",ADM003,상록구,E,하천습지,883567.055749708,7337403.1647108430,system,2025-07-19 21:10:38.326,system,2025-07-19 21:10:38.326
"2025","4127100000",ADM003,상록구,ETC,기타,8594.974565043,87773.4244056300,system,2025-07-19 21:10:38.326,system,2025-07-19 21:10:38.326
"2025","4127100000",ADM003,상록구,G,농업지역,9710053.510935961,75689738.1474576750,system,2025-07-19 21:10:38.326,system,2025-07-19 21:10:38.326
"2025","4127100000",ADM003,상록구,H,조성녹지,7632869.448659638,69380216.9572943640,system,2025-07-19 21:10:38.326,system,2025-07-19 21:10:38.326
"2025","4127100000",ADM003,상록구,I,시가화건조지,20188746.089571963,166867482.6559807300,system,2025-07-19 21:10:38.410,system,2025-07-19 21:10:38.410
"2025","4127300000",ADM003,단원구,A,자연산림,16242759.941836000,120453206.9437950200,system,2025-07-19 21:10:38.410,system,2025-07-19 21:10:38.410
"2025","4127300000",ADM003,단원구,B,식재산림,8820721.550664900,85572339.1723670200,system,2025-07-19 21:10:38.410,system,2025-07-19 21:10:38.410
"2025","4127300000",ADM003,단원구,C,산지습지,728.669113640,0.0000000000,system,2025-07-19 21:10:38.410,system,2025-07-19 21:10:38.410
"2025","4127300000",ADM003,단원구,D,호소,1332438.695703873,10530761.5941326830,system,2025-07-19 21:10:38.410,system,2025-07-19 21:10:38.410
"2025","4127300000",ADM003,단원구,E,하천습지,1056198.383251336,9687599.6803177931,system,2025-07-19 21:10:38.410,system,2025-07-19 21:10:38.410
"2025","4127300000",ADM003,단원구,ETC,기타,8383.709830602,61598.3368346000,system,2025-07-19 21:10:38.410,system,2025-07-19 21:10:38.410
"2025","4127300000",ADM003,단원구,F,연안습지,975069.777668003,4171852.1740262680,system,2025-07-19 21:10:38.410,system,2025-07-19 21:10:38.410
"2025","4127300000",ADM003,단원구,G,농업지역,15316522.030350578,116137407.9081779200,system,2025-07-19 21:10:38.410,system,2025-07-19 21:10:38.410
"2025","4127300000",ADM003,단원구,H,조성녹지,8325798.137776587,71615881.1910643540,system,2025-07-19 21:10:38.410,system,2025-07-19 21:10:38.410
"2025","4127300000",ADM003,단원구,I,시가화건조지,39463482.535374658,316865451.0907858900,system,2025-07-19 21:10:38.410,system,2025-07-19 21:10:38.410
"2025","4128100000",ADM003,덕양구,A,자연산림,47382566.034388628,527569198.8526642880,system,2025-07-19 21:10:38.410,system,2025-07-19 21:10:38.410
"2025","4128100000",ADM003,덕양구,B,식재산림,12782795.340686021,134942860.2759264290,system,2025-07-19 21:10:38.410,system,2025-07-19 21:10:38.410
"2025","4128100000",ADM003,덕양구,C,산지습지,335931.558959422,4116521.7628172940,system,2025-07-19 21:10:38.410,system,2025-07-19 21:10:38.410
"2025","4128100000",ADM003,덕양구,D,호소,190660.307646584,1812956.0317653183,system,2025-07-19 21:10:38.410,system,2025-07-19 21:10:38.410
"2025","4128100000",ADM003,덕양구,E,하천습지,12140684.503122130,95251333.8333645410,system,2025-07-19 21:10:38.410,system,2025-07-19 21:10:38.410
"2025","4128100000",ADM003,덕양구,ETC,기타,15287.786577549,160741.3298271400,system,2025-07-19 21:10:38.410,system,2025-07-19 21:10:38.410
"2025","4128100000",ADM003,덕양구,G,농업지역,27835434.788537598,285651165.9455857640,system,2025-07-19 21:10:38.410,system,2025-07-19 21:10:38.410
"2025","4128100000",ADM003,덕양구,H,조성녹지,15706693.968777800,161880429.4458006190,system,2025-07-19 21:10:38.410,system,2025-07-19 21:10:38.410
"2025","4128100000",ADM003,덕양구,I,시가화건조지,48886686.810715962,504506499.9746724310,system,2025-07-19 21:10:38.410,system,2025-07-19 21:10:38.410
"2025","4128500000",ADM003,일산동구,A,자연산림,5291308.119180344,40851855.2933244500,system,2025-07-19 21:10:38.410,system,2025-07-19 21:10:38.410
"2025","4128500000",ADM003,일산동구,B,식재산림,3171547.528168302,24180544.8887338370,system,2025-07-19 21:10:38.410,system,2025-07-19 21:10:38.410
"2025","4128500000",ADM003,일산동구,C,산지습지,3256.127355997,24933.2526731400,system,2025-07-19 21:10:38.410,system,2025-07-19 21:10:38.410
"2025","4128500000",ADM003,일산동구,D,호소,344844.973535241,2258113.8627340344,system,2025-07-19 21:10:38.410,system,2025-07-19 21:10:38.410
"2025","4128500000",ADM003,일산동구,E,하천습지,3591303.817389774,13301173.2097147380,system,2025-07-19 21:10:38.410,system,2025-07-19 21:10:38.410
"2025","4128500000",ADM003,일산동구,ETC,기타,107.905443714,986.9059568100,system,2025-07-19 21:10:38.410,system,2025-07-19 21:10:38.410
"2025","4128500000",ADM003,일산동구,G,농업지역,9688448.180325426,74953937.4405588520,system,2025-07-19 21:10:38.410,system,2025-07-19 21:10:38.410
"2025","4128500000",ADM003,일산동구,H,조성녹지,5881448.056577560,45646198.2950825600,system,2025-07-19 21:10:38.410,system,2025-07-19 21:10:38.410
"2025","4128500000",ADM003,일산동구,I,시가화건조지,31992406.737467833,240751258.2566620000,system,2025-07-19 21:10:38.410,system,2025-07-19 21:10:38.410
"2025","4128700000",ADM003,일산서구,A,자연산림,536282.884417817,3830132.7029476439,system,2025-07-19 21:10:38.410,system,2025-07-19 21:10:38.410
"2025","4128700000",ADM003,일산서구,B,식재산림,277932.135427674,2039433.7433510796,system,2025-07-19 21:10:38.410,system,2025-07-19 21:10:38.410
"2025","4128700000",ADM003,일산서구,D,호소,35213.425946151,225426.0346647600,system,2025-07-19 21:10:38.410,system,2025-07-19 21:10:38.410
"2025","4128700000",ADM003,일산서구,E,하천습지,6392557.661074238,26905516.4399205454,system,2025-07-19 21:10:38.410,system,2025-07-19 21:10:38.410
"2025","4128700000",ADM003,일산서구,G,농업지역,11865887.110929730,53728318.5386152790,system,2025-07-19 21:10:38.410,system,2025-07-19 21:10:38.410
"2025","4128700000",ADM003,일산서구,H,조성녹지,4179591.731281381,28040410.0183644760,system,2025-07-19 21:10:38.410,system,2025-07-19 21:10:38.410
"2025","4128700000",ADM003,일산서구,I,시가화건조지,18034694.822928250,111326458.8056713700,system,2025-07-19 21:10:38.410,system,2025-07-19 21:10:38.410
"2025","4146100000",ADM003,처인구,A,자연산림,138971312.852365020,1586725675.9507753500,system,2025-07-19 21:10:38.410,system,2025-07-19 21:10:38.410
"2025","4146100000",ADM003,처인구,B,식재산림,88720504.891639562,932137808.7302657200,system,2025-07-19 21:10:38.410,system,2025-07-19 21:10:38.410
"2025","4146100000",ADM003,처인구,C,산지습지,1900747.092314882,19668244.9959241549,system,2025-07-19 21:10:38.410,system,2025-07-19 21:10:38.410
"2025","4146100000",ADM003,처인구,D,호소,5730669.873509309,58509846.2648247390,system,2025-07-19 21:10:38.410,system,2025-07-19 21:10:38.410
"2025","4146100000",ADM003,처인구,E,하천습지,11071460.857105467,109213595.3646732180,system,2025-07-19 21:10:38.410,system,2025-07-19 21:10:38.410
"2025","4146100000",ADM003,처인구,ETC,기타,131987.462520612,1304175.4533765500,system,2025-07-19 21:10:38.410,system,2025-07-19 21:10:38.410
"2025","4146100000",ADM003,처인구,G,농업지역,87333799.266426871,821442597.7113572620,system,2025-07-19 21:10:38.410,system,2025-07-19 21:10:38.410
"2025","4146100000",ADM003,처인구,H,조성녹지,39679907.252518309,429141660.9641696310,system,2025-07-19 21:10:38.410,system,2025-07-19 21:10:38.410
"2025","4146100000",ADM003,처인구,I,시가화건조지,94328567.418006573,964406511.5077607900,system,2025-07-19 21:10:38.410,system,2025-07-19 21:10:38.410
"2025","4146300000",ADM003,기흥구,A,자연산림,17556904.347466398,257214724.3591136900,system,2025-07-19 21:10:38.410,system,2025-07-19 21:10:38.410
"2025","4146300000",ADM003,기흥구,B,식재산림,9879865.830046679,139538084.7544910100,system,2025-07-19 21:10:38.410,system,2025-07-19 21:10:38.410
"2025","4146300000",ADM003,기흥구,C,산지습지,179872.963930989,2548874.6777171400,system,2025-07-19 21:10:38.410,system,2025-07-19 21:10:38.410
"2025","4146300000",ADM003,기흥구,D,호소,2011942.566065784,25641508.7245893355,system,2025-07-19 21:10:38.410,system,2025-07-19 21:10:38.410
"2025","4146300000",ADM003,기흥구,E,하천습지,1158345.957189336,15720901.0569220960,system,2025-07-19 21:10:38.410,system,2025-07-19 21:10:38.410
"2025","4146300000",ADM003,기흥구,ETC,기타,2995.359980398,39727.9102341000,system,2025-07-19 21:10:38.410,system,2025-07-19 21:10:38.410
"2025","4146300000",ADM003,기흥구,G,농업지역,3732538.551797734,52391207.1627411130,system,2025-07-19 21:10:38.410,system,2025-07-19 21:10:38.410
"2025","4146300000",ADM003,기흥구,H,조성녹지,14700435.563546697,204897242.7219215400,system,2025-07-19 21:10:38.410,system,2025-07-19 21:10:38.410
"2025","4146300000",ADM003,기흥구,I,시가화건조지,32559851.370248958,441390756.8080793500,system,2025-07-19 21:10:38.410,system,2025-07-19 21:10:38.410
"2025","4146500000",ADM003,수지구,A,자연산림,14952587.855561044,201803268.2911309700,system,2025-07-19 21:10:38.410,system,2025-07-19 21:10:38.410
"2025","4146500000",ADM003,수지구,B,식재산림,3947222.088208558,50896823.4598227400,system,2025-07-19 21:10:38.410,system,2025-07-19 21:10:38.410
"2025","4146500000",ADM003,수지구,C,산지습지,125964.508173573,1741176.4586312020,system,2025-07-19 21:10:38.410,system,2025-07-19 21:10:38.410
"2025","4146500000",ADM003,수지구,D,호소,125450.943525448,1422334.3392411398,system,2025-07-19 21:10:38.410,system,2025-07-19 21:10:38.410
"2025","4146500000",ADM003,수지구,E,하천습지,605711.450030630,7391331.7114627790,system,2025-07-19 21:10:38.410,system,2025-07-19 21:10:38.410
"2025","4146500000",ADM003,수지구,ETC,기타,12111.338679969,173779.0242758500,system,2025-07-19 21:10:38.410,system,2025-07-19 21:10:38.410
"2025","4146500000",ADM003,수지구,G,농업지역,1241578.697473910,15537899.2984360590,system,2025-07-19 21:10:38.410,system,2025-07-19 21:10:38.410
"2025","4146500000",ADM003,수지구,H,조성녹지,4986130.441654020,62815586.7098405700,system,2025-07-19 21:10:38.410,system,2025-07-19 21:10:38.410
"2025","4146500000",ADM003,수지구,I,시가화건조지,16120464.601785970,201590132.6138566000,system,2025-07-19 21:10:38.410,system,2025-07-19 21:10:38.410
