"fbctn_yr","admdst_cd","admdst_se_cd","admdst_nm","lclsf_cd","lclsf_nm","sqmt1_gpp","sqmt1_npp","biotop_whol_gpp","biotop_whol_npp","frst_rgtr_id","frst_reg_dt","mdfr_id","mdfcn_dt"
"2025","4182000000",ADM002,가평군,A,자연산림,1.7889949588,0.9526370419,817699116.0159063000,435423511.5234110000,system,2025-07-20 13:31:28.842,system,2025-07-20 13:31:28.842
"2025","4182000000",ADM002,가평군,B,식재산림,1.6019979485,0.7673489261,346210323.5275232000,165832996.3667852000,system,2025-07-20 13:31:28.842,system,2025-07-20 13:31:28.842
"2025","4182000000",ADM002,가평군,C,산지습지,0.4515561752,0.2330999892,1996764.6060869018,1030759.4795767560,system,2025-07-20 13:31:28.842,system,2025-07-20 13:31:28.842
"2025","4182000000",ADM002,가평군,D,호소,0.4705110922,0.2386327294,417243.7865940606,211616.7403869100,system,2025-07-20 13:31:28.842,system,2025-07-20 13:31:28.842
"2025","4182000000",ADM002,가평군,E,하천습지,0.3599385751,0.1845168763,10877617.2673545000,5576240.2222945710,system,2025-07-20 13:31:28.842,system,2025-07-20 13:31:28.842
"2025","4182000000",ADM002,가평군,ETC,기타,0.0000000000,0.0000000000,0.0000000000,0.0000000000,system,2025-07-20 13:31:28.842,system,2025-07-20 13:31:28.842
"2025","4182000000",ADM002,가평군,G,농업지역,1.0818994889,0.6726165810,53101965.7768666400,33013475.8656629900,system,2025-07-20 13:31:28.842,system,2025-07-20 13:31:28.842
"2025","4182000000",ADM002,가평군,H,조성녹지,0.5852890473,0.2420102301,10956065.0543840460,4530205.7786525980,system,2025-07-20 13:31:28.842,system,2025-07-20 13:31:28.842
"2025","4182000000",ADM002,가평군,I,시가화건조지,0.1247707830,0.0598899759,8009364.3823645070,3844494.9034635080,system,2025-07-20 13:31:28.842,system,2025-07-20 13:31:28.842
"2025","41000",ADM001,경기도,A,자연산림,1.9528023368,1.0303335387,6439505657.0981976403,3397598684.8218211512,system,2025-07-20 13:31:28.842,system,2025-07-20 13:31:28.842
"2025","41000",ADM001,경기도,B,식재산림,1.8547266130,0.8892373052,2752802274.3852099810,1319814175.8459414639,system,2025-07-20 13:31:28.842,system,2025-07-20 13:31:28.842
"2025","41000",ADM001,경기도,C,산지습지,0.8403500312,0.4049474050,24991766.1281913264,12043018.3441264352,system,2025-07-20 13:31:28.842,system,2025-07-20 13:31:28.842
"2025","41000",ADM001,경기도,D,호소,0.2907988961,0.1538569906,16428718.6205481605,8692169.1964841478,system,2025-07-20 13:31:28.842,system,2025-07-20 13:31:28.842
"2025","41000",ADM001,경기도,E,하천습지,0.5437234220,0.3057425628,256653869.6812125860,144319719.7466348727,system,2025-07-20 13:31:28.842,system,2025-07-20 13:31:28.842
"2025","41000",ADM001,경기도,ETC,기타,0.0000000000,0.0000000000,0.0000000000,0.0000000000,system,2025-07-20 13:31:28.842,system,2025-07-20 13:31:28.842
"2025","41000",ADM001,경기도,F,연안습지,0.6130063502,0.3921179664,5161186.9162550832,3301424.3934202353,system,2025-07-20 13:31:28.842,system,2025-07-20 13:31:28.842
"2025","41000",ADM001,경기도,G,농업지역,1.2354525611,0.8016264457,2492980769.6876909067,1617576729.7871644379,system,2025-07-20 13:31:28.842,system,2025-07-20 13:31:28.842
"2025","41000",ADM001,경기도,H,조성녹지,0.9759550496,0.4124226666,576997042.0133305114,243829527.5611316147,system,2025-07-20 13:31:28.842,system,2025-07-20 13:31:28.842
"2025","41000",ADM001,경기도,I,시가화건조지,0.0712603496,0.0342049678,160063751.8050458909,76830600.8664301164,system,2025-07-20 13:31:28.842,system,2025-07-20 13:31:28.842
"2025","4128000000",ADM002,고양시,A,자연산림,1.9493356085,1.0273829386,103724453.8501048524,54667207.5033922219,system,2025-07-20 13:31:28.842,system,2025-07-20 13:31:28.842
"2025","4128000000",ADM002,고양시,B,식재산림,1.9262849974,0.9306742387,31267987.8144591980,15106960.1826935745,system,2025-07-20 13:31:28.842,system,2025-07-20 13:31:28.842
"2025","4128000000",ADM002,고양시,C,산지습지,0.0573767532,0.0252457714,19461.4881700952,8563.0547979000,system,2025-07-20 13:31:28.842,system,2025-07-20 13:31:28.842
"2025","4128000000",ADM002,고양시,D,호소,0.0000000000,0.0000000000,0.0000000000,0.0000000000,system,2025-07-20 13:31:28.842,system,2025-07-20 13:31:28.842
"2025","4128000000",ADM002,고양시,E,하천습지,0.6845274164,0.3897354079,15144858.3008518508,8622718.9529971058,system,2025-07-20 13:31:28.842,system,2025-07-20 13:31:28.842
"2025","4128000000",ADM002,고양시,ETC,기타,0.0000000000,0.0000000000,0.0000000000,0.0000000000,system,2025-07-20 13:31:28.842,system,2025-07-20 13:31:28.842
"2025","4128000000",ADM002,고양시,G,농업지역,0.8531240504,0.5341139125,42135600.6971770688,26379763.3348262668,system,2025-07-20 13:31:28.842,system,2025-07-20 13:31:28.842
"2025","4128000000",ADM002,고양시,H,조성녹지,1.2055913521,0.5545289306,31065356.9809637833,14288953.8430249687,system,2025-07-20 13:31:28.842,system,2025-07-20 13:31:28.842
"2025","4128000000",ADM002,고양시,I,시가화건조지,0.0378484268,0.0181672449,3743731.2821505739,1796991.0153757133,system,2025-07-20 13:31:28.842,system,2025-07-20 13:31:28.842
"2025","4129000000",ADM002,과천시,A,자연산림,1.9690476991,1.0149003982,31846742.1068694269,16414671.5497572568,system,2025-07-20 13:31:28.842,system,2025-07-20 13:31:28.842
"2025","4129000000",ADM002,과천시,B,식재산림,2.1089083230,1.0155857377,8342095.4954556456,4017298.0093883450,system,2025-07-20 13:31:28.842,system,2025-07-20 13:31:28.842
"2025","4129000000",ADM002,과천시,C,산지습지,0.2935161601,0.1515430436,61597.0643122133,31802.7007370000,system,2025-07-20 13:31:28.842,system,2025-07-20 13:31:28.842
"2025","4129000000",ADM002,과천시,D,호소,0.0854336457,0.0480534283,23316.8013532365,13114.8827104300,system,2025-07-20 13:31:28.842,system,2025-07-20 13:31:28.842
"2025","4129000000",ADM002,과천시,E,하천습지,0.5611546552,0.2944424377,239764.6292448500,125806.4622016301,system,2025-07-20 13:31:28.842,system,2025-07-20 13:31:28.842
"2025","4129000000",ADM002,과천시,ETC,기타,0.0000000000,0.0000000000,0.0000000000,0.0000000000,system,2025-07-20 13:31:28.842,system,2025-07-20 13:31:28.842
"2025","4129000000",ADM002,과천시,G,농업지역,0.8298116719,0.4716695864,2740146.4247728924,1557514.5234800734,system,2025-07-20 13:31:28.842,system,2025-07-20 13:31:28.842
"2025","4129000000",ADM002,과천시,H,조성녹지,1.1041337880,0.5133282705,4582213.7321522630,2130339.5256441585,system,2025-07-20 13:31:28.842,system,2025-07-20 13:31:28.842
"2025","4129000000",ADM002,과천시,I,시가화건조지,0.0378837598,0.0181842047,278697.1030925443,133774.6095346081,system,2025-07-20 13:31:28.842,system,2025-07-20 13:31:28.842
"2025","4121000000",ADM002,광명시,A,자연산림,2.3107844898,1.2374801290,17715921.6011933890,9487297.9481066260,system,2025-07-20 13:31:28.842,system,2025-07-20 13:31:28.842
"2025","4121000000",ADM002,광명시,B,식재산림,2.2298098263,1.0788779208,6187384.4768987950,2993722.7923475511,system,2025-07-20 13:31:28.842,system,2025-07-20 13:31:28.842
"2025","4121000000",ADM002,광명시,C,산지습지,1.4205408898,0.6250379926,5502.6465497529,2421.1644861900,system,2025-07-20 13:31:28.842,system,2025-07-20 13:31:28.842
"2025","4121000000",ADM002,광명시,D,호소,0.5275881014,0.3217512647,71441.3961671319,43568.7603804233,system,2025-07-20 13:31:28.842,system,2025-07-20 13:31:28.842
"2025","4121000000",ADM002,광명시,E,하천습지,0.4922063377,0.2373037145,483595.8242067313,233152.3928299072,system,2025-07-20 13:31:28.842,system,2025-07-20 13:31:28.842
"2025","4121000000",ADM002,광명시,ETC,기타,0.0000000000,0.0000000000,0.0000000000,0.0000000000,system,2025-07-20 13:31:28.842,system,2025-07-20 13:31:28.842
"2025","4121000000",ADM002,광명시,G,농업지역,1.0947687719,0.6865583530,6617117.9045516485,4149769.0534911870,system,2025-07-20 13:31:28.842,system,2025-07-20 13:31:28.842
"2025","4121000000",ADM002,광명시,H,조성녹지,1.3189226298,0.5972869223,4422766.2839309964,2002892.6657907154,system,2025-07-20 13:31:28.842,system,2025-07-20 13:31:28.842
"2025","4121000000",ADM002,광명시,I,시가화건조지,0.0099785280,0.0047896934,175409.5677306845,84196.5924882281,system,2025-07-20 13:31:28.842,system,2025-07-20 13:31:28.842
"2025","4161000000",ADM002,광주시,A,자연산림,1.8673860073,0.9947783126,348097827.5302612631,185435773.9283322607,system,2025-07-20 13:31:28.842,system,2025-07-20 13:31:28.842
"2025","4161000000",ADM002,광주시,B,식재산림,1.7680729923,0.8517870299,127329744.3919976036,61342390.9895802979,system,2025-07-20 13:31:28.842,system,2025-07-20 13:31:28.842
"2025","4161000000",ADM002,광주시,C,산지습지,1.1239362217,0.5188723045,2404699.9063977548,1110145.0046386800,system,2025-07-20 13:31:28.842,system,2025-07-20 13:31:28.842
"2025","4161000000",ADM002,광주시,D,호소,0.3101390649,0.1633610783,244951.8758369052,129024.7089164500,system,2025-07-20 13:31:28.842,system,2025-07-20 13:31:28.842
"2025","4161000000",ADM002,광주시,E,하천습지,0.3763947920,0.2070125597,7681660.1301762507,4224819.6852231529,system,2025-07-20 13:31:28.842,system,2025-07-20 13:31:28.842
"2025","4161000000",ADM002,광주시,ETC,기타,0.0000000000,0.0000000000,0.0000000000,0.0000000000,system,2025-07-20 13:31:28.842,system,2025-07-20 13:31:28.842
"2025","4161000000",ADM002,광주시,G,농업지역,1.0001772445,0.6219319698,39312725.2118661028,24445507.7973628309,system,2025-07-20 13:31:28.842,system,2025-07-20 13:31:28.842
"2025","4161000000",ADM002,광주시,H,조성녹지,0.8194227880,0.3288956558,21607564.6895632292,8672731.9059130617,system,2025-07-20 13:31:28.842,system,2025-07-20 13:31:28.842
"2025","4161000000",ADM002,광주시,I,시가화건조지,0.0512083018,0.0245799849,4224858.1607023746,2027931.9169511111,system,2025-07-20 13:31:28.842,system,2025-07-20 13:31:28.842
"2025","4131000000",ADM002,구리시,A,자연산림,1.9160531171,0.9929293224,11057821.0726984970,5730339.4602484160,system,2025-07-20 13:31:28.842,system,2025-07-20 13:31:28.842
"2025","4131000000",ADM002,구리시,B,식재산림,2.0248995815,0.9891254453,5335032.0151309550,2606063.0195441510,system,2025-07-20 13:31:28.842,system,2025-07-20 13:31:28.842
"2025","4131000000",ADM002,구리시,C,산지습지,0.7886755343,0.3470172348,57557.4275319223,25325.2680950700,system,2025-07-20 13:31:28.842,system,2025-07-20 13:31:28.842
"2025","4131000000",ADM002,구리시,D,호소,0.2605887685,0.1297211119,61221.1691621736,30475.9033830695,system,2025-07-20 13:31:28.842,system,2025-07-20 13:31:28.842
"2025","4131000000",ADM002,구리시,E,하천습지,0.1129671305,0.0528591975,482847.8049035829,225932.5111393011,system,2025-07-20 13:31:28.842,system,2025-07-20 13:31:28.842
"2025","4131000000",ADM002,구리시,ETC,기타,0.0000000000,0.0000000000,0.0000000000,0.0000000000,system,2025-07-20 13:31:28.842,system,2025-07-20 13:31:28.842
"2025","4131000000",ADM002,구리시,G,농업지역,1.1249603149,0.6434233337,4154538.9548548937,2376196.9814007488,system,2025-07-20 13:31:28.842,system,2025-07-20 13:31:28.842
"2025","4131000000",ADM002,구리시,H,조성녹지,1.2278398379,0.5653064184,4365020.6597985620,2009687.3542921780,system,2025-07-20 13:31:28.842,system,2025-07-20 13:31:28.842
"2025","4131000000",ADM002,구리시,I,시가화건조지,0.0308638491,0.0148146476,400034.4310288013,192016.5268260017,system,2025-07-20 13:31:28.842,system,2025-07-20 13:31:28.842
"2025","4141000000",ADM002,군포시,A,자연산림,2.2240104954,1.1848859544,21326085.6478124370,11361897.5258493358,system,2025-07-20 13:31:28.842,system,2025-07-20 13:31:28.842
"2025","4141000000",ADM002,군포시,B,식재산림,2.1724124304,1.0428827117,9887256.0463512159,4746450.6519286840,system,2025-07-20 13:31:28.842,system,2025-07-20 13:31:28.842
"2025","4141000000",ADM002,군포시,C,산지습지,1.6976508805,0.8397001324,86649.1070144794,42858.7923867200,system,2025-07-20 13:31:28.842,system,2025-07-20 13:31:28.842
"2025","4141000000",ADM002,군포시,D,호소,0.1461837330,0.0780361106,72962.0935085552,38948.7796274352,system,2025-07-20 13:31:28.842,system,2025-07-20 13:31:28.842
"2025","4141000000",ADM002,군포시,E,하천습지,0.6030920243,0.3394766169,217475.2039341721,122415.3918792092,system,2025-07-20 13:31:28.842,system,2025-07-20 13:31:28.842
"2025","4141000000",ADM002,군포시,ETC,기타,0.0000000000,0.0000000000,0.0000000000,0.0000000000,system,2025-07-20 13:31:28.842,system,2025-07-20 13:31:28.842
"2025","4141000000",ADM002,군포시,G,농업지역,1.3661052744,0.8472632295,4503949.1748427265,2793364.9000734340,system,2025-07-20 13:31:28.842,system,2025-07-20 13:31:28.842
"2025","4141000000",ADM002,군포시,H,조성녹지,1.0943975981,0.4851497324,5460204.0002383920,2420524.7835841738,system,2025-07-20 13:31:28.842,system,2025-07-20 13:31:28.842
"2025","4141000000",ADM002,군포시,I,시가화건조지,0.0268808074,0.0129027876,350630.8714815651,168302.8182685320,system,2025-07-20 13:31:28.842,system,2025-07-20 13:31:28.842
"2025","4111300000",ADM003,권선구,A,자연산림,2.1106897192,1.0589456590,3323263.5546275318,1667301.2062428763,system,2025-07-20 13:31:28.842,system,2025-07-20 13:31:28.842
"2025","4111300000",ADM003,권선구,B,식재산림,2.0824270891,1.0026909151,3034426.1389884559,1461079.4961641485,system,2025-07-20 13:31:28.842,system,2025-07-20 13:31:28.842
"2025","4111300000",ADM003,권선구,C,산지습지,0.6479573899,0.3498969908,1018.2640928265,549.8626104700,system,2025-07-20 13:31:28.842,system,2025-07-20 13:31:28.842
"2025","4111300000",ADM003,권선구,D,호소,0.0694125635,0.0335815990,9552.3909011112,4621.4192941294,system,2025-07-20 13:31:28.842,system,2025-07-20 13:31:28.842
"2025","4111300000",ADM003,권선구,E,하천습지,0.6160571649,0.3353768911,873932.8172509139,475762.4583293243,system,2025-07-20 13:31:28.842,system,2025-07-20 13:31:28.842
"2025","4111300000",ADM003,권선구,ETC,기타,0.0000000000,0.0000000000,0.0000000000,0.0000000000,system,2025-07-20 13:31:28.842,system,2025-07-20 13:31:28.842
"2025","4111300000",ADM003,권선구,G,농업지역,1.1317346591,0.7158690448,11560980.9389709221,7312799.2639657316,system,2025-07-20 13:31:28.842,system,2025-07-20 13:31:28.842
"2025","4111300000",ADM003,권선구,H,조성녹지,0.9607454918,0.4449553514,5198061.1337976512,2407406.6835181945,system,2025-07-20 13:31:28.842,system,2025-07-20 13:31:28.842
"2025","4111300000",ADM003,권선구,I,시가화건조지,0.0332288990,0.0159498715,894766.6124744037,429487.9738438048,system,2025-07-20 13:31:28.842,system,2025-07-20 13:31:28.842
"2025","4146300000",ADM003,기흥구,A,자연산림,1.9397660662,1.0405906895,34056287.2812897070,18269551.1998677210,system,2025-07-20 13:31:28.842,system,2025-07-20 13:31:28.842
"2025","4146300000",ADM003,기흥구,B,식재산림,1.8641682599,0.8941367075,18417732.2927484040,8833950.7039409300,system,2025-07-20 13:31:28.842,system,2025-07-20 13:31:28.842
"2025","4146300000",ADM003,기흥구,C,산지습지,1.8419195250,1.0040629727,331311.5242791486,180603.7828806900,system,2025-07-20 13:31:28.842,system,2025-07-20 13:31:28.842
"2025","4146300000",ADM003,기흥구,D,호소,0.1228935536,0.0688960343,247254.7715433329,138614.8640914400,system,2025-07-20 13:31:28.842,system,2025-07-20 13:31:28.842
"2025","4146300000",ADM003,기흥구,E,하천습지,0.4593780920,0.2105730562,532118.7556887182,243916.4483398366,system,2025-07-20 13:31:28.842,system,2025-07-20 13:31:28.842
"2025","4146300000",ADM003,기흥구,ETC,기타,0.0000000000,0.0000000000,0.0000000000,0.0000000000,system,2025-07-20 13:31:28.842,system,2025-07-20 13:31:28.842
"2025","4146300000",ADM003,기흥구,G,농업지역,1.2463762055,0.8115133712,4652147.2372450898,3029004.9432448317,system,2025-07-20 13:31:28.842,system,2025-07-20 13:31:28.842
"2025","4146300000",ADM003,기흥구,H,조성녹지,0.8124579140,0.3710412580,11943485.2122792260,5454468.1053620430,system,2025-07-20 13:31:28.842,system,2025-07-20 13:31:28.842
"2025","4146300000",ADM003,기흥구,I,시가화건조지,0.0336587791,0.0161562139,1095924.8434128853,526043.9249160093,system,2025-07-20 13:31:28.842,system,2025-07-20 13:31:28.842
"2025","4157000000",ADM002,김포시,A,자연산림,2.3281853429,1.2447692206,81764481.4920864384,43715553.0636640409,system,2025-07-20 13:31:28.842,system,2025-07-20 13:31:28.842
"2025","4157000000",ADM002,김포시,B,식재산림,2.1670676347,1.0397035410,32059630.4513513337,15381389.4730834939,system,2025-07-20 13:31:28.842,system,2025-07-20 13:31:28.842
"2025","4157000000",ADM002,김포시,C,산지습지,0.9484073468,0.6069807010,15329.8898231933,9811.1294714900,system,2025-07-20 13:31:28.842,system,2025-07-20 13:31:28.842
"2025","4157000000",ADM002,김포시,D,호소,0.0701502241,0.0416808867,70506.3227980502,41892.4684993023,system,2025-07-20 13:31:28.842,system,2025-07-20 13:31:28.842
"2025","4157000000",ADM002,김포시,E,하천습지,0.1493152297,0.0835592574,6515515.7937557137,3646189.7578781293,system,2025-07-20 13:31:28.842,system,2025-07-20 13:31:28.842
"2025","4157000000",ADM002,김포시,ETC,기타,0.0000000000,0.0000000000,0.0000000000,0.0000000000,system,2025-07-20 13:31:28.842,system,2025-07-20 13:31:28.842
"2025","4157000000",ADM002,김포시,F,연안습지,0.5032588037,0.3220856345,84419.3002877402,54028.3522001557,system,2025-07-20 13:31:28.842,system,2025-07-20 13:31:28.842
"2025","4157000000",ADM002,김포시,G,농업지역,1.3188517748,0.8730183465,97967091.8081105399,64849644.3160517691,system,2025-07-20 13:31:28.842,system,2025-07-20 13:31:28.842
"2025","4157000000",ADM002,김포시,H,조성녹지,1.3032636501,0.5706255288,19908002.2544827200,8716589.5504339819,system,2025-07-20 13:31:28.842,system,2025-07-20 13:31:28.842
"2025","4157000000",ADM002,김포시,I,시가화건조지,0.0635772164,0.0305170639,5942624.2219713887,2852459.6261489916,system,2025-07-20 13:31:28.944,system,2025-07-20 13:31:28.944
"2025","4136000000",ADM002,남양주시,A,자연산림,1.8438819584,0.9812143936,319196698.8218694790,169859243.8773309070,system,2025-07-20 13:31:28.944,system,2025-07-20 13:31:28.944
"2025","4136000000",ADM002,남양주시,B,식재산림,1.7404150004,0.8342809321,166262801.2823363270,79699315.8511995933,system,2025-07-20 13:31:28.944,system,2025-07-20 13:31:28.944
"2025","4136000000",ADM002,남양주시,C,산지습지,0.6963624818,0.3160390554,772713.3596579754,350690.3468562398,system,2025-07-20 13:31:28.944,system,2025-07-20 13:31:28.944
"2025","4136000000",ADM002,남양주시,D,호소,0.8803417785,0.5145233560,1103449.3237429564,644920.4878484709,system,2025-07-20 13:31:28.944,system,2025-07-20 13:31:28.944
"2025","4136000000",ADM002,남양주시,E,하천습지,0.3647530990,0.2072943082,7327234.3080914703,4164170.1491147705,system,2025-07-20 13:31:28.944,system,2025-07-20 13:31:28.944
"2025","4136000000",ADM002,남양주시,ETC,기타,0.0000000000,0.0000000000,0.0000000000,0.0000000000,system,2025-07-20 13:31:28.944,system,2025-07-20 13:31:28.944
"2025","4136000000",ADM002,남양주시,G,농업지역,1.0536039343,0.6380019707,46756876.3104218949,28313276.2322553574,system,2025-07-20 13:31:28.944,system,2025-07-20 13:31:28.944
"2025","4136000000",ADM002,남양주시,H,조성녹지,1.0349971348,0.4347845561,27883699.8598979253,11713464.3748031731,system,2025-07-20 13:31:28.944,system,2025-07-20 13:31:28.944
"2025","4136000000",ADM002,남양주시,I,시가화건조지,0.0513640288,0.0246547338,4991502.7355027819,2395921.3132957074,system,2025-07-20 13:31:28.944,system,2025-07-20 13:31:28.944
"2025","4127300000",ADM003,단원구,A,자연산림,1.6687387102,0.8184132333,27104922.2752966260,13293289.6823594918,system,2025-07-20 13:31:28.944,system,2025-07-20 13:31:28.944
"2025","4127300000",ADM003,단원구,B,식재산림,2.0359075410,0.9767420093,17958173.5219557775,8615569.2906222880,system,2025-07-20 13:31:28.944,system,2025-07-20 13:31:28.944
"2025","4127300000",ADM003,단원구,C,산지습지,2.4624494059,1.0834777367,1794.3108259802,789.4967620200,system,2025-07-20 13:31:28.944,system,2025-07-20 13:31:28.944
"2025","4127300000",ADM003,단원구,D,호소,0.3129799419,0.1814917983,417026.5856234383,241826.6950208112,system,2025-07-20 13:31:28.944,system,2025-07-20 13:31:28.944
"2025","4127300000",ADM003,단원구,E,하천습지,0.6040957893,0.3256019516,638044.9959929133,343900.2548900851,system,2025-07-20 13:31:28.944,system,2025-07-20 13:31:28.944
"2025","4127300000",ADM003,단원구,ETC,기타,0.0000000000,0.0000000000,0.0000000000,0.0000000000,system,2025-07-20 13:31:28.944,system,2025-07-20 13:31:28.944
"2025","4127300000",ADM003,단원구,F,연안습지,0.0704680426,0.0444989322,68711.2586168938,43389.5639643340,system,2025-07-20 13:31:28.944,system,2025-07-20 13:31:28.944
"2025","4127300000",ADM003,단원구,G,농업지역,0.8000712493,0.4921885084,12254308.9160416041,7538616.1315213124,system,2025-07-20 13:31:28.944,system,2025-07-20 13:31:28.944
"2025","4127300000",ADM003,단원구,H,조성녹지,1.0425388746,0.4738167001,8679968.2205065817,3944902.1994902813,system,2025-07-20 13:31:28.944,system,2025-07-20 13:31:28.944
"2025","4127300000",ADM003,단원구,I,시가화건조지,0.0587164012,0.0281838726,2317153.6733441078,1112233.7633438725,system,2025-07-20 13:31:28.944,system,2025-07-20 13:31:28.944
"2025","4128100000",ADM003,덕양구,A,자연산림,1.9455052381,1.0224005148,92183030.4136362634,48443959.9070708564,system,2025-07-20 13:31:28.944,system,2025-07-20 13:31:28.944
"2025","4128100000",ADM003,덕양구,B,식재산림,1.9406106029,0.9391653217,24806428.1727297110,12005158.0983703735,system,2025-07-20 13:31:28.944,system,2025-07-20 13:31:28.944
"2025","4128100000",ADM003,덕양구,C,산지습지,0.0407773868,0.0179420502,13698.4111138583,6027.3008929200,system,2025-07-20 13:31:28.944,system,2025-07-20 13:31:28.944
"2025","4128100000",ADM003,덕양구,D,호소,0.0000000000,0.0000000000,0.0000000000,0.0000000000,system,2025-07-20 13:31:28.944,system,2025-07-20 13:31:28.944
"2025","4128100000",ADM003,덕양구,E,하천습지,0.6380771366,0.3575024281,7746693.2040338024,4340324.1884826409,system,2025-07-20 13:31:28.944,system,2025-07-20 13:31:28.944
"2025","4128100000",ADM003,덕양구,ETC,기타,0.0000000000,0.0000000000,0.0000000000,0.0000000000,system,2025-07-20 13:31:28.944,system,2025-07-20 13:31:28.944
"2025","4128100000",ADM003,덕양구,G,농업지역,0.8483455370,0.5217063508,23614066.8738274781,14521923.1067244172,system,2025-07-20 13:31:28.944,system,2025-07-20 13:31:28.944
"2025","4128100000",ADM003,덕양구,H,조성녹지,1.2146371046,0.5566879139,19077933.2847592833,8743726.6996761738,system,2025-07-20 13:31:28.944,system,2025-07-20 13:31:28.944
"2025","4128100000",ADM003,덕양구,I,시가화건조지,0.0470093371,0.0225644818,2298130.7387349736,1103102.7544757593,system,2025-07-20 13:31:28.944,system,2025-07-20 13:31:28.944
"2025","4125000000",ADM002,동두천시,A,자연산림,1.8785930377,0.9815972040,82696831.1065228600,43210517.9567446880,system,2025-07-20 13:31:28.944,system,2025-07-20 13:31:28.944
"2025","4125000000",ADM002,동두천시,B,식재산림,1.8114634734,0.8722072044,28809452.0544089410,13871553.0325837330,system,2025-07-20 13:31:28.944,system,2025-07-20 13:31:28.944
"2025","4125000000",ADM002,동두천시,C,산지습지,0.6999978095,0.3582882811,153913.3176618377,78779.3008468301,system,2025-07-20 13:31:28.944,system,2025-07-20 13:31:28.944
"2025","4125000000",ADM002,동두천시,D,호소,0.3583199714,0.1916589380,18013.0066018850,9634.8347595600,system,2025-07-20 13:31:28.944,system,2025-07-20 13:31:28.944
"2025","4125000000",ADM002,동두천시,E,하천습지,0.6034375715,0.3451034405,1461522.3537725675,835838.5629384432,system,2025-07-20 13:31:28.944,system,2025-07-20 13:31:28.944
"2025","4125000000",ADM002,동두천시,ETC,기타,0.0000000000,0.0000000000,0.0000000000,0.0000000000,system,2025-07-20 13:31:28.944,system,2025-07-20 13:31:28.944
"2025","4125000000",ADM002,동두천시,G,농업지역,1.0111208351,0.6572893305,6542200.8024242130,4252823.8328405300,system,2025-07-20 13:31:28.944,system,2025-07-20 13:31:28.944
"2025","4125000000",ADM002,동두천시,H,조성녹지,0.9047394737,0.3722907992,4356268.0834699726,1792558.6022057735,system,2025-07-20 13:31:28.944,system,2025-07-20 13:31:28.944
"2025","4125000000",ADM002,동두천시,I,시가화건조지,0.0877444967,0.0421173584,1929716.8981657649,926264.1113918399,system,2025-07-20 13:31:28.944,system,2025-07-20 13:31:28.944
"2025","4117300000",ADM003,동안구,A,자연산림,1.9463564344,0.9935278876,10273428.5941268420,5244125.7052988000,system,2025-07-20 13:31:28.944,system,2025-07-20 13:31:28.944
"2025","4117300000",ADM003,동안구,B,식재산림,2.1429091458,1.0314689706,1701354.6810874610,818930.9215400560,system,2025-07-20 13:31:28.944,system,2025-07-20 13:31:28.944
"2025","4117300000",ADM003,동안구,C,산지습지,0.0000000000,0.0000000000,0.0000000000,0.0000000000,system,2025-07-20 13:31:28.944,system,2025-07-20 13:31:28.944
"2025","4117300000",ADM003,동안구,D,호소,0.0000000000,0.0000000000,0.0000000000,0.0000000000,system,2025-07-20 13:31:28.944,system,2025-07-20 13:31:28.944
"2025","4117300000",ADM003,동안구,E,하천습지,0.9088161002,0.5176668209,386173.8974172975,219966.8488933111,system,2025-07-20 13:31:28.944,system,2025-07-20 13:31:28.944
"2025","4117300000",ADM003,동안구,ETC,기타,0.0000000000,0.0000000000,0.0000000000,0.0000000000,system,2025-07-20 13:31:28.944,system,2025-07-20 13:31:28.944
"2025","4117300000",ADM003,동안구,G,농업지역,1.5249543500,0.9676023316,549705.7949439201,348795.1025401242,system,2025-07-20 13:31:28.944,system,2025-07-20 13:31:28.944
"2025","4117300000",ADM003,동안구,H,조성녹지,1.1973045850,0.5567155202,2992279.6850197540,1391332.2993843230,system,2025-07-20 13:31:28.944,system,2025-07-20 13:31:28.944
"2025","4117300000",ADM003,동안구,I,시가화건조지,0.0123175506,0.0059124243,154220.0022651929,74025.6011005141,system,2025-07-20 13:31:28.944,system,2025-07-20 13:31:28.944
"2025","4117100000",ADM003,만안구,A,자연산림,2.1060427225,1.0848640214,28545513.5529354700,14704355.3748318100,system,2025-07-20 13:31:28.944,system,2025-07-20 13:31:28.944
"2025","4117100000",ADM003,만안구,B,식재산림,2.1493315914,1.0336168128,7062864.6458022320,3396542.2894218410,system,2025-07-20 13:31:28.944,system,2025-07-20 13:31:28.944
"2025","4117100000",ADM003,만안구,C,산지습지,0.0000000000,0.0000000000,0.0000000000,0.0000000000,system,2025-07-20 13:31:28.944,system,2025-07-20 13:31:28.944
"2025","4117100000",ADM003,만안구,D,호소,2.1068825413,1.3484048239,9622.8188635180,6158.6040611400,system,2025-07-20 13:31:28.944,system,2025-07-20 13:31:28.944
"2025","4117100000",ADM003,만안구,E,하천습지,0.8418748372,0.4803936965,992871.0401571470,566555.7017543054,system,2025-07-20 13:31:28.944,system,2025-07-20 13:31:28.944
"2025","4117100000",ADM003,만안구,G,농업지역,1.6146183894,1.0479098633,942038.2597101100,611395.9746725917,system,2025-07-20 13:31:28.944,system,2025-07-20 13:31:28.944
"2025","4117100000",ADM003,만안구,H,조성녹지,1.2147382871,0.5455917016,2498827.3928096930,1122331.8667476210,system,2025-07-20 13:31:28.944,system,2025-07-20 13:31:28.944
"2025","4117100000",ADM003,만안구,I,시가화건조지,0.0245638439,0.0117906451,383738.8564505888,184194.6509761583,system,2025-07-20 13:31:28.944,system,2025-07-20 13:31:28.944
"2025","4119000000",ADM002,부천시,A,자연산림,2.1636041459,1.1631553606,8652826.7626131151,4651766.7531287777,system,2025-07-20 13:31:28.944,system,2025-07-20 13:31:28.944
"2025","4119000000",ADM002,부천시,B,식재산림,2.1313652548,1.0441795312,5850033.4345938937,2865996.4101411227,system,2025-07-20 13:31:28.944,system,2025-07-20 13:31:28.944
"2025","4119000000",ADM002,부천시,D,호소,0.1666106798,0.0842525848,23457.3533458570,11862.0406180700,system,2025-07-20 13:31:28.944,system,2025-07-20 13:31:28.944
"2025","4119000000",ADM002,부천시,E,하천습지,0.0962794059,0.0488185162,77369.7802136469,39230.3819317666,system,2025-07-20 13:31:28.944,system,2025-07-20 13:31:28.944
"2025","4119000000",ADM002,부천시,ETC,기타,0.0000000000,0.0000000000,0.0000000000,0.0000000000,system,2025-07-20 13:31:28.944,system,2025-07-20 13:31:28.944
"2025","4119000000",ADM002,부천시,G,농업지역,1.0738167622,0.6363454286,7003677.7767444828,4150389.9862669537,system,2025-07-20 13:31:28.944,system,2025-07-20 13:31:28.944
"2025","4119000000",ADM002,부천시,H,조성녹지,1.1698708122,0.5498229491,7382297.5388217249,3469576.7786374357,system,2025-07-20 13:31:28.944,system,2025-07-20 13:31:28.944
"2025","4119000000",ADM002,부천시,I,시가화건조지,0.0151621618,0.0072778376,501355.8152975648,240650.7914620666,system,2025-07-20 13:31:28.944,system,2025-07-20 13:31:28.944
"2025","4113500000",ADM003,분당구,A,자연산림,1.9986724546,1.0735959623,42935233.8904556040,23062855.3673553290,system,2025-07-20 13:31:28.944,system,2025-07-20 13:31:28.944
"2025","4113500000",ADM003,분당구,B,식재산림,1.9593392663,0.9406283919,13232595.1390223680,6352628.6130903540,system,2025-07-20 13:31:28.944,system,2025-07-20 13:31:28.944
"2025","4113500000",ADM003,분당구,C,산지습지,1.8133865628,0.8535716040,457367.3541708941,215285.4742048580,system,2025-07-20 13:31:28.944,system,2025-07-20 13:31:28.944
"2025","4113500000",ADM003,분당구,D,호소,0.1212274865,0.0678233555,41233.5764165717,23069.0216516696,system,2025-07-20 13:31:28.944,system,2025-07-20 13:31:28.944
"2025","4113500000",ADM003,분당구,E,하천습지,0.7285538443,0.3740892096,1659872.1147795808,852291.4981702184,system,2025-07-20 13:31:28.944,system,2025-07-20 13:31:28.944
"2025","4113500000",ADM003,분당구,G,농업지역,1.4718957466,0.9052076220,4426079.5683068482,2722014.0896845017,system,2025-07-20 13:31:28.944,system,2025-07-20 13:31:28.944
"2025","4113500000",ADM003,분당구,H,조성녹지,1.2803561796,0.5836913260,12500301.9116453246,5698662.5394009118,system,2025-07-20 13:31:28.944,system,2025-07-20 13:31:28.944
"2025","4113500000",ADM003,분당구,I,시가화건조지,0.0147403530,0.0070753694,380673.5006101224,182723.2803771972,system,2025-07-20 13:31:28.944,system,2025-07-20 13:31:28.944
"2025","4127100000",ADM003,상록구,A,자연산림,2.2545707113,1.2052594021,24679787.6417764965,13193441.1938263382,system,2025-07-20 13:31:28.944,system,2025-07-20 13:31:28.944
"2025","4127100000",ADM003,상록구,B,식재산림,2.2000631692,1.0566725291,17954091.8647942540,8623204.9717392560,system,2025-07-20 13:31:28.944,system,2025-07-20 13:31:28.944
"2025","4127100000",ADM003,상록구,C,산지습지,0.0000000000,0.0000000000,0.0000000000,0.0000000000,system,2025-07-20 13:31:28.944,system,2025-07-20 13:31:28.944
"2025","4127100000",ADM003,상록구,D,호소,1.4359895317,0.9116439701,587951.0492549743,373263.1867944108,system,2025-07-20 13:31:28.944,system,2025-07-20 13:31:28.944
"2025","4127100000",ADM003,상록구,E,하천습지,0.7072443537,0.3763195704,624897.8113031999,332503.5748573289,system,2025-07-20 13:31:28.944,system,2025-07-20 13:31:28.944
"2025","4127100000",ADM003,상록구,ETC,기타,0.0000000000,0.0000000000,0.0000000000,0.0000000000,system,2025-07-20 13:31:28.944,system,2025-07-20 13:31:28.944
"2025","4127100000",ADM003,상록구,G,농업지역,1.1727054803,0.7558578524,11387032.9663643009,7339420.1933286265,system,2025-07-20 13:31:28.944,system,2025-07-20 13:31:28.944
"2025","4127100000",ADM003,상록구,H,조성녹지,1.1815185924,0.5288954629,9018377.1666056644,4036990.0203303222,system,2025-07-20 13:31:28.944,system,2025-07-20 13:31:28.944
"2025","4127100000",ADM003,상록구,I,시가화건조지,0.0456529772,0.0219134291,921676.3648817392,442404.6550800705,system,2025-07-20 13:31:28.944,system,2025-07-20 13:31:28.944
"2025","4113000000",ADM002,성남시,A,자연산림,1.9890019841,1.0659145394,91881327.2523727608,49239590.2063302758,system,2025-07-20 13:31:28.944,system,2025-07-20 13:31:28.944
"2025","4113000000",ADM002,성남시,B,식재산림,1.9667849657,0.9450273316,26369187.9761697425,12670222.6138906895,system,2025-07-20 13:31:28.944,system,2025-07-20 13:31:28.944
"2025","4113000000",ADM002,성남시,C,산지습지,1.6594754139,0.7774495361,633513.6360081703,296795.5284407074,system,2025-07-20 13:31:28.944,system,2025-07-20 13:31:28.944
"2025","4113000000",ADM002,성남시,D,호소,0.2258059363,0.1195935821,117888.5956823877,62437.3285921496,system,2025-07-20 13:31:28.944,system,2025-07-20 13:31:28.944
"2025","4113000000",ADM002,성남시,E,하천습지,0.7071609679,0.3734878162,2484328.7273579479,1312100.8558186659,system,2025-07-20 13:31:28.944,system,2025-07-20 13:31:28.944
"2025","4113000000",ADM002,성남시,ETC,기타,0.0000000000,0.0000000000,0.0000000000,0.0000000000,system,2025-07-20 13:31:28.944,system,2025-07-20 13:31:28.944
"2025","4113000000",ADM002,성남시,G,농업지역,1.3463261538,0.8268019254,10779853.3966740695,6620092.4041474284,system,2025-07-20 13:31:28.944,system,2025-07-20 13:31:28.944
"2025","4113000000",ADM002,성남시,H,조성녹지,1.2881077695,0.5773167431,20005100.6034579674,8966081.7201282526,system,2025-07-20 13:31:28.944,system,2025-07-20 13:31:28.944
"2025","4113000000",ADM002,성남시,I,시가화건조지,0.0124375089,0.0059700043,670187.8373127319,321690.1620206290,system,2025-07-20 13:31:28.944,system,2025-07-20 13:31:28.944
"2025","4119400000",ADM003,소사구,A,자연산림,2.1653803646,1.1620008858,3169380.1402806858,1700773.9567227703,system,2025-07-20 13:31:28.944,system,2025-07-20 13:31:28.944
"2025","4119400000",ADM003,소사구,B,식재산림,2.1786095820,1.0677810164,2536256.3605222351,1243071.0013267446,system,2025-07-20 13:31:28.944,system,2025-07-20 13:31:28.944
"2025","4119400000",ADM003,소사구,D,호소,0.2717592101,0.1739258941,7095.5594063836,4541.1580117400,system,2025-07-20 13:31:28.944,system,2025-07-20 13:31:28.944
"2025","4119400000",ADM003,소사구,E,하천습지,0.0000000000,0.0000000000,0.0000000000,0.0000000000,system,2025-07-20 13:31:28.944,system,2025-07-20 13:31:28.944
"2025","4119400000",ADM003,소사구,ETC,기타,0.0000000000,0.0000000000,0.0000000000,0.0000000000,system,2025-07-20 13:31:28.944,system,2025-07-20 13:31:28.944
"2025","4119400000",ADM003,소사구,G,농업지역,1.6989066761,1.0672836677,1251666.7889560997,786319.5430264410,system,2025-07-20 13:31:28.944,system,2025-07-20 13:31:28.944
"2025","4119400000",ADM003,소사구,H,조성녹지,1.3086703397,0.6143981937,2242818.9648212328,1052964.8903393242,system,2025-07-20 13:31:28.944,system,2025-07-20 13:31:28.944
"2025","4119400000",ADM003,소사구,I,시가화건조지,0.0105124422,0.0050459723,81130.2235273588,38942.5072916025,system,2025-07-20 13:31:28.944,system,2025-07-20 13:31:28.944
"2025","4111000000",ADM002,수원시,A,자연산림,2.0707167900,1.0840564403,29857771.3976061107,15631065.3070415680,system,2025-07-20 13:31:28.944,system,2025-07-20 13:31:28.944
"2025","4111000000",ADM002,수원시,B,식재산림,2.0822775909,1.0017714072,16457581.2621540305,7917644.8005478354,system,2025-07-20 13:31:28.944,system,2025-07-20 13:31:28.944
"2025","4111000000",ADM002,수원시,C,산지습지,1.1586165159,0.5415935826,140737.0022558364,65787.3042637600,system,2025-07-20 13:31:28.944,system,2025-07-20 13:31:28.944
"2025","4111000000",ADM002,수원시,D,호소,0.3441795899,0.1907730696,606873.2883883299,336379.8536421630,system,2025-07-20 13:31:29.030,system,2025-07-20 13:31:29.030
"2025","4111000000",ADM002,수원시,E,하천습지,0.6802408683,0.3711395079,1637984.5342572795,893684.5788665295,system,2025-07-20 13:31:29.030,system,2025-07-20 13:31:29.030
"2025","4111000000",ADM002,수원시,ETC,기타,0.0000000000,0.0000000000,0.0000000000,0.0000000000,system,2025-07-20 13:31:29.030,system,2025-07-20 13:31:29.030
"2025","4111000000",ADM002,수원시,G,농업지역,1.2021000576,0.7623726044,15038931.8993153177,9537699.9668940946,system,2025-07-20 13:31:29.030,system,2025-07-20 13:31:29.030
"2025","4111000000",ADM002,수원시,H,조성녹지,1.0552936098,0.4848981681,17681014.6390492467,8124271.3196705404,system,2025-07-20 13:31:29.030,system,2025-07-20 13:31:29.030
"2025","4111000000",ADM002,수원시,I,시가화건조지,0.0173885920,0.0083465242,1132963.4793664080,543822.4699801917,system,2025-07-20 13:31:29.030,system,2025-07-20 13:31:29.030
"2025","4113100000",ADM003,수정구,A,자연산림,1.9807206278,1.0564454995,27805123.5444891148,14830257.8462863463,system,2025-07-20 13:31:29.030,system,2025-07-20 13:31:29.030
"2025","4113100000",ADM003,수정구,B,식재산림,1.9785410186,0.9520285689,9036990.7394084453,4348392.7194261985,system,2025-07-20 13:31:29.030,system,2025-07-20 13:31:29.030
"2025","4113100000",ADM003,수정구,C,산지습지,1.5853849833,0.7208142178,128823.3382272401,58571.0693347794,system,2025-07-20 13:31:29.030,system,2025-07-20 13:31:29.030
"2025","4113100000",ADM003,수정구,D,호소,0.3797329505,0.1868283222,65478.7533159926,32215.4967197000,system,2025-07-20 13:31:29.030,system,2025-07-20 13:31:29.030
"2025","4113100000",ADM003,수정구,E,하천습지,0.7231185128,0.4050234476,761017.9089201210,426251.1493132798,system,2025-07-20 13:31:29.030,system,2025-07-20 13:31:29.030
"2025","4113100000",ADM003,수정구,ETC,기타,0.0000000000,0.0000000000,0.0000000000,0.0000000000,system,2025-07-20 13:31:29.030,system,2025-07-20 13:31:29.030
"2025","4113100000",ADM003,수정구,G,농업지역,1.2129512757,0.7387106946,4019585.8251124798,2448005.2056591861,system,2025-07-20 13:31:29.030,system,2025-07-20 13:31:29.030
"2025","4113100000",ADM003,수정구,H,조성녹지,1.2932764839,0.5484898971,4348195.4778604676,1844107.8298431731,system,2025-07-20 13:31:29.030,system,2025-07-20 13:31:29.030
"2025","4113100000",ADM003,수정구,I,시가화건조지,0.0117941099,0.0056611728,221159.5358439543,106156.5772338718,system,2025-07-20 13:31:29.030,system,2025-07-20 13:31:29.030
"2025","4146500000",ADM003,수지구,A,자연산림,2.0034352040,1.0766671729,29956540.9003574240,16098960.4943205840,system,2025-07-20 13:31:29.030,system,2025-07-20 13:31:29.030
"2025","4146500000",ADM003,수지구,B,식재산림,1.9828346862,0.9517127629,7826688.8705259270,3756621.6395018920,system,2025-07-20 13:31:29.030,system,2025-07-20 13:31:29.030
"2025","4146500000",ADM003,수지구,C,산지습지,1.1306743969,0.5786372803,142424.8443160220,72887.7604284589,system,2025-07-20 13:31:29.030,system,2025-07-20 13:31:29.030
"2025","4146500000",ADM003,수지구,D,호소,0.0958843579,0.0603386780,12028.7831643786,7569.5440812186,system,2025-07-20 13:31:29.030,system,2025-07-20 13:31:29.030
"2025","4146500000",ADM003,수지구,E,하천습지,0.3383266882,0.1398789637,204928.3488979398,84726.2899356393,system,2025-07-20 13:31:29.030,system,2025-07-20 13:31:29.030
"2025","4146500000",ADM003,수지구,ETC,기타,0.0000000000,0.0000000000,0.0000000000,0.0000000000,system,2025-07-20 13:31:29.030,system,2025-07-20 13:31:29.030
"2025","4146500000",ADM003,수지구,G,농업지역,1.2572364100,0.8056420864,1560957.9443870654,1000268.0522834962,system,2025-07-20 13:31:29.030,system,2025-07-20 13:31:29.030
"2025","4146500000",ADM003,수지구,H,조성녹지,1.2621346375,0.5856932296,6293167.9376758940,2920342.8416920329,system,2025-07-20 13:31:29.030,system,2025-07-20 13:31:29.030
"2025","4146500000",ADM003,수지구,I,시가화건조지,0.0576527642,0.0276733268,929389.3444191063,446106.8855054771,system,2025-07-20 13:31:29.030,system,2025-07-20 13:31:29.030
"2025","4139000000",ADM002,시흥시,A,자연산림,2.2837647386,1.2023724320,45081197.8713031452,23734664.3487597756,system,2025-07-20 13:31:29.030,system,2025-07-20 13:31:29.030
"2025","4139000000",ADM002,시흥시,B,식재산림,2.2337987280,1.0709658486,19187792.4017837211,9199338.3797054277,system,2025-07-20 13:31:29.030,system,2025-07-20 13:31:29.030
"2025","4139000000",ADM002,시흥시,C,산지습지,1.7718648610,1.0973853043,26692.2048126115,16531.5278532700,system,2025-07-20 13:31:29.030,system,2025-07-20 13:31:29.030
"2025","4139000000",ADM002,시흥시,D,호소,0.2223968000,0.1305822231,338408.6418169876,198699.5890076865,system,2025-07-20 13:31:29.030,system,2025-07-20 13:31:29.030
"2025","4139000000",ADM002,시흥시,E,하천습지,0.2366587911,0.1028728307,602477.3369524616,261889.9082906337,system,2025-07-20 13:31:29.030,system,2025-07-20 13:31:29.030
"2025","4139000000",ADM002,시흥시,ETC,기타,0.0000000000,0.0000000000,0.0000000000,0.0000000000,system,2025-07-20 13:31:29.030,system,2025-07-20 13:31:29.030
"2025","4139000000",ADM002,시흥시,F,연안습지,1.7317350479,1.1083104293,4748211.4178191296,3038855.3036273690,system,2025-07-20 13:31:29.030,system,2025-07-20 13:31:29.030
"2025","4139000000",ADM002,시흥시,G,농업지역,1.3015291988,0.8701558367,40945140.8713981533,27374455.6377268230,system,2025-07-20 13:31:29.030,system,2025-07-20 13:31:29.030
"2025","4139000000",ADM002,시흥시,H,조성녹지,1.2549708732,0.5511622179,20610781.8724962715,9051910.6796267524,system,2025-07-20 13:31:29.030,system,2025-07-20 13:31:29.030
"2025","4139000000",ADM002,시흥시,I,시가화건조지,0.0435209552,0.0208900585,2527410.1962126760,1213156.8941101381,system,2025-07-20 13:31:29.030,system,2025-07-20 13:31:29.030
"2025","4127000000",ADM002,안산시,A,자연산림,1.9045976520,0.9741594675,51784709.9170731225,26486730.8761858300,system,2025-07-20 13:31:29.030,system,2025-07-20 13:31:29.030
"2025","4127000000",ADM002,안산시,B,식재산림,2.1147952973,1.0151539689,35912265.3867500315,17238774.2623615440,system,2025-07-20 13:31:29.030,system,2025-07-20 13:31:29.030
"2025","4127000000",ADM002,안산시,C,산지습지,0.2061754481,0.0907171970,1794.3108259802,789.4967620200,system,2025-07-20 13:31:29.030,system,2025-07-20 13:31:29.030
"2025","4127000000",ADM002,안산시,D,호소,0.5769505305,0.3531187375,1004977.6348784126,615089.8818152220,system,2025-07-20 13:31:29.030,system,2025-07-20 13:31:29.030
"2025","4127000000",ADM002,안산시,E,하천습지,0.6510801677,0.3487039289,1262942.8072961132,676403.8297474140,system,2025-07-20 13:31:29.030,system,2025-07-20 13:31:29.030
"2025","4127000000",ADM002,안산시,ETC,기타,0.0000000000,0.0000000000,0.0000000000,0.0000000000,system,2025-07-20 13:31:29.030,system,2025-07-20 13:31:29.030
"2025","4127000000",ADM002,안산시,F,연안습지,0.0704680426,0.0444989322,68711.2586168938,43389.5639643340,system,2025-07-20 13:31:29.030,system,2025-07-20 13:31:29.030
"2025","4127000000",ADM002,안산시,G,농업지역,0.9446494924,0.5944894978,23641341.8824059050,14878036.3248499389,system,2025-07-20 13:31:29.030,system,2025-07-20 13:31:29.030
"2025","4127000000",ADM002,안산시,H,조성녹지,1.1090114692,0.5001603158,17698345.3871122461,7981892.2198206035,system,2025-07-20 13:31:29.030,system,2025-07-20 13:31:29.030
"2025","4127000000",ADM002,안산시,I,시가화건조지,0.0542952059,0.0260616989,3238830.0382258470,1554638.4184239430,system,2025-07-20 13:31:29.030,system,2025-07-20 13:31:29.030
"2025","4155000000",ADM002,안성시,A,자연산림,2.2250900740,1.1707915678,306726364.6739268411,161392406.3380728379,system,2025-07-20 13:31:29.030,system,2025-07-20 13:31:29.030
"2025","4155000000",ADM002,안성시,B,식재산림,2.1542335603,1.0337472860,176299641.3820920731,84600518.3290167799,system,2025-07-20 13:31:29.030,system,2025-07-20 13:31:29.030
"2025","4155000000",ADM002,안성시,C,산지습지,1.8931168904,0.9067158703,4201965.7284007128,2012548.2118124500,system,2025-07-20 13:31:29.030,system,2025-07-20 13:31:29.030
"2025","4155000000",ADM002,안성시,D,호소,0.2424786348,0.1190115740,2202770.5639133975,1081147.5912287893,system,2025-07-20 13:31:29.030,system,2025-07-20 13:31:29.030
"2025","4155000000",ADM002,안성시,E,하천습지,0.9555041774,0.5420818401,15030950.1277078186,8527440.5862202775,system,2025-07-20 13:31:29.030,system,2025-07-20 13:31:29.030
"2025","4155000000",ADM002,안성시,ETC,기타,0.0000000000,0.0000000000,0.0000000000,0.0000000000,system,2025-07-20 13:31:29.030,system,2025-07-20 13:31:29.030
"2025","4155000000",ADM002,안성시,G,농업지역,1.3752733246,0.8799580699,244346568.4793916012,156343274.4139784280,system,2025-07-20 13:31:29.030,system,2025-07-20 13:31:29.030
"2025","4155000000",ADM002,안성시,H,조성녹지,0.8590374617,0.3344665620,26783663.8152599345,10428229.6786340800,system,2025-07-20 13:31:29.030,system,2025-07-20 13:31:29.030
"2025","4155000000",ADM002,안성시,I,시가화건조지,0.0797168288,0.0382640778,7769707.2895839568,3729459.4985740884,system,2025-07-20 13:31:29.030,system,2025-07-20 13:31:29.030
"2025","4117000000",ADM002,안양시,A,자연산림,2.0612863087,1.0592645924,38818942.1470623120,19948481.0801306100,system,2025-07-20 13:31:29.030,system,2025-07-20 13:31:29.030
"2025","4117000000",ADM002,안양시,B,식재산림,2.1480818242,1.0331988563,8764219.3268896930,4215473.2109618970,system,2025-07-20 13:31:29.030,system,2025-07-20 13:31:29.030
"2025","4117000000",ADM002,안양시,C,산지습지,0.0000000000,0.0000000000,0.0000000000,0.0000000000,system,2025-07-20 13:31:29.030,system,2025-07-20 13:31:29.030
"2025","4117000000",ADM002,안양시,D,호소,1.3561382089,0.8679284521,9622.8188635180,6158.6040611400,system,2025-07-20 13:31:29.030,system,2025-07-20 13:31:29.030
"2025","4117000000",ADM002,안양시,E,하천습지,0.8596053583,0.4902661114,1379044.9375744445,786522.5506476165,system,2025-07-20 13:31:29.030,system,2025-07-20 13:31:29.030
"2025","4117000000",ADM002,안양시,ETC,기타,0.0000000000,0.0000000000,0.0000000000,0.0000000000,system,2025-07-20 13:31:29.030,system,2025-07-20 13:31:29.030
"2025","4117000000",ADM002,안양시,G,농업지역,1.5803764769,1.0172411192,1491744.0546540301,960191.0772127159,system,2025-07-20 13:31:29.030,system,2025-07-20 13:31:29.030
"2025","4117000000",ADM002,안양시,H,조성녹지,1.2051756517,0.5516932755,5491107.0778294470,2513664.1661319440,system,2025-07-20 13:31:29.030,system,2025-07-20 13:31:29.030
"2025","4117000000",ADM002,안양시,I,시가화건조지,0.0191155674,0.0091754724,537958.8587157817,258220.2520766724,system,2025-07-20 13:31:29.030,system,2025-07-20 13:31:29.030
"2025","4163000000",ADM002,양주시,A,자연산림,1.9483534532,1.0188705418,188704171.3734535380,98680822.5216600289,system,2025-07-20 13:31:29.030,system,2025-07-20 13:31:29.030
"2025","4163000000",ADM002,양주시,B,식재산림,1.8812728083,0.9057030037,101233770.6061004480,48737072.9571760340,system,2025-07-20 13:31:29.030,system,2025-07-20 13:31:29.030
"2025","4163000000",ADM002,양주시,C,산지습지,0.1751433846,0.0813101202,207142.3399605429,96165.5994428386,system,2025-07-20 13:31:29.030,system,2025-07-20 13:31:29.030
"2025","4163000000",ADM002,양주시,D,호소,0.1474773547,0.0781908801,264744.1133090649,140364.4326474676,system,2025-07-20 13:31:29.030,system,2025-07-20 13:31:29.030
"2025","4163000000",ADM002,양주시,E,하천습지,0.5043243814,0.2797406714,3367882.0925907653,1868110.3519834083,system,2025-07-20 13:31:29.030,system,2025-07-20 13:31:29.030
"2025","4163000000",ADM002,양주시,ETC,기타,0.0000000000,0.0000000000,0.0000000000,0.0000000000,system,2025-07-20 13:31:29.030,system,2025-07-20 13:31:29.030
"2025","4163000000",ADM002,양주시,G,농업지역,1.0531754406,0.6942857176,47325865.8393490090,31198669.7183265230,system,2025-07-20 13:31:29.030,system,2025-07-20 13:31:29.030
"2025","4163000000",ADM002,양주시,H,조성녹지,1.0092958601,0.4140829700,18441780.2338054240,7566093.7820915807,system,2025-07-20 13:31:29.030,system,2025-07-20 13:31:29.030
"2025","4163000000",ADM002,양주시,I,시가화건조지,0.0937023079,0.0449771078,8130596.8887968300,3902686.5064679085,system,2025-07-20 13:31:29.030,system,2025-07-20 13:31:29.030
"2025","4183000000",ADM002,양평군,A,자연산림,1.8526912219,0.9748157581,724090596.3696142000,380988971.7813375000,system,2025-07-20 13:31:29.030,system,2025-07-20 13:31:29.030
"2025","4183000000",ADM002,양평군,B,식재산림,1.5977510778,0.7645100833,339263450.9171686900,162334629.4232655400,system,2025-07-20 13:31:29.030,system,2025-07-20 13:31:29.030
"2025","4183000000",ADM002,양평군,C,산지습지,0.8351329801,0.3962705347,6353118.0160088000,3014554.0094778060,system,2025-07-20 13:31:29.030,system,2025-07-20 13:31:29.030
"2025","4183000000",ADM002,양평군,D,호소,0.5185354433,0.2711952111,1468658.0159781080,768111.4682899597,system,2025-07-20 13:31:29.030,system,2025-07-20 13:31:29.030
"2025","4183000000",ADM002,양평군,E,하천습지,0.4425118245,0.2362829016,14157628.6900925120,7559584.6305970600,system,2025-07-20 13:31:29.030,system,2025-07-20 13:31:29.030
"2025","4183000000",ADM002,양평군,ETC,기타,0.0000000000,0.0000000000,0.0000000000,0.0000000000,system,2025-07-20 13:31:29.030,system,2025-07-20 13:31:29.030
"2025","4183000000",ADM002,양평군,G,농업지역,1.0775898232,0.6881970172,118926789.6084720800,75951962.5275259200,system,2025-07-20 13:31:29.030,system,2025-07-20 13:31:29.030
"2025","4183000000",ADM002,양평군,H,조성녹지,0.9912798357,0.3874530397,21746465.1183850250,8499854.1372327940,system,2025-07-20 13:31:29.030,system,2025-07-20 13:31:29.030
"2025","4183000000",ADM002,양평군,I,시가화건조지,0.1315798587,0.0631583322,13001989.6032183700,6240955.0096779550,system,2025-07-20 13:31:29.030,system,2025-07-20 13:31:29.030
"2025","4167000000",ADM002,여주시,A,자연산림,2.1079275644,1.1158715345,344705041.5346137095,182476167.6564790652,system,2025-07-20 13:31:29.030,system,2025-07-20 13:31:29.030
"2025","4167000000",ADM002,여주시,B,식재산림,2.0438800979,0.9778868534,176055699.4170762460,84233196.5064610495,system,2025-07-20 13:31:29.030,system,2025-07-20 13:31:29.030
"2025","4167000000",ADM002,여주시,C,산지습지,1.4875543467,0.6987045564,984367.3198983642,462357.5153018499,system,2025-07-20 13:31:29.030,system,2025-07-20 13:31:29.030
"2025","4167000000",ADM002,여주시,D,호소,0.6125415067,0.2999194523,1422119.6075631759,696314.1748740666,system,2025-07-20 13:31:29.030,system,2025-07-20 13:31:29.030
"2025","4167000000",ADM002,여주시,E,하천습지,0.7931612253,0.4456477611,36104955.6812564159,20286030.3194210951,system,2025-07-20 13:31:29.030,system,2025-07-20 13:31:29.030
"2025","4167000000",ADM002,여주시,ETC,기타,0.0000000000,0.0000000000,0.0000000000,0.0000000000,system,2025-07-20 13:31:29.030,system,2025-07-20 13:31:29.030
"2025","4167000000",ADM002,여주시,G,농업지역,1.3213550952,0.8683768445,246120811.5052179058,161747295.9586289617,system,2025-07-20 13:31:29.030,system,2025-07-20 13:31:29.030
"2025","4167000000",ADM002,여주시,H,조성녹지,0.7231930017,0.2891494083,30530678.4417613819,12206876.4279661665,system,2025-07-20 13:31:29.030,system,2025-07-20 13:31:29.030
"2025","4167000000",ADM002,여주시,I,시가화건조지,0.1449320131,0.0695673663,11688902.5131008538,5610673.2064876499,system,2025-07-20 13:31:29.030,system,2025-07-20 13:31:29.030
"2025","4180000000",ADM002,연천군,A,자연산림,1.8868169274,0.9865180851,690200512.9457797000,360869821.7893577000,system,2025-07-20 13:31:29.030,system,2025-07-20 13:31:29.030
"2025","4180000000",ADM002,연천군,B,식재산림,1.8472889732,0.8835149348,107519665.7341818100,51424131.1675273900,system,2025-07-20 13:31:29.030,system,2025-07-20 13:31:29.030
"2025","4180000000",ADM002,연천군,C,산지습지,0.1059360722,0.0466118718,160224.2027245634,70498.6492268600,system,2025-07-20 13:31:29.030,system,2025-07-20 13:31:29.030
"2025","4180000000",ADM002,연천군,D,호소,0.3259363755,0.1599672662,464249.1272639102,227850.1858777785,system,2025-07-20 13:31:29.030,system,2025-07-20 13:31:29.030
"2025","4180000000",ADM002,연천군,E,하천습지,0.6892264344,0.4016990450,25481119.3328353300,14851057.3471500280,system,2025-07-20 13:31:29.030,system,2025-07-20 13:31:29.030
"2025","4180000000",ADM002,연천군,ETC,기타,0.0000000000,0.0000000000,0.0000000000,0.0000000000,system,2025-07-20 13:31:29.030,system,2025-07-20 13:31:29.030
"2025","4180000000",ADM002,연천군,G,농업지역,1.3208934433,0.8743362639,167865870.6852068800,111115108.4513590900,system,2025-07-20 13:31:29.030,system,2025-07-20 13:31:29.030
"2025","4180000000",ADM002,연천군,H,조성녹지,0.8634209415,0.3082289731,10848483.9166834870,3872754.1769669810,system,2025-07-20 13:31:29.030,system,2025-07-20 13:31:29.030
"2025","4180000000",ADM002,연천군,I,시가화건조지,0.0998377791,0.0479221340,6258370.8171656321,3004017.9929154410,system,2025-07-20 13:31:29.030,system,2025-07-20 13:31:29.030
"2025","4111700000",ADM003,영통구,A,자연산림,1.9344006768,1.0150625488,4249133.4728969642,2229701.5839480265,system,2025-07-20 13:31:29.030,system,2025-07-20 13:31:29.030
"2025","4111700000",ADM003,영통구,B,식재산림,2.0347302775,0.9803853371,4365792.5431439488,2103551.0413459477,system,2025-07-20 13:31:29.030,system,2025-07-20 13:31:29.030
"2025","4111700000",ADM003,영통구,C,산지습지,1.9771653619,0.9422114651,43620.2360566633,20787.0759393100,system,2025-07-20 13:31:29.106,system,2025-07-20 13:31:29.106
"2025","4111700000",ADM003,영통구,D,호소,0.4197301946,0.2433759254,309532.7537922790,179479.1543846400,system,2025-07-20 13:31:29.106,system,2025-07-20 13:31:29.106
"2025","4111700000",ADM003,영통구,E,하천습지,0.5874754967,0.3081149449,283035.4470369516,148444.4060163033,system,2025-07-20 13:31:29.106,system,2025-07-20 13:31:29.106
"2025","4111700000",ADM003,영통구,G,농업지역,1.5679599401,0.9473544826,254514.8215549530,153776.7330147316,system,2025-07-20 13:31:29.106,system,2025-07-20 13:31:29.106
"2025","4111700000",ADM003,영통구,H,조성녹지,1.1855555617,0.5473626074,7205755.4484747308,3326846.2635209128,system,2025-07-20 13:31:29.106,system,2025-07-20 13:31:29.106
"2025","4111700000",ADM003,영통구,I,시가화건조지,0.0055114180,0.0026454807,87490.4496515150,41995.4158268801,system,2025-07-20 13:31:29.106,system,2025-07-20 13:31:29.106
"2025","4137000000",ADM002,오산시,A,자연산림,2.2507691285,1.1821913194,6469674.3743033443,3398124.1291395563,system,2025-07-20 13:31:29.106,system,2025-07-20 13:31:29.106
"2025","4137000000",ADM002,오산시,B,식재산림,2.2473356922,1.0764489835,9752934.3359764532,4671547.8637268324,system,2025-07-20 13:31:29.106,system,2025-07-20 13:31:29.106
"2025","4137000000",ADM002,오산시,C,산지습지,2.3649069637,1.0699346081,163175.2474706744,73823.9800297600,system,2025-07-20 13:31:29.106,system,2025-07-20 13:31:29.106
"2025","4137000000",ADM002,오산시,D,호소,0.0797848181,0.0424818888,30667.6125339282,16329.1480254400,system,2025-07-20 13:31:29.106,system,2025-07-20 13:31:29.106
"2025","4137000000",ADM002,오산시,E,하천습지,0.7418659690,0.3966586969,837388.8373904219,447732.5809267295,system,2025-07-20 13:31:29.106,system,2025-07-20 13:31:29.106
"2025","4137000000",ADM002,오산시,ETC,기타,0.0000000000,0.0000000000,0.0000000000,0.0000000000,system,2025-07-20 13:31:29.106,system,2025-07-20 13:31:29.106
"2025","4137000000",ADM002,오산시,G,농업지역,1.2812721108,0.8260193912,8649886.8578658024,5576469.0540276653,system,2025-07-20 13:31:29.106,system,2025-07-20 13:31:29.106
"2025","4137000000",ADM002,오산시,H,조성녹지,1.2718683511,0.5628190812,5841269.0544904603,2584841.1745459697,system,2025-07-20 13:31:29.106,system,2025-07-20 13:31:29.106
"2025","4137000000",ADM002,오산시,I,시가화건조지,0.0384407889,0.0184515787,862780.7781015470,414134.7734616474,system,2025-07-20 13:31:29.106,system,2025-07-20 13:31:29.106
"2025","4119600000",ADM003,오정구,A,자연산림,2.1468970288,1.1528944816,2241316.5897945223,1203598.2598631584,system,2025-07-20 13:31:29.106,system,2025-07-20 13:31:29.106
"2025","4119600000",ADM003,오정구,B,식재산림,2.0218292615,0.9868435805,1410150.3369966103,688286.5106552046,system,2025-07-20 13:31:29.106,system,2025-07-20 13:31:29.106
"2025","4119600000",ADM003,오정구,D,호소,0.0747035208,0.0358576901,3042.3316930261,1460.3192150600,system,2025-07-20 13:31:29.106,system,2025-07-20 13:31:29.106
"2025","4119600000",ADM003,오정구,E,하천습지,0.0657121761,0.0312425331,45911.2680779665,21828.2880866848,system,2025-07-20 13:31:29.106,system,2025-07-20 13:31:29.106
"2025","4119600000",ADM003,오정구,ETC,기타,0.0000000000,0.0000000000,0.0000000000,0.0000000000,system,2025-07-20 13:31:29.106,system,2025-07-20 13:31:29.106
"2025","4119600000",ADM003,오정구,G,농업지역,0.8705594222,0.5037316314,4379239.0590417382,2533958.2565152191,system,2025-07-20 13:31:29.106,system,2025-07-20 13:31:29.106
"2025","4119600000",ADM003,오정구,H,조성녹지,0.9384208734,0.4336978109,1278233.9155752690,590744.7997463249,system,2025-07-20 13:31:29.106,system,2025-07-20 13:31:29.106
"2025","4119600000",ADM003,오정구,I,시가화건조지,0.0344846431,0.0165526287,386901.3374053609,185712.6420722162,system,2025-07-20 13:31:29.106,system,2025-07-20 13:31:29.106
"2025","4146000000",ADM002,용인시,A,자연산림,1.9786312644,1.0609255472,339297282.1254548910,181928366.9304945490,system,2025-07-20 13:31:29.106,system,2025-07-20 13:31:29.106
"2025","4146000000",ADM002,용인시,B,식재산림,1.9017339128,0.9107062144,195018234.9206866010,93390730.0429268510,system,2025-07-20 13:31:29.106,system,2025-07-20 13:31:29.106
"2025","4146000000",ADM002,용인시,C,산지습지,1.6307626988,0.8294306380,3598415.7993500725,1830208.8430393089,system,2025-07-20 13:31:29.106,system,2025-07-20 13:31:29.106
"2025","4146000000",ADM002,용인시,D,호소,0.1707431712,0.0928006507,1343418.0928411457,730161.4019671657,system,2025-07-20 13:31:29.106,system,2025-07-20 13:31:29.106
"2025","4146000000",ADM002,용인시,E,하천습지,0.5697444790,0.2957007321,7312965.6662728627,3795472.1473908058,system,2025-07-20 13:31:29.106,system,2025-07-20 13:31:29.106
"2025","4146000000",ADM002,용인시,ETC,기타,0.0000000000,0.0000000000,0.0000000000,0.0000000000,system,2025-07-20 13:31:29.106,system,2025-07-20 13:31:29.106
"2025","4146000000",ADM002,용인시,G,농업지역,1.1570532749,0.7588760455,106805177.1054043027,70050266.6553993005,system,2025-07-20 13:31:29.106,system,2025-07-20 13:31:29.106
"2025","4146000000",ADM002,용인시,H,조성녹지,0.7387511811,0.3153647468,43857052.2367339688,18722092.8078374319,system,2025-07-20 13:31:29.106,system,2025-07-20 13:31:29.106
"2025","4146000000",ADM002,용인시,I,시가화건조지,0.0476030362,0.0228494574,6807657.0587717138,3267675.3885667714,system,2025-07-20 13:31:29.106,system,2025-07-20 13:31:29.106
"2025","4119200000",ADM003,원미구,A,자연산림,2.1735544350,1.1714697148,3242130.0325379070,1747394.5365428490,system,2025-07-20 13:31:29.106,system,2025-07-20 13:31:29.106
"2025","4119200000",ADM003,원미구,B,식재산림,2.1555945972,1.0583495808,1903626.7370750483,934638.8981591735,system,2025-07-20 13:31:29.106,system,2025-07-20 13:31:29.106
"2025","4119200000",ADM003,원미구,D,호소,0.1800991541,0.0792436278,13319.4622464473,5860.5633912700,system,2025-07-20 13:31:29.106,system,2025-07-20 13:31:29.106
"2025","4119200000",ADM003,원미구,E,하천습지,0.5572267159,0.3082444447,31458.5121356804,17402.0938450818,system,2025-07-20 13:31:29.106,system,2025-07-20 13:31:29.106
"2025","4119200000",ADM003,원미구,G,농업지역,1.8179854823,1.0993318501,1372771.9287466449,830112.1867252936,system,2025-07-20 13:31:29.106,system,2025-07-20 13:31:29.106
"2025","4119200000",ADM003,원미구,H,조성녹지,1.1937958947,0.5645103658,3861244.6584252231,1825867.0885517866,system,2025-07-20 13:31:29.106,system,2025-07-20 13:31:29.106
"2025","4119200000",ADM003,원미구,I,시가화건조지,0.0023585412,0.0011320998,33324.2543648451,15995.6420982479,system,2025-07-20 13:31:29.106,system,2025-07-20 13:31:29.106
"2025","4143000000",ADM002,의왕시,A,자연산림,2.1286327301,1.1360204083,42584527.0588117240,22726744.3243159780,system,2025-07-20 13:31:29.106,system,2025-07-20 13:31:29.106
"2025","4143000000",ADM002,의왕시,B,식재산림,2.0750254163,0.9964525461,13776938.4562566710,6615854.0970603770,system,2025-07-20 13:31:29.106,system,2025-07-20 13:31:29.106
"2025","4143000000",ADM002,의왕시,C,산지습지,1.7085998394,0.8022154262,202690.5069000869,95166.4910813600,system,2025-07-20 13:31:29.106,system,2025-07-20 13:31:29.106
"2025","4143000000",ADM002,의왕시,D,호소,0.2280518476,0.1243904970,266685.0120736789,145462.8916712971,system,2025-07-20 13:31:29.106,system,2025-07-20 13:31:29.106
"2025","4143000000",ADM002,의왕시,E,하천습지,0.3231521791,0.1695739117,214795.5423153518,112713.8317243106,system,2025-07-20 13:31:29.106,system,2025-07-20 13:31:29.106
"2025","4143000000",ADM002,의왕시,ETC,기타,0.0000000000,0.0000000000,0.0000000000,0.0000000000,system,2025-07-20 13:31:29.106,system,2025-07-20 13:31:29.106
"2025","4143000000",ADM002,의왕시,G,농업지역,1.3646394596,0.8217102097,8204536.6245326450,4940316.9919161680,system,2025-07-20 13:31:29.106,system,2025-07-20 13:31:29.106
"2025","4143000000",ADM002,의왕시,H,조성녹지,1.2720933895,0.5301365573,6134122.2481956810,2556355.1210455114,system,2025-07-20 13:31:29.106,system,2025-07-20 13:31:29.106
"2025","4143000000",ADM002,의왕시,I,시가화건조지,0.0389463953,0.0186942697,561796.6451437099,269662.3896815714,system,2025-07-20 13:31:29.106,system,2025-07-20 13:31:29.106
"2025","4115000000",ADM002,의정부시,A,자연산림,1.9410331420,0.9992684405,58075111.8989991050,29897803.0017927940,system,2025-07-20 13:31:29.106,system,2025-07-20 13:31:29.106
"2025","4115000000",ADM002,의정부시,B,식재산림,1.9567590787,0.9418401133,24613058.3489748200,11846918.6707768400,system,2025-07-20 13:31:29.106,system,2025-07-20 13:31:29.106
"2025","4115000000",ADM002,의정부시,C,산지습지,0.0860001112,0.0378400489,25814.7696630916,11358.4986511585,system,2025-07-20 13:31:29.106,system,2025-07-20 13:31:29.106
"2025","4115000000",ADM002,의정부시,D,호소,0.2062803775,0.0974539223,6662.7330581149,3147.7035149500,system,2025-07-20 13:31:29.106,system,2025-07-20 13:31:29.106
"2025","4115000000",ADM002,의정부시,E,하천습지,0.5904147729,0.3342166452,1155737.3232528741,654229.3125256024,system,2025-07-20 13:31:29.106,system,2025-07-20 13:31:29.106
"2025","4115000000",ADM002,의정부시,ETC,기타,0.0000000000,0.0000000000,0.0000000000,0.0000000000,system,2025-07-20 13:31:29.106,system,2025-07-20 13:31:29.106
"2025","4115000000",ADM002,의정부시,G,농업지역,1.2817106280,0.7969701680,6240085.5035015421,3880097.3349979522,system,2025-07-20 13:31:29.106,system,2025-07-20 13:31:29.106
"2025","4115000000",ADM002,의정부시,H,조성녹지,1.0983856497,0.4841823319,7199096.3821594380,3173453.0351335663,system,2025-07-20 13:31:29.106,system,2025-07-20 13:31:29.106
"2025","4115000000",ADM002,의정부시,I,시가화건조지,0.0214387635,0.0102906065,549011.2192424762,263525.3853199666,system,2025-07-20 13:31:29.106,system,2025-07-20 13:31:29.106
"2025","4150000000",ADM002,이천시,A,자연산림,2.2852927614,1.2219671581,171113533.8157298269,91495987.8033478710,system,2025-07-20 13:31:29.106,system,2025-07-20 13:31:29.106
"2025","4150000000",ADM002,이천시,B,식재산림,2.1731455243,1.0430575288,100870270.2695735643,48415301.0730495239,system,2025-07-20 13:31:29.106,system,2025-07-20 13:31:29.106
"2025","4150000000",ADM002,이천시,C,산지습지,0.7696147561,0.3707826089,1077461.3605621752,519095.9906932700,system,2025-07-20 13:31:29.106,system,2025-07-20 13:31:29.106
"2025","4150000000",ADM002,이천시,D,호소,0.3529029698,0.1725589832,622544.2687082112,304405.5029372100,system,2025-07-20 13:31:29.106,system,2025-07-20 13:31:29.106
"2025","4150000000",ADM002,이천시,E,하천습지,0.8431047257,0.4801762375,14894683.5388257449,8483018.6359096745,system,2025-07-20 13:31:29.106,system,2025-07-20 13:31:29.106
"2025","4150000000",ADM002,이천시,ETC,기타,0.0000000000,0.0000000000,0.0000000000,0.0000000000,system,2025-07-20 13:31:29.106,system,2025-07-20 13:31:29.106
"2025","4150000000",ADM002,이천시,G,농업지역,1.3227972796,0.8542096483,251879914.1508275896,162653988.0276069043,system,2025-07-20 13:31:29.106,system,2025-07-20 13:31:29.106
"2025","4150000000",ADM002,이천시,H,조성녹지,0.8479319039,0.3352567556,22197930.9031844709,8776655.6034271270,system,2025-07-20 13:31:29.106,system,2025-07-20 13:31:29.106
"2025","4150000000",ADM002,이천시,I,시가화건조지,0.0914406136,0.0438914945,9420143.2300426421,4521668.7505363555,system,2025-07-20 13:31:29.106,system,2025-07-20 13:31:29.106
"2025","4128500000",ADM003,일산동구,A,자연산림,1.9796548956,1.0674512603,10474964.0220502450,5648213.5206322310,system,2025-07-20 13:31:29.106,system,2025-07-20 13:31:29.106
"2025","4128500000",ADM003,일산동구,B,식재산림,1.8655778796,0.8955572979,5916768.9126382705,2840302.5343755070,system,2025-07-20 13:31:29.106,system,2025-07-20 13:31:29.106
"2025","4128500000",ADM003,일산동구,C,산지습지,1.7699175819,0.7787637361,5763.0770562369,2535.7539049800,system,2025-07-20 13:31:29.106,system,2025-07-20 13:31:29.106
"2025","4128500000",ADM003,일산동구,D,호소,0.0000000000,0.0000000000,0.0000000000,0.0000000000,system,2025-07-20 13:31:29.106,system,2025-07-20 13:31:29.106
"2025","4128500000",ADM003,일산동구,E,하천습지,1.2138834846,0.6893565109,4359424.3921927996,2475688.6691575419,system,2025-07-20 13:31:29.106,system,2025-07-20 13:31:29.106
"2025","4128500000",ADM003,일산동구,ETC,기타,0.0000000000,0.0000000000,0.0000000000,0.0000000000,system,2025-07-20 13:31:29.106,system,2025-07-20 13:31:29.106
"2025","4128500000",ADM003,일산동구,G,농업지역,0.7258975796,0.4478693230,7032821.0839367708,4339158.7272184444,system,2025-07-20 13:31:29.106,system,2025-07-20 13:31:29.106
"2025","4128500000",ADM003,일산동구,H,조성녹지,1.1754625560,0.5351923426,6913421.9657281370,3147705.9634367269,system,2025-07-20 13:31:29.106,system,2025-07-20 13:31:29.106
"2025","4128500000",ADM003,일산동구,I,시가화건조지,0.0359495411,0.0172557797,1150112.3412163858,552053.9237859971,system,2025-07-20 13:31:29.106,system,2025-07-20 13:31:29.106
"2025","4128700000",ADM003,일산서구,A,자연산림,1.9886135571,1.0722588626,1066459.4144183440,575034.0756891345,system,2025-07-20 13:31:29.106,system,2025-07-20 13:31:29.106
"2025","4128700000",ADM003,일산서구,B,식재산림,1.9601573897,0.9408755470,544790.7290912165,261499.5499476940,system,2025-07-20 13:31:29.106,system,2025-07-20 13:31:29.106
"2025","4128700000",ADM003,일산서구,D,호소,0.0000000000,0.0000000000,0.0000000000,0.0000000000,system,2025-07-20 13:31:29.106,system,2025-07-20 13:31:29.106
"2025","4128700000",ADM003,일산서구,E,하천습지,0.4753560102,0.2826264840,3038740.7046252488,1806706.0953569230,system,2025-07-20 13:31:29.106,system,2025-07-20 13:31:29.106
"2025","4128700000",ADM003,일산서구,G,농업지역,0.9682135547,0.6336383812,11488712.7394128199,7518681.5008834052,system,2025-07-20 13:31:29.106,system,2025-07-20 13:31:29.106
"2025","4128700000",ADM003,일산서구,H,조성녹지,1.2139945853,0.5736256874,5074001.7304763630,2397521.1799120680,system,2025-07-20 13:31:29.106,system,2025-07-20 13:31:29.106
"2025","4128700000",ADM003,일산서구,I,시가화건조지,0.0163844304,0.0078645266,295488.2021992145,141834.3371139569,system,2025-07-20 13:31:29.106,system,2025-07-20 13:31:29.106
"2025","4111100000",ADM003,장안구,A,자연산림,2.0998938753,1.1110694051,21330143.1119817807,11285936.7307821666,system,2025-07-20 13:31:29.106,system,2025-07-20 13:31:29.106
"2025","4111100000",ADM003,장안구,B,식재산림,2.1107612784,1.0142047633,8646559.8646895975,4154606.3455080172,system,2025-07-20 13:31:29.106,system,2025-07-20 13:31:29.106
"2025","4111100000",ADM003,장안구,C,산지습지,0.9822370104,0.4543337656,96098.5021063466,44450.3657139800,system,2025-07-20 13:31:29.106,system,2025-07-20 13:31:29.106
"2025","4111100000",ADM003,장안구,D,호소,0.3614877195,0.1988942317,232759.7256058247,128066.7759796440,system,2025-07-20 13:31:29.106,system,2025-07-20 13:31:29.106
"2025","4111100000",ADM003,장안구,E,하천습지,0.9647668284,0.5420336712,366054.6599717430,205660.0054750492,system,2025-07-20 13:31:29.106,system,2025-07-20 13:31:29.106
"2025","4111100000",ADM003,장안구,ETC,기타,0.0000000000,0.0000000000,0.0000000000,0.0000000000,system,2025-07-20 13:31:29.106,system,2025-07-20 13:31:29.106
"2025","4111100000",ADM003,장안구,G,농업지역,1.5119448273,0.9720892719,3198332.7184962730,2056334.9056304926,system,2025-07-20 13:31:29.106,system,2025-07-20 13:31:29.106
"2025","4111100000",ADM003,장안구,H,조성녹지,1.1055348317,0.4913913488,3681976.1048739537,1636575.4861717032,system,2025-07-20 13:31:29.106,system,2025-07-20 13:31:29.106
"2025","4111100000",ADM003,장안구,I,시가화건조지,0.0110567998,0.0053072639,138490.4668768910,66475.4241382468,system,2025-07-20 13:31:29.106,system,2025-07-20 13:31:29.106
"2025","4113300000",ADM003,중원구,A,자연산림,1.9804317041,1.0629087956,21140969.8174280420,11346476.9926886005,system,2025-07-20 13:31:29.106,system,2025-07-20 13:31:29.106
"2025","4113300000",ADM003,중원구,B,식재산림,1.9651501287,0.9439394505,4099602.0977389292,1969201.2813741370,system,2025-07-20 13:31:29.106,system,2025-07-20 13:31:29.106
"2025","4113300000",ADM003,중원구,C,산지습지,0.9801504954,0.4751111343,47322.9436100361,22938.9849010700,system,2025-07-20 13:31:29.106,system,2025-07-20 13:31:29.106
"2025","4113300000",ADM003,중원구,D,호소,1.1750043244,0.7520027690,11176.2659498234,7152.8102207800,system,2025-07-20 13:31:29.106,system,2025-07-20 13:31:29.106
"2025","4113300000",ADM003,중원구,E,하천습지,0.3478374974,0.1840012883,63438.7036582461,33558.2083351677,system,2025-07-20 13:31:29.106,system,2025-07-20 13:31:29.106
"2025","4113300000",ADM003,중원구,G,농업지역,1.3845214982,0.8601095500,2334188.0032547415,1450073.1088037406,system,2025-07-20 13:31:29.106,system,2025-07-20 13:31:29.106
"2025","4113300000",ADM003,중원구,H,조성녹지,1.3123465655,0.5917366347,3156603.2139521752,1423311.3508841677,system,2025-07-20 13:31:29.106,system,2025-07-20 13:31:29.106
"2025","4113300000",ADM003,중원구,I,시가화건조지,0.0073440926,0.0035251645,68354.8008586552,32810.3044095600,system,2025-07-20 13:31:29.106,system,2025-07-20 13:31:29.106
"2025","4146100000",ADM003,처인구,A,자연산림,1.9808725146,1.0618008293,275284453.9438077600,147559855.2363062440,system,2025-07-20 13:31:29.106,system,2025-07-20 13:31:29.106
"2025","4146100000",ADM003,처인구,B,식재산림,1.9023089867,0.9107269824,168773813.7574122700,80800157.6994840290,system,2025-07-20 13:31:29.185,system,2025-07-20 13:31:29.185
"2025","4146100000",ADM003,처인구,C,산지습지,1.6439217208,0.8295250358,3124679.4307549019,1576717.2997301600,system,2025-07-20 13:31:29.185,system,2025-07-20 13:31:29.185
"2025","4146100000",ADM003,처인구,D,호소,0.1891811188,0.1019037925,1084134.5381334342,583976.9937945071,system,2025-07-20 13:31:29.185,system,2025-07-20 13:31:29.185
"2025","4146100000",ADM003,처인구,E,하천습지,0.5939522026,0.3131320658,6575918.5616862047,3466829.4091153299,system,2025-07-20 13:31:29.185,system,2025-07-20 13:31:29.185
"2025","4146100000",ADM003,처인구,ETC,기타,0.0000000000,0.0000000000,0.0000000000,0.0000000000,system,2025-07-20 13:31:29.185,system,2025-07-20 13:31:29.185
"2025","4146100000",ADM003,처인구,G,농업지역,1.1518114724,0.7559615431,100592071.9237721475,66020993.6598709726,system,2025-07-20 13:31:29.185,system,2025-07-20 13:31:29.185
"2025","4146100000",ADM003,처인구,H,조성녹지,0.6456768894,0.2607688016,25620399.0867788488,10347281.8607833560,system,2025-07-20 13:31:29.185,system,2025-07-20 13:31:29.185
"2025","4146100000",ADM003,처인구,I,시가화건조지,0.0506987756,0.0243354123,4782342.8709397222,2295524.5781452850,system,2025-07-20 13:31:29.185,system,2025-07-20 13:31:29.185
"2025","4148000000",ADM002,파주시,A,자연산림,2.0783635886,1.1012605256,430335140.9994846459,228021269.3227554945,system,2025-07-20 13:31:29.185,system,2025-07-20 13:31:29.185
"2025","4148000000",ADM002,파주시,B,식재산림,1.8948902786,0.9053047221,159140946.5376366434,76031341.7608003038,system,2025-07-20 13:31:29.185,system,2025-07-20 13:31:29.185
"2025","4148000000",ADM002,파주시,C,산지습지,0.7439808398,0.3661202120,513148.7418339683,252525.4900425800,system,2025-07-20 13:31:29.185,system,2025-07-20 13:31:29.185
"2025","4148000000",ADM002,파주시,D,호소,0.2446078953,0.1395072781,923404.0950111409,526645.2732803812,system,2025-07-20 13:31:29.185,system,2025-07-20 13:31:29.185
"2025","4148000000",ADM002,파주시,E,하천습지,0.5343192134,0.3190850638,30142036.5941667785,18000239.2386724647,system,2025-07-20 13:31:29.185,system,2025-07-20 13:31:29.185
"2025","4148000000",ADM002,파주시,ETC,기타,0.0000000000,0.0000000000,0.0000000000,0.0000000000,system,2025-07-20 13:31:29.185,system,2025-07-20 13:31:29.185
"2025","4148000000",ADM002,파주시,G,농업지역,1.2896475069,0.8527874025,193248373.0847035483,127786683.7505903622,system,2025-07-20 13:31:29.185,system,2025-07-20 13:31:29.185
"2025","4148000000",ADM002,파주시,H,조성녹지,1.1722047737,0.4962559128,42761285.8649748187,18103100.6072144177,system,2025-07-20 13:31:29.185,system,2025-07-20 13:31:29.185
"2025","4148000000",ADM002,파주시,I,시가화건조지,0.0869261299,0.0417245423,13092857.6371386998,6284571.6654597760,system,2025-07-20 13:31:29.185,system,2025-07-20 13:31:29.185
"2025","4111500000",ADM003,팔달구,A,자연산림,1.9485761059,0.9141317265,955231.2580998340,448125.7860684986,system,2025-07-20 13:31:29.185,system,2025-07-20 13:31:29.185
"2025","4111500000",ADM003,팔달구,B,식재산림,2.0094919553,0.9705367060,410802.7153320283,198407.9175297220,system,2025-07-20 13:31:29.185,system,2025-07-20 13:31:29.185
"2025","4111500000",ADM003,팔달구,D,호소,0.2252695975,0.0991186230,55028.4180891150,24212.5039837496,system,2025-07-20 13:31:29.185,system,2025-07-20 13:31:29.185
"2025","4111500000",ADM003,팔달구,E,하천습지,0.8970730314,0.4979848987,114961.6099976710,63817.7090458527,system,2025-07-20 13:31:29.185,system,2025-07-20 13:31:29.185
"2025","4111500000",ADM003,팔달구,ETC,기타,0.0000000000,0.0000000000,0.0000000000,0.0000000000,system,2025-07-20 13:31:29.185,system,2025-07-20 13:31:29.185
"2025","4111500000",ADM003,팔달구,G,농업지역,1.4283467714,0.8414754633,25103.4202931696,14789.0642831388,system,2025-07-20 13:31:29.185,system,2025-07-20 13:31:29.185
"2025","4111500000",ADM003,팔달구,H,조성녹지,0.8241071030,0.3892358889,1595221.9519029110,753442.8864597299,system,2025-07-20 13:31:29.185,system,2025-07-20 13:31:29.185
"2025","4111500000",ADM003,팔달구,I,시가화건조지,0.0012429193,0.0005966013,12215.9503635983,5863.6561712600,system,2025-07-20 13:31:29.185,system,2025-07-20 13:31:29.185
"2025","4122000000",ADM002,평택시,A,자연산림,2.2795053618,1.1989209720,47473710.5117323151,24969113.0817314199,system,2025-07-20 13:31:29.185,system,2025-07-20 13:31:29.185
"2025","4122000000",ADM002,평택시,B,식재산림,2.3254120456,1.1155426398,43588940.5002863195,20910411.0577502501,system,2025-07-20 13:31:29.185,system,2025-07-20 13:31:29.185
"2025","4122000000",ADM002,평택시,C,산지습지,2.3476141366,1.0464732581,204708.6208280849,91250.9828840600,system,2025-07-20 13:31:29.185,system,2025-07-20 13:31:29.185
"2025","4122000000",ADM002,평택시,D,호소,0.4263640003,0.2055785999,1186885.8959672950,572277.0696378175,system,2025-07-20 13:31:29.185,system,2025-07-20 13:31:29.185
"2025","4122000000",ADM002,평택시,E,하천습지,0.6308742080,0.3528035418,25029231.8638394913,13997087.7527038592,system,2025-07-20 13:31:29.185,system,2025-07-20 13:31:29.185
"2025","4122000000",ADM002,평택시,ETC,기타,0.0000000000,0.0000000000,0.0000000000,0.0000000000,system,2025-07-20 13:31:29.185,system,2025-07-20 13:31:29.185
"2025","4122000000",ADM002,평택시,F,연안습지,0.0000000000,0.0000000000,0.0000000000,0.0000000000,system,2025-07-20 13:31:29.185,system,2025-07-20 13:31:29.185
"2025","4122000000",ADM002,평택시,G,농업지역,1.3091336740,0.8679599758,251800455.2703574196,166944538.5158229483,system,2025-07-20 13:31:29.185,system,2025-07-20 13:31:29.185
"2025","4122000000",ADM002,평택시,H,조성녹지,1.3068259736,0.5728391776,27566819.3173243065,12083746.7462370493,system,2025-07-20 13:31:29.185,system,2025-07-20 13:31:29.185
"2025","4122000000",ADM002,평택시,I,시가화건조지,0.0870342552,0.0417764425,15716086.4075841144,7543721.4751554254,system,2025-07-20 13:31:29.185,system,2025-07-20 13:31:29.185
"2025","4165000000",ADM002,포천시,A,자연산림,1.9180088741,0.9997168467,713584616.1181180800,371939135.3713246000,system,2025-07-20 13:31:29.185,system,2025-07-20 13:31:29.185
"2025","4165000000",ADM002,포천시,B,식재산림,1.8765597426,0.8995124272,288166482.0775278830,138130071.6696606210,system,2025-07-20 13:31:29.185,system,2025-07-20 13:31:29.185
"2025","4165000000",ADM002,포천시,C,산지습지,0.0387145548,0.0244164158,58179.1325024099,36692.2955782000,system,2025-07-20 13:31:29.185,system,2025-07-20 13:31:29.185
"2025","4165000000",ADM002,포천시,D,호소,0.2522320287,0.1264023376,733029.8843124940,367347.0469598431,system,2025-07-20 13:31:29.185,system,2025-07-20 13:31:29.185
"2025","4165000000",ADM002,포천시,E,하천습지,0.6509816265,0.3707069366,11908224.6167088273,6781238.1917403743,system,2025-07-20 13:31:29.185,system,2025-07-20 13:31:29.185
"2025","4165000000",ADM002,포천시,ETC,기타,0.0000000000,0.0000000000,0.0000000000,0.0000000000,system,2025-07-20 13:31:29.185,system,2025-07-20 13:31:29.185
"2025","4165000000",ADM002,포천시,G,농업지역,1.0623406896,0.6662658019,129629100.7421449270,81299189.2381632190,system,2025-07-20 13:31:29.185,system,2025-07-20 13:31:29.185
"2025","4165000000",ADM002,포천시,H,조성녹지,0.6722830669,0.2628640526,22921928.4826220469,8962520.8660337132,system,2025-07-20 13:31:29.185,system,2025-07-20 13:31:29.185
"2025","4165000000",ADM002,포천시,I,시가화건조지,0.0346446463,0.0166294302,4197158.4016945539,2014636.0326818726,system,2025-07-20 13:31:29.185,system,2025-07-20 13:31:29.185
"2025","4145000000",ADM002,하남시,A,자연산림,2.0033577467,1.0538203180,68808475.5796694420,36195117.7911826110,system,2025-07-20 13:31:29.185,system,2025-07-20 13:31:29.185
"2025","4145000000",ADM002,하남시,B,식재산림,1.9253073903,0.9369393910,12155254.3074142387,5915282.2168523671,system,2025-07-20 13:31:29.185,system,2025-07-20 13:31:29.185
"2025","4145000000",ADM002,하남시,C,산지습지,0.8284293374,0.3733732314,378623.9317722721,170645.8650417900,system,2025-07-20 13:31:29.185,system,2025-07-20 13:31:29.185
"2025","4145000000",ADM002,하남시,D,호소,0.1067442047,0.0510945132,50211.5425957924,24034.4132082000,system,2025-07-20 13:31:29.185,system,2025-07-20 13:31:29.185
"2025","4145000000",ADM002,하남시,E,하천습지,0.4571405148,0.2443770994,4383026.1700618048,2343067.8040532252,system,2025-07-20 13:31:29.185,system,2025-07-20 13:31:29.185
"2025","4145000000",ADM002,하남시,ETC,기타,0.0000000000,0.0000000000,0.0000000000,0.0000000000,system,2025-07-20 13:31:29.185,system,2025-07-20 13:31:29.185
"2025","4145000000",ADM002,하남시,G,농업지역,1.0356681849,0.6535917132,8571883.0796454672,5409562.4731509647,system,2025-07-20 13:31:29.185,system,2025-07-20 13:31:29.185
"2025","4145000000",ADM002,하남시,H,조성녹지,1.0815376108,0.4828398105,9444394.6812869471,4216339.4895861837,system,2025-07-20 13:31:29.185,system,2025-07-20 13:31:29.185
"2025","4145000000",ADM002,하남시,I,시가화건조지,0.0475484815,0.0228232711,1165073.8834540278,559235.4637258099,system,2025-07-20 13:31:29.185,system,2025-07-20 13:31:29.185
"2025","4159000000",ADM002,화성시,A,자연산림,2.2711435103,1.1857407125,206134143.1251507684,107620520.0704155553,system,2025-07-20 13:31:29.185,system,2025-07-20 13:31:29.185
"2025","4159000000",ADM002,화성시,B,식재산림,2.2396635944,1.0736166951,131114199.2300031927,62851578.9631475642,system,2025-07-20 13:31:29.185,system,2025-07-20 13:31:29.185
"2025","4159000000",ADM002,화성시,C,산지습지,1.9872253288,0.9615571927,485804.4432067828,235065.8226105100,system,2025-07-20 13:31:29.185,system,2025-07-20 13:31:29.185
"2025","4159000000",ADM002,화성시,D,호소,0.1939339944,0.1070740185,1258333.9466782554,694746.0281152992,system,2025-07-20 13:31:29.185,system,2025-07-20 13:31:29.185
"2025","4159000000",ADM002,화성시,E,하천습지,0.4570939996,0.2539713163,8757003.8639520040,4865580.8218171111,system,2025-07-20 13:31:29.185,system,2025-07-20 13:31:29.185
"2025","4159000000",ADM002,화성시,ETC,기타,0.0000000000,0.0000000000,0.0000000000,0.0000000000,system,2025-07-20 13:31:29.185,system,2025-07-20 13:31:29.185
"2025","4159000000",ADM002,화성시,F,연안습지,0.1521249063,0.0966869198,259844.9395313196,165151.1736283766,system,2025-07-20 13:31:29.185,system,2025-07-20 13:31:29.185
"2025","4159000000",ADM002,화성시,G,농업지역,1.2793207227,0.8384350236,300632548.2039896079,197027104.4411268888,system,2025-07-20 13:31:29.185,system,2025-07-20 13:31:29.185
"2025","4159000000",ADM002,화성시,H,조성녹지,1.0668676614,0.4415213714,57246262.5988143274,23691268.6388187311,system,2025-07-20 13:31:29.185,system,2025-07-20 13:31:29.185
"2025","4159000000",ADM002,화성시,I,시가화건조지,0.0976183415,0.0468568039,22186343.5526847677,10649444.9058999954,system,2025-07-20 13:31:29.185,system,2025-07-20 13:31:29.185
