"fbctn_yr","admdst_cd","admdst_se_cd","admdst_nm","lclsf_cd","lclsf_nm","biotop_area","cbn_strgat","frst_rgtr_id","frst_reg_dt","mdfr_id","mdfcn_dt"
"2025","41000",ADM001,경기도,A,자연산림,3298614799.737101894,108587490899.1195877082,system,2025-07-22 18:07:20.823,system,2025-07-22 18:07:20.823
"2025","41000",ADM001,경기도,B,식재산림,1483663439.411403129,34474373870.6742458406,system,2025-07-22 18:07:20.823,system,2025-07-22 18:07:20.823
"2025","41000",ADM001,경기도,C,산지습지,29748297.598968360,491232149.1840050975,system,2025-07-22 18:07:20.823,system,2025-07-22 18:07:20.823
"2025","41000",ADM001,경기도,D,호소,56392507.116264510,72061753.4953323179,system,2025-07-22 18:07:20.823,system,2025-07-22 18:07:20.823
"2025","41000",ADM001,경기도,E,하천습지,471949697.476743698,299710038.3094369752,system,2025-07-22 18:07:20.823,system,2025-07-22 18:07:20.823
"2025","41000",ADM001,경기도,ETC,기타,2507084.057522404,24384595.4542897505,system,2025-07-22 18:07:20.823,system,2025-07-22 18:07:20.823
"2025","41000",ADM001,경기도,F,연안습지,7683715.480330859,13085.5044079030,system,2025-07-22 18:07:20.823,system,2025-07-22 18:07:20.823
"2025","41000",ADM001,경기도,G,농업지역,2015827725.416396472,2336126021.5603306652,system,2025-07-22 18:07:20.823,system,2025-07-22 18:07:20.823
"2025","41000",ADM001,경기도,H,조성녹지,591451281.510682444,3069047777.4561386999,system,2025-07-22 18:07:20.823,system,2025-07-22 18:07:20.823
"2025","41000",ADM001,경기도,I,시가화건조지,2248434559.189668639,1321740798.7284550532,system,2025-07-22 18:07:20.823,system,2025-07-22 18:07:20.823
"2025","4111000000",ADM002,수원시,A,자연산림,14419051.191164663,398209312.0258503287,system,2025-07-22 18:07:20.823,system,2025-07-22 18:07:20.823
"2025","4111000000",ADM002,수원시,B,식재산림,7903644.232263567,156700446.1426336941,system,2025-07-22 18:07:20.823,system,2025-07-22 18:07:20.823
"2025","4111000000",ADM002,수원시,C,산지습지,121469.874518639,5489030.3353527400,system,2025-07-22 18:07:20.823,system,2025-07-22 18:07:20.823
"2025","4111000000",ADM002,수원시,D,호소,1763246.003723982,1271462.6075691057,system,2025-07-22 18:07:20.823,system,2025-07-22 18:07:20.823
"2025","4111000000",ADM002,수원시,E,하천습지,2407947.856815695,2309600.6513642405,system,2025-07-22 18:07:20.823,system,2025-07-22 18:07:20.823
"2025","4111000000",ADM002,수원시,ETC,기타,29071.988226923,261647.8940423162,system,2025-07-22 18:07:20.823,system,2025-07-22 18:07:20.823
"2025","4111000000",ADM002,수원시,G,농업지역,12510549.165404295,27788194.9739655307,system,2025-07-22 18:07:20.823,system,2025-07-22 18:07:20.823
"2025","4111000000",ADM002,수원시,H,조성녹지,16754592.647492543,121895882.8626296580,system,2025-07-22 18:07:20.823,system,2025-07-22 18:07:20.823
"2025","4111000000",ADM002,수원시,I,시가화건조지,65155561.818621956,39502691.9566207408,system,2025-07-22 18:07:20.823,system,2025-07-22 18:07:20.823
"2025","4113000000",ADM002,성남시,A,자연산림,46276485.241161615,2380375304.1844393870,system,2025-07-22 18:07:20.823,system,2025-07-22 18:07:20.823
"2025","4113000000",ADM002,성남시,B,식재산림,13309302.767176191,590367010.2806385380,system,2025-07-22 18:07:20.823,system,2025-07-22 18:07:20.823
"2025","4113000000",ADM002,성남시,C,산지습지,393021.133238551,30976253.6701111970,system,2025-07-22 18:07:20.823,system,2025-07-22 18:07:20.823
"2025","4113000000",ADM002,성남시,D,호소,522079.253347082,473206.7889956500,system,2025-07-22 18:07:20.823,system,2025-07-22 18:07:20.823
"2025","4113000000",ADM002,성남시,E,하천습지,3511567.801893762,6978013.1257972653,system,2025-07-22 18:07:20.823,system,2025-07-22 18:07:20.823
"2025","4113000000",ADM002,성남시,ETC,기타,5412.580989068,48713.2289016100,system,2025-07-22 18:07:20.823,system,2025-07-22 18:07:20.823
"2025","4113000000",ADM002,성남시,G,농업지역,8006181.104826527,17058927.9187928620,system,2025-07-22 18:07:20.823,system,2025-07-22 18:07:20.823
"2025","4113000000",ADM002,성남시,H,조성녹지,15482340.867271373,150463501.4156829587,system,2025-07-22 18:07:20.823,system,2025-07-22 18:07:20.823
"2025","4113000000",ADM002,성남시,I,시가화건조지,53937856.918813158,35516941.7525234989,system,2025-07-22 18:07:20.823,system,2025-07-22 18:07:20.823
"2025","4115000000",ADM002,의정부시,A,자연산림,29909430.043917924,614978237.5989665700,system,2025-07-22 18:07:20.823,system,2025-07-22 18:07:20.823
"2025","4115000000",ADM002,의정부시,B,식재산림,12593579.792028113,223189462.0769159200,system,2025-07-22 18:07:20.823,system,2025-07-22 18:07:20.823
"2025","4115000000",ADM002,의정부시,C,산지습지,300193.514107745,769666.7002980830,system,2025-07-22 18:07:20.823,system,2025-07-22 18:07:20.823
"2025","4115000000",ADM002,의정부시,D,호소,31876.737154395,54318.1487284200,system,2025-07-22 18:07:20.823,system,2025-07-22 18:07:20.823
"2025","4115000000",ADM002,의정부시,E,하천습지,1949472.254952206,1355528.9803637382,system,2025-07-22 18:07:20.823,system,2025-07-22 18:07:20.823
"2025","4115000000",ADM002,의정부시,ETC,기타,5063.180203391,45568.6218305200,system,2025-07-22 18:07:20.823,system,2025-07-22 18:07:20.823
"2025","4115000000",ADM002,의정부시,G,농업지역,4869159.605994567,7770567.8188113846,system,2025-07-22 18:07:20.823,system,2025-07-22 18:07:20.823
"2025","4115000000",ADM002,의정부시,H,조성녹지,6623191.250446540,45210395.0710321300,system,2025-07-22 18:07:20.823,system,2025-07-22 18:07:20.823
"2025","4115000000",ADM002,의정부시,I,시가화건조지,25542396.796830039,13693901.3303733490,system,2025-07-22 18:07:20.823,system,2025-07-22 18:07:20.823
"2025","4117000000",ADM002,안양시,A,자연산림,18832387.961201877,585791856.8308804300,system,2025-07-22 18:07:20.823,system,2025-07-22 18:07:20.823
"2025","4117000000",ADM002,안양시,B,식재산림,4080024.116006775,107225915.3052554300,system,2025-07-22 18:07:20.823,system,2025-07-22 18:07:20.823
"2025","4117000000",ADM002,안양시,C,산지습지,369192.413556160,,system,2025-07-22 18:07:20.823,system,2025-07-22 18:07:20.823
"2025","4117000000",ADM002,안양시,D,호소,7095.751250700,,system,2025-07-22 18:07:20.823,system,2025-07-22 18:07:20.823
"2025","4117000000",ADM002,안양시,E,하천습지,1604046.584647032,2965452.8999983933,system,2025-07-22 18:07:20.823,system,2025-07-22 18:07:20.823
"2025","4117000000",ADM002,안양시,ETC,기타,2475.721541111,22281.4938700000,system,2025-07-22 18:07:20.823,system,2025-07-22 18:07:20.823
"2025","4117000000",ADM002,안양시,G,농업지역,943927.310160811,1430559.8481424530,system,2025-07-22 18:07:20.823,system,2025-07-22 18:07:20.823
"2025","4117000000",ADM002,안양시,H,조성녹지,4555240.792059833,63047491.6554714600,system,2025-07-22 18:07:20.823,system,2025-07-22 18:07:20.823
"2025","4117000000",ADM002,안양시,I,시가화건조지,28143694.451866640,32624014.7922589800,system,2025-07-22 18:07:20.823,system,2025-07-22 18:07:20.823
"2025","4119000000",ADM002,부천시,A,자연산림,4116687.579791304,93930490.6624639360,system,2025-07-22 18:07:20.823,system,2025-07-22 18:07:20.823
"2025","4119000000",ADM002,부천시,B,식재산림,2681820.408259534,75622628.4845917970,system,2025-07-22 18:07:20.823,system,2025-07-22 18:07:20.823
"2025","4119000000",ADM002,부천시,C,산지습지,412.236288099,,system,2025-07-22 18:07:20.823,system,2025-07-22 18:07:20.823
"2025","4119000000",ADM002,부천시,D,호소,73129.485336947,,system,2025-07-22 18:07:20.823,system,2025-07-22 18:07:20.823
"2025","4119000000",ADM002,부천시,E,하천습지,841040.537803846,416319.3057974339,system,2025-07-22 18:07:20.823,system,2025-07-22 18:07:20.823
"2025","4119000000",ADM002,부천시,ETC,기타,74411.671477112,669705.0432940020,system,2025-07-22 18:07:20.823,system,2025-07-22 18:07:20.823
"2025","4119000000",ADM002,부천시,G,농업지역,6248947.522158736,6612544.9849189753,system,2025-07-22 18:07:20.823,system,2025-07-22 18:07:20.823
"2025","4119000000",ADM002,부천시,H,조성녹지,6474898.512796019,60833188.5921509590,system,2025-07-22 18:07:20.823,system,2025-07-22 18:07:20.823
"2025","4119000000",ADM002,부천시,I,시가화건조지,33080091.898228382,21477107.0485130514,system,2025-07-22 18:07:20.823,system,2025-07-22 18:07:20.823
"2025","4121000000",ADM002,광명시,A,자연산림,7837180.861995964,222519729.3073076600,system,2025-07-22 18:07:20.823,system,2025-07-22 18:07:20.823
"2025","4121000000",ADM002,광명시,B,식재산림,2653731.407523406,63866309.5416742900,system,2025-07-22 18:07:20.823,system,2025-07-22 18:07:20.823
"2025","4121000000",ADM002,광명시,C,산지습지,2898.545402423,161505.8858709100,system,2025-07-22 18:07:20.823,system,2025-07-22 18:07:20.823
"2025","4121000000",ADM002,광명시,D,호소,130417.191417600,116599.0703902897,system,2025-07-22 18:07:20.823,system,2025-07-22 18:07:20.823
"2025","4121000000",ADM002,광명시,E,하천습지,960954.186452306,114627.1766361587,system,2025-07-22 18:07:20.823,system,2025-07-22 18:07:20.823
"2025","4121000000",ADM002,광명시,G,농업지역,5448961.011066291,4931560.7584430950,system,2025-07-22 18:07:20.823,system,2025-07-22 18:07:20.823
"2025","4121000000",ADM002,광명시,H,조성녹지,3522990.266780563,27647158.5161357880,system,2025-07-22 18:07:20.823,system,2025-07-22 18:07:20.823
"2025","4121000000",ADM002,광명시,I,시가화건조지,17984594.595104754,4385102.0590979270,system,2025-07-22 18:07:20.823,system,2025-07-22 18:07:20.823
"2025","4122000000",ADM002,평택시,A,자연산림,20826321.056463768,884872292.8523686390,system,2025-07-22 18:07:20.823,system,2025-07-22 18:07:20.823
"2025","4122000000",ADM002,평택시,B,식재산림,18744609.417066302,872453624.3739573690,system,2025-07-22 18:07:20.823,system,2025-07-22 18:07:20.823
"2025","4122000000",ADM002,평택시,C,산지습지,87198.580757041,2220561.3142484100,system,2025-07-22 18:07:20.823,system,2025-07-22 18:07:20.823
"2025","4122000000",ADM002,평택시,D,호소,2783738.529535423,1707678.9870136170,system,2025-07-22 18:07:20.823,system,2025-07-22 18:07:20.823
"2025","4122000000",ADM002,평택시,E,하천습지,39673886.747780092,27809527.3701579896,system,2025-07-22 18:07:20.823,system,2025-07-22 18:07:20.823
"2025","4122000000",ADM002,평택시,ETC,기타,224261.630694622,1159733.5361319254,system,2025-07-22 18:07:20.823,system,2025-07-22 18:07:20.823
"2025","4122000000",ADM002,평택시,F,연안습지,2826668.668802833,,system,2025-07-22 18:07:20.823,system,2025-07-22 18:07:20.823
"2025","4122000000",ADM002,평택시,G,농업지역,192341286.753207430,68824180.4676134581,system,2025-07-22 18:07:20.823,system,2025-07-22 18:07:20.823
"2025","4122000000",ADM002,평택시,H,조성녹지,21094483.701704389,78932764.5480294295,system,2025-07-22 18:07:20.823,system,2025-07-22 18:07:20.823
"2025","4122000000",ADM002,평택시,I,시가화건조지,180573572.645520275,40203730.9450825305,system,2025-07-22 18:07:20.823,system,2025-07-22 18:07:20.823
"2025","4125000000",ADM002,동두천시,A,자연산림,44020620.442031859,1543045718.0198583000,system,2025-07-22 18:07:20.823,system,2025-07-22 18:07:20.823
"2025","4125000000",ADM002,동두천시,B,식재산림,15903965.209088814,390765749.0003594000,system,2025-07-22 18:07:20.823,system,2025-07-22 18:07:20.823
"2025","4125000000",ADM002,동두천시,C,산지습지,219876.857176568,3994833.9629637160,system,2025-07-22 18:07:20.823,system,2025-07-22 18:07:20.823
"2025","4125000000",ADM002,동두천시,D,호소,50270.731939917,53019.3096877100,system,2025-07-22 18:07:20.823,system,2025-07-22 18:07:20.823
"2025","4125000000",ADM002,동두천시,E,하천습지,2421994.290829104,720091.2181855000,system,2025-07-22 18:07:20.823,system,2025-07-22 18:07:20.823
"2025","4125000000",ADM002,동두천시,ETC,기타,23499.181865934,143160.1757443800,system,2025-07-22 18:07:20.823,system,2025-07-22 18:07:20.823
"2025","4125000000",ADM002,동두천시,G,농업지역,6470246.263674534,4024211.7076273070,system,2025-07-22 18:07:20.823,system,2025-07-22 18:07:20.823
"2025","4125000000",ADM002,동두천시,H,조성녹지,4814941.984943642,21869664.9332250230,system,2025-07-22 18:07:20.823,system,2025-07-22 18:07:20.823
"2025","4125000000",ADM002,동두천시,I,시가화건조지,21992455.045022740,9245153.5676461930,system,2025-07-22 18:07:20.823,system,2025-07-22 18:07:20.823
"2025","4127000000",ADM002,안산시,A,자연산림,27189300.312981467,745360216.8782162020,system,2025-07-22 18:07:20.823,system,2025-07-22 18:07:20.823
"2025","4127000000",ADM002,안산시,B,식재산림,16981441.220281508,427482465.0045091900,system,2025-07-22 18:07:20.823,system,2025-07-22 18:07:20.823
"2025","4127000000",ADM002,안산시,C,산지습지,8702.834876909,32790.1101137800,system,2025-07-22 18:07:20.823,system,2025-07-22 18:07:20.823
"2025","4127000000",ADM002,안산시,D,호소,1741878.343534659,689667.1837761697,system,2025-07-22 18:07:20.823,system,2025-07-22 18:07:20.823
"2025","4127000000",ADM002,안산시,E,하천습지,1939765.418055666,1038246.8919159691,system,2025-07-22 18:07:20.823,system,2025-07-22 18:07:20.823
"2025","4127000000",ADM002,안산시,ETC,기타,16978.684124115,151933.3172323900,system,2025-07-22 18:07:20.823,system,2025-07-22 18:07:20.823
"2025","4127000000",ADM002,안산시,F,연안습지,975069.778648068,10503.1668924995,system,2025-07-22 18:07:20.823,system,2025-07-22 18:07:20.823
"2025","4127000000",ADM002,안산시,G,농업지역,25026577.882919400,15822197.3831379295,system,2025-07-22 18:07:20.823,system,2025-07-22 18:07:20.823
"2025","4127000000",ADM002,안산시,H,조성녹지,15958606.599728404,108761431.0499285567,system,2025-07-22 18:07:20.823,system,2025-07-22 18:07:20.823
"2025","4127000000",ADM002,안산시,I,시가화건조지,59651850.938963020,31185435.4880344616,system,2025-07-22 18:07:20.823,system,2025-07-22 18:07:20.823
"2025","4128000000",ADM002,고양시,A,자연산림,53210160.163629463,1324978488.7365462928,system,2025-07-22 18:07:20.823,system,2025-07-22 18:07:20.823
"2025","4128000000",ADM002,고양시,B,식재산림,16232275.688647748,283177773.5769769122,system,2025-07-22 18:07:20.823,system,2025-07-22 18:07:20.823
"2025","4128000000",ADM002,고양시,C,산지습지,339187.684021527,449318.1424504100,system,2025-07-22 18:07:20.823,system,2025-07-22 18:07:20.823
"2025","4128000000",ADM002,고양시,D,호소,570718.712326136,,system,2025-07-22 18:07:20.823,system,2025-07-22 18:07:20.823
"2025","4128000000",ADM002,고양시,E,하천습지,22130210.163044880,25543307.2555139239,system,2025-07-22 18:07:20.823,system,2025-07-22 18:07:20.823
"2025","4128000000",ADM002,고양시,ETC,기타,15395.692021263,144471.5780330300,system,2025-07-22 18:07:20.823,system,2025-07-22 18:07:20.823
"2025","4128000000",ADM002,고양시,G,농업지역,49389770.085807600,38976135.0605998644,system,2025-07-22 18:07:20.823,system,2025-07-22 18:07:20.823
"2025","4128000000",ADM002,고양시,H,조성녹지,25762053.481014995,189119111.2200815450,system,2025-07-22 18:07:20.823,system,2025-07-22 18:07:20.823
"2025","4128000000",ADM002,고양시,I,시가화건조지,98913800.655062897,50490855.5589811072,system,2025-07-22 18:07:20.912,system,2025-07-22 18:07:20.912
"2025","4129000000",ADM002,과천시,A,자연산림,16173677.329946638,286139280.9153676580,system,2025-07-22 18:07:20.912,system,2025-07-22 18:07:20.912
"2025","4129000000",ADM002,과천시,B,식재산림,3955646.324962259,80760030.7923185760,system,2025-07-22 18:07:20.912,system,2025-07-22 18:07:20.912
"2025","4129000000",ADM002,과천시,C,산지습지,209859.184717221,2224987.6270190100,system,2025-07-22 18:07:20.912,system,2025-07-22 18:07:20.912
"2025","4129000000",ADM002,과천시,D,호소,272922.935778495,62565.1737523502,system,2025-07-22 18:07:20.912,system,2025-07-22 18:07:20.912
"2025","4129000000",ADM002,과천시,E,하천습지,427270.136931844,487770.2656081082,system,2025-07-22 18:07:20.912,system,2025-07-22 18:07:20.912
"2025","4129000000",ADM002,과천시,ETC,기타,1249.022190539,11241.1997148500,system,2025-07-22 18:07:20.912,system,2025-07-22 18:07:20.912
"2025","4129000000",ADM002,과천시,G,농업지역,3302130.494859074,5345650.5446060363,system,2025-07-22 18:07:20.912,system,2025-07-22 18:07:20.912
"2025","4129000000",ADM002,과천시,H,조성녹지,4150053.000862049,42861907.2523823790,system,2025-07-22 18:07:20.912,system,2025-07-22 18:07:20.912
"2025","4129000000",ADM002,과천시,I,시가화건조지,7356637.905875345,6113116.0875968524,system,2025-07-22 18:07:20.912,system,2025-07-22 18:07:20.912
"2025","4131000000",ADM002,구리시,A,자연산림,5753177.024310723,143462075.4094561900,system,2025-07-22 18:07:20.912,system,2025-07-22 18:07:20.912
"2025","4131000000",ADM002,구리시,B,식재산림,2652673.769621646,81738760.9761140500,system,2025-07-22 18:07:20.912,system,2025-07-22 18:07:20.912
"2025","4131000000",ADM002,구리시,C,산지습지,72979.856326770,986385.4384556400,system,2025-07-22 18:07:20.912,system,2025-07-22 18:07:20.912
"2025","4131000000",ADM002,구리시,D,호소,235375.284823078,615581.5920329926,system,2025-07-22 18:07:20.912,system,2025-07-22 18:07:20.912
"2025","4131000000",ADM002,구리시,E,하천습지,4272589.349513207,238318.7000996689,system,2025-07-22 18:07:20.912,system,2025-07-22 18:07:20.912
"2025","4131000000",ADM002,구리시,ETC,기타,19797.774459480,178179.9701353213,system,2025-07-22 18:07:20.912,system,2025-07-22 18:07:20.912
"2025","4131000000",ADM002,구리시,G,농업지역,3693062.739123778,7487455.8064213920,system,2025-07-22 18:07:20.912,system,2025-07-22 18:07:20.912
"2025","4131000000",ADM002,구리시,H,조성녹지,3555944.328821638,34042556.1292350700,system,2025-07-22 18:07:20.912,system,2025-07-22 18:07:20.912
"2025","4131000000",ADM002,구리시,I,시가화건조지,12961560.399866170,4791730.1742310060,system,2025-07-22 18:07:20.912,system,2025-07-22 18:07:20.912
"2025","4136000000",ADM002,남양주시,A,자연산림,173111243.600488412,6459765929.6679258900,system,2025-07-22 18:07:20.912,system,2025-07-22 18:07:20.912
"2025","4136000000",ADM002,남양주시,B,식재산림,95530549.486826903,2136722203.1992250400,system,2025-07-22 18:07:20.912,system,2025-07-22 18:07:20.912
"2025","4136000000",ADM002,남양주시,C,산지습지,1109642.437954604,13980773.9960158100,system,2025-07-22 18:07:20.912,system,2025-07-22 18:07:20.912
"2025","4136000000",ADM002,남양주시,D,호소,1253432.864953081,887215.1894288450,system,2025-07-22 18:07:20.912,system,2025-07-22 18:07:20.912
"2025","4136000000",ADM002,남양주시,E,하천습지,20088202.995171123,6323506.5795437679,system,2025-07-22 18:07:20.912,system,2025-07-22 18:07:20.912
"2025","4136000000",ADM002,남양주시,ETC,기타,73354.427546643,446956.5972447900,system,2025-07-22 18:07:20.912,system,2025-07-22 18:07:20.912
"2025","4136000000",ADM002,남양주시,G,농업지역,44378038.813207791,68813681.2300331581,system,2025-07-22 18:07:20.912,system,2025-07-22 18:07:20.912
"2025","4136000000",ADM002,남양주시,H,조성녹지,26940847.414366940,160957220.9863899580,system,2025-07-22 18:07:20.912,system,2025-07-22 18:07:20.912
"2025","4136000000",ADM002,남양주시,I,시가화건조지,97178956.788180758,33467806.8139119262,system,2025-07-22 18:07:20.912,system,2025-07-22 18:07:20.912
"2025","4137000000",ADM002,오산시,A,자연산림,2874428.249637362,78154315.3265883915,system,2025-07-22 18:07:20.912,system,2025-07-22 18:07:20.912
"2025","4137000000",ADM002,오산시,B,식재산림,4339776.375382990,115158062.4534367230,system,2025-07-22 18:07:20.912,system,2025-07-22 18:07:20.912
"2025","4137000000",ADM002,오산시,C,산지습지,68998.590741433,9341095.9756705200,system,2025-07-22 18:07:20.912,system,2025-07-22 18:07:20.912
"2025","4137000000",ADM002,오산시,D,호소,384379.049079182,135654.9173693700,system,2025-07-22 18:07:20.912,system,2025-07-22 18:07:20.912
"2025","4137000000",ADM002,오산시,E,하천습지,1128760.272416815,693509.2310042350,system,2025-07-22 18:07:20.912,system,2025-07-22 18:07:20.912
"2025","4137000000",ADM002,오산시,ETC,기타,78446.353528337,706017.1817550377,system,2025-07-22 18:07:20.912,system,2025-07-22 18:07:20.912
"2025","4137000000",ADM002,오산시,G,농업지역,6751014.716401896,11646885.5109179012,system,2025-07-22 18:07:20.912,system,2025-07-22 18:07:20.912
"2025","4137000000",ADM002,오산시,H,조성녹지,4592667.997104804,23506261.3390556918,system,2025-07-22 18:07:20.912,system,2025-07-22 18:07:20.912
"2025","4137000000",ADM002,오산시,I,시가화건조지,22444408.728466530,11098351.4444284427,system,2025-07-22 18:07:20.912,system,2025-07-22 18:07:20.912
"2025","4139000000",ADM002,시흥시,A,자연산림,20211208.915013741,454204774.4829575866,system,2025-07-22 18:07:20.912,system,2025-07-22 18:07:20.912
"2025","4139000000",ADM002,시흥시,B,식재산림,8504385.857310085,203183991.6966308890,system,2025-07-22 18:07:20.912,system,2025-07-22 18:07:20.912
"2025","4139000000",ADM002,시흥시,C,산지습지,15137.018721184,56751.8119603400,system,2025-07-22 18:07:20.912,system,2025-07-22 18:07:20.912
"2025","4139000000",ADM002,시흥시,D,호소,1454603.096664712,173126.6406596096,system,2025-07-22 18:07:20.912,system,2025-07-22 18:07:20.912
"2025","4139000000",ADM002,시흥시,E,하천습지,2417769.866605387,3378212.9451742345,system,2025-07-22 18:07:20.912,system,2025-07-22 18:07:20.912
"2025","4139000000",ADM002,시흥시,ETC,기타,2503.903023454,22535.1272110900,system,2025-07-22 18:07:20.912,system,2025-07-22 18:07:20.912
"2025","4139000000",ADM002,시흥시,F,연안습지,2006129.188344159,,system,2025-07-22 18:07:20.912,system,2025-07-22 18:07:20.912
"2025","4139000000",ADM002,시흥시,G,농업지역,30295772.529355527,7527434.9842678140,system,2025-07-22 18:07:20.912,system,2025-07-22 18:07:20.912
"2025","4139000000",ADM002,시흥시,H,조성녹지,16358295.193556820,77747242.7276009649,system,2025-07-22 18:07:20.912,system,2025-07-22 18:07:20.912
"2025","4139000000",ADM002,시흥시,I,시가화건조지,59847795.621842623,17403469.9436342322,system,2025-07-22 18:07:20.912,system,2025-07-22 18:07:20.912
"2025","4141000000",ADM002,군포시,A,자연산림,9454640.725162041,314419068.5751739940,system,2025-07-22 18:07:20.912,system,2025-07-22 18:07:20.912
"2025","4141000000",ADM002,군포시,B,식재산림,4688186.154674350,127883466.6979877080,system,2025-07-22 18:07:20.912,system,2025-07-22 18:07:20.912
"2025","4141000000",ADM002,군포시,C,산지습지,48735.067933009,2540934.8393097700,system,2025-07-22 18:07:20.912,system,2025-07-22 18:07:20.912
"2025","4141000000",ADM002,군포시,D,호소,500135.696746075,145295.4409372900,system,2025-07-22 18:07:20.912,system,2025-07-22 18:07:20.912
"2025","4141000000",ADM002,군포시,E,하천습지,353340.166512019,568328.6109988421,system,2025-07-22 18:07:20.912,system,2025-07-22 18:07:20.912
"2025","4141000000",ADM002,군포시,ETC,기타,21124.802650911,190123.2238582000,system,2025-07-22 18:07:20.912,system,2025-07-22 18:07:20.912
"2025","4141000000",ADM002,군포시,G,농업지역,3292416.396066600,5915204.9243094380,system,2025-07-22 18:07:20.912,system,2025-07-22 18:07:20.912
"2025","4141000000",ADM002,군포시,H,조성녹지,4986059.427889675,44711344.2127064190,system,2025-07-22 18:07:20.912,system,2025-07-22 18:07:20.912
"2025","4141000000",ADM002,군포시,I,시가화건조지,13051764.165104979,18259964.0993992810,system,2025-07-22 18:07:20.912,system,2025-07-22 18:07:20.912
"2025","4143000000",ADM002,의왕시,A,자연산림,20005577.481526501,555008613.5634871100,system,2025-07-22 18:07:20.912,system,2025-07-22 18:07:20.912
"2025","4143000000",ADM002,의왕시,B,식재산림,6639407.093444800,150179600.1620484100,system,2025-07-22 18:07:20.912,system,2025-07-22 18:07:20.912
"2025","4143000000",ADM002,의왕시,C,산지습지,118629.595091154,6443750.7100571600,system,2025-07-22 18:07:20.912,system,2025-07-22 18:07:20.912
"2025","4143000000",ADM002,의왕시,D,호소,1169405.186564530,256921.9326531500,system,2025-07-22 18:07:20.912,system,2025-07-22 18:07:20.912
"2025","4143000000",ADM002,의왕시,E,하천습지,680470.091845881,158986.8577231179,system,2025-07-22 18:07:20.912,system,2025-07-22 18:07:20.912
"2025","4143000000",ADM002,의왕시,ETC,기타,10878.505426945,97744.8386126558,system,2025-07-22 18:07:20.912,system,2025-07-22 18:07:20.912
"2025","4143000000",ADM002,의왕시,G,농업지역,6017663.024467341,19314944.0839951730,system,2025-07-22 18:07:20.912,system,2025-07-22 18:07:20.912
"2025","4143000000",ADM002,의왕시,H,조성녹지,4837167.739625767,25652079.6254256050,system,2025-07-22 18:07:20.912,system,2025-07-22 18:07:20.912
"2025","4143000000",ADM002,의왕시,I,시가화건조지,14500670.764294204,5297237.4596733260,system,2025-07-22 18:07:20.912,system,2025-07-22 18:07:20.912
"2025","4145000000",ADM002,하남시,A,자연산림,34537344.232857311,1760046494.8088038500,system,2025-07-22 18:07:20.912,system,2025-07-22 18:07:20.912
"2025","4145000000",ADM002,하남시,B,식재산림,6125150.534770270,221698641.2822994780,system,2025-07-22 18:07:20.912,system,2025-07-22 18:07:20.912
"2025","4145000000",ADM002,하남시,C,산지습지,457228.063338754,43708284.6532941100,system,2025-07-22 18:07:20.912,system,2025-07-22 18:07:20.912
"2025","4145000000",ADM002,하남시,D,호소,506405.623913973,201404.8818575300,system,2025-07-22 18:07:20.912,system,2025-07-22 18:07:20.912
"2025","4145000000",ADM002,하남시,E,하천습지,9616964.319693057,39183983.0921591561,system,2025-07-22 18:07:20.912,system,2025-07-22 18:07:20.912
"2025","4145000000",ADM002,하남시,ETC,기타,12181.220239317,109630.9821538400,system,2025-07-22 18:07:20.912,system,2025-07-22 18:07:20.912
"2025","4145000000",ADM002,하남시,G,농업지역,8259505.558392089,8717129.2237435060,system,2025-07-22 18:07:20.912,system,2025-07-22 18:07:20.912
"2025","4145000000",ADM002,하남시,H,조성녹지,8670253.759598174,48141233.6955612272,system,2025-07-22 18:07:20.912,system,2025-07-22 18:07:20.912
"2025","4145000000",ADM002,하남시,I,시가화건조지,24514389.129542322,9441879.4395319828,system,2025-07-22 18:07:20.912,system,2025-07-22 18:07:20.912
"2025","4146000000",ADM002,용인시,A,자연산림,171480805.049503678,6179614023.0763206400,system,2025-07-22 18:07:20.912,system,2025-07-22 18:07:20.912
"2025","4146000000",ADM002,용인시,B,식재산림,102547592.807598281,1895662618.3559446500,system,2025-07-22 18:07:20.912,system,2025-07-22 18:07:20.912
"2025","4146000000",ADM002,용인시,C,산지습지,2206584.570158256,47771369.7627892610,system,2025-07-22 18:07:20.912,system,2025-07-22 18:07:20.912
"2025","4146000000",ADM002,용인시,D,호소,7868063.384954260,3056385.2233926541,system,2025-07-22 18:07:20.912,system,2025-07-22 18:07:20.912
"2025","4146000000",ADM002,용인시,E,하천습지,12835518.227013704,4890651.2945351862,system,2025-07-22 18:07:20.912,system,2025-07-22 18:07:20.912
"2025","4146000000",ADM002,용인시,ETC,기타,147094.161155165,823794.7604064800,system,2025-07-22 18:07:20.912,system,2025-07-22 18:07:20.912
"2025","4146000000",ADM002,용인시,G,농업지역,92307916.484872175,80272054.2580746805,system,2025-07-22 18:07:20.912,system,2025-07-22 18:07:20.912
"2025","4146000000",ADM002,용인시,H,조성녹지,59366473.220608623,282477441.5769087100,system,2025-07-22 18:07:20.912,system,2025-07-22 18:07:20.912
"2025","4146000000",ADM002,용인시,I,시가화건조지,143008883.493002287,70814530.3087147500,system,2025-07-22 18:07:20.912,system,2025-07-22 18:07:20.912
"2025","4148000000",ADM002,파주시,A,자연산림,207228658.254099904,7337559387.9588208100,system,2025-07-22 18:07:20.912,system,2025-07-22 18:07:20.912
"2025","4148000000",ADM002,파주시,B,식재산림,83824154.557613224,1573363500.5931887900,system,2025-07-22 18:07:20.912,system,2025-07-22 18:07:20.912
"2025","4148000000",ADM002,파주시,C,산지습지,689639.648562708,2822311.8568766200,system,2025-07-22 18:07:20.912,system,2025-07-22 18:07:20.912
"2025","4148000000",ADM002,파주시,D,호소,3775064.847386616,1624968.0007668251,system,2025-07-22 18:07:20.912,system,2025-07-22 18:07:20.912
"2025","4148000000",ADM002,파주시,E,하천습지,56411854.881302474,7808082.8425078167,system,2025-07-22 18:07:20.912,system,2025-07-22 18:07:20.912
"2025","4148000000",ADM002,파주시,ETC,기타,338764.020040392,547075.1225404823,system,2025-07-22 18:07:20.912,system,2025-07-22 18:07:20.912
"2025","4148000000",ADM002,파주시,G,농업지역,149853563.621725195,79641598.1875855929,system,2025-07-22 18:07:20.912,system,2025-07-22 18:07:20.912
"2025","4148000000",ADM002,파주시,H,조성녹지,36484120.971963796,157100797.7728963366,system,2025-07-22 18:07:20.912,system,2025-07-22 18:07:20.912
"2025","4148000000",ADM002,파주시,I,시가화건조지,150594557.386615466,49226718.3302377216,system,2025-07-22 18:07:20.912,system,2025-07-22 18:07:20.912
"2025","4150000000",ADM002,이천시,A,자연산림,74875979.438063138,2675517669.9082505840,system,2025-07-22 18:07:20.912,system,2025-07-22 18:07:20.912
"2025","4150000000",ADM002,이천시,B,식재산림,46416712.160447562,838744256.9306778000,system,2025-07-22 18:07:20.912,system,2025-07-22 18:07:20.912
"2025","4150000000",ADM002,이천시,C,산지습지,1400000.921503306,13052946.9564268500,system,2025-07-22 18:07:20.912,system,2025-07-22 18:07:20.912
"2025","4150000000",ADM002,이천시,D,호소,1764066.397090487,849875.1498904401,system,2025-07-22 18:07:20.912,system,2025-07-22 18:07:20.912
"2025","4150000000",ADM002,이천시,E,하천습지,17666469.065878156,5958530.9235678994,system,2025-07-22 18:07:20.912,system,2025-07-22 18:07:20.912
"2025","4150000000",ADM002,이천시,ETC,기타,173148.339769706,1243719.1355417700,system,2025-07-22 18:07:20.912,system,2025-07-22 18:07:20.912
"2025","4150000000",ADM002,이천시,G,농업지역,190414599.425112593,251477074.1131932230,system,2025-07-22 18:07:20.912,system,2025-07-22 18:07:20.912
"2025","4150000000",ADM002,이천시,H,조성녹지,26178907.524674975,92502270.3121765625,system,2025-07-22 18:07:20.912,system,2025-07-22 18:07:20.912
"2025","4150000000",ADM002,이천시,I,시가화건조지,103019247.733343506,91095774.8376690628,system,2025-07-22 18:07:20.987,system,2025-07-22 18:07:20.987
"2025","4155000000",ADM002,안성시,A,자연산림,137848965.396988236,2006881265.8759641410,system,2025-07-22 18:07:20.987,system,2025-07-22 18:07:20.987
"2025","4155000000",ADM002,안성시,B,식재산림,81838684.842234527,743923088.1634003949,system,2025-07-22 18:07:20.987,system,2025-07-22 18:07:20.987
"2025","4155000000",ADM002,안성시,C,산지습지,2219601.832878478,47769994.9392306000,system,2025-07-22 18:07:20.987,system,2025-07-22 18:07:20.987
"2025","4155000000",ADM002,안성시,D,호소,9084390.317287246,44284071.1120601915,system,2025-07-22 18:07:20.987,system,2025-07-22 18:07:20.987
"2025","4155000000",ADM002,안성시,E,하천습지,15730909.877421110,47677913.1680825148,system,2025-07-22 18:07:20.987,system,2025-07-22 18:07:20.987
"2025","4155000000",ADM002,안성시,ETC,기타,306577.772982625,10017623.2556399870,system,2025-07-22 18:07:20.987,system,2025-07-22 18:07:20.987
"2025","4155000000",ADM002,안성시,G,농업지역,177671277.486191846,665262262.4804720998,system,2025-07-22 18:07:20.987,system,2025-07-22 18:07:20.987
"2025","4155000000",ADM002,안성시,H,조성녹지,31178691.318808926,249101291.0485763678,system,2025-07-22 18:07:20.987,system,2025-07-22 18:07:20.987
"2025","4155000000",ADM002,안성시,I,시가화건조지,97466336.854397497,150366562.0344332851,system,2025-07-22 18:07:20.987,system,2025-07-22 18:07:20.987
"2025","4157000000",ADM002,김포시,A,자연산림,35119403.961424856,726121042.5623050378,system,2025-07-22 18:07:20.987,system,2025-07-22 18:07:20.987
"2025","4157000000",ADM002,김포시,B,식재산림,14794014.699868009,184182980.8202634100,system,2025-07-22 18:07:20.987,system,2025-07-22 18:07:20.987
"2025","4157000000",ADM002,김포시,C,산지습지,16163.824858424,,system,2025-07-22 18:07:20.987,system,2025-07-22 18:07:20.987
"2025","4157000000",ADM002,김포시,D,호소,1005076.221443737,86413.4131595800,system,2025-07-22 18:07:20.987,system,2025-07-22 18:07:20.987
"2025","4157000000",ADM002,김포시,E,하천습지,43635976.071659717,5223731.0527748980,system,2025-07-22 18:07:20.987,system,2025-07-22 18:07:20.987
"2025","4157000000",ADM002,김포시,ETC,기타,18699.695479113,258174.7142100800,system,2025-07-22 18:07:20.987,system,2025-07-22 18:07:20.987
"2025","4157000000",ADM002,김포시,F,연안습지,167745.302744807,,system,2025-07-22 18:07:20.987,system,2025-07-22 18:07:20.987
"2025","4157000000",ADM002,김포시,G,농업지역,74282109.284951500,93635475.9236999230,system,2025-07-22 18:07:20.987,system,2025-07-22 18:07:20.987
"2025","4157000000",ADM002,김포시,H,조성녹지,15275498.754139075,222010109.8821832800,system,2025-07-22 18:07:20.987,system,2025-07-22 18:07:20.987
"2025","4157000000",ADM002,김포시,I,시가화건조지,93470972.252054150,78625838.5069460810,system,2025-07-22 18:07:20.987,system,2025-07-22 18:07:20.987
"2025","4159000000",ADM002,화성시,A,자연산림,90762271.126356692,2888902202.7212985428,system,2025-07-22 18:07:20.987,system,2025-07-22 18:07:20.987
"2025","4159000000",ADM002,화성시,B,식재산림,58541916.587368752,1273509856.2930742514,system,2025-07-22 18:07:20.987,system,2025-07-22 18:07:20.987
"2025","4159000000",ADM002,화성시,C,산지습지,244463.693386823,21035009.7857645700,system,2025-07-22 18:07:20.987,system,2025-07-22 18:07:20.987
"2025","4159000000",ADM002,화성시,D,호소,6488465.055844269,3518796.0290285940,system,2025-07-22 18:07:20.987,system,2025-07-22 18:07:20.987
"2025","4159000000",ADM002,화성시,E,하천습지,19157993.544584455,9121840.9271796544,system,2025-07-22 18:07:20.987,system,2025-07-22 18:07:20.987
"2025","4159000000",ADM002,화성시,ETC,기타,93017.544201366,837157.8978122939,system,2025-07-22 18:07:20.987,system,2025-07-22 18:07:20.987
"2025","4159000000",ADM002,화성시,F,연안습지,1708102.541790992,2582.3375154035,system,2025-07-22 18:07:20.987,system,2025-07-22 18:07:20.987
"2025","4159000000",ADM002,화성시,G,농업지역,234993886.162919764,129882893.6658816085,system,2025-07-22 18:07:20.987,system,2025-07-22 18:07:20.987
"2025","4159000000",ADM002,화성시,H,조성녹지,53658260.244365486,190757063.5207472563,system,2025-07-22 18:07:20.987,system,2025-07-22 18:07:20.987
"2025","4159000000",ADM002,화성시,I,시가화건조지,227276382.606946234,229045060.3061594620,system,2025-07-22 18:07:20.987,system,2025-07-22 18:07:20.987
"2025","4161000000",ADM002,광주시,A,자연산림,186409143.292104404,6355881806.9116015500,system,2025-07-22 18:07:20.987,system,2025-07-22 18:07:20.987
"2025","4161000000",ADM002,광주시,B,식재산림,72016112.511437152,2587588768.7347889700,system,2025-07-22 18:07:20.987,system,2025-07-22 18:07:20.987
"2025","4161000000",ADM002,광주시,C,산지습지,2139534.138448812,134330740.3244536300,system,2025-07-22 18:07:20.987,system,2025-07-22 18:07:20.987
"2025","4161000000",ADM002,광주시,D,호소,789813.039141097,1116128.3298234500,system,2025-07-22 18:07:20.987,system,2025-07-22 18:07:20.987
"2025","4161000000",ADM002,광주시,E,하천습지,20408518.677658670,12504719.3163955043,system,2025-07-22 18:07:20.987,system,2025-07-22 18:07:20.987
"2025","4161000000",ADM002,광주시,ETC,기타,54489.051095717,490401.4598614700,system,2025-07-22 18:07:20.987,system,2025-07-22 18:07:20.987
"2025","4161000000",ADM002,광주시,G,농업지역,39305758.480047329,38806255.9646416577,system,2025-07-22 18:07:20.987,system,2025-07-22 18:07:20.987
"2025","4161000000",ADM002,광주시,H,조성녹지,26369251.792129931,116688444.9271617780,system,2025-07-22 18:07:20.987,system,2025-07-22 18:07:20.987
"2025","4161000000",ADM002,광주시,I,시가화건조지,82503383.425439100,33484263.1038901910,system,2025-07-22 18:07:20.987,system,2025-07-22 18:07:20.987
"2025","4163000000",ADM002,양주시,A,자연산림,96853151.101849944,3236132539.6552100800,system,2025-07-22 18:07:20.987,system,2025-07-22 18:07:20.987
"2025","4163000000",ADM002,양주시,B,식재산림,53811318.692755652,1102538886.6215125300,system,2025-07-22 18:07:20.987,system,2025-07-22 18:07:20.987
"2025","4163000000",ADM002,양주시,C,산지습지,1182701.469193376,2224440.4442176100,system,2025-07-22 18:07:20.987,system,2025-07-22 18:07:20.987
"2025","4163000000",ADM002,양주시,D,호소,1795150.952885981,886654.7327674439,system,2025-07-22 18:07:20.987,system,2025-07-22 18:07:20.987
"2025","4163000000",ADM002,양주시,E,하천습지,6678007.712834060,1690273.5088599118,system,2025-07-22 18:07:20.987,system,2025-07-22 18:07:20.987
"2025","4163000000",ADM002,양주시,ETC,기타,192913.421970105,898599.9013825900,system,2025-07-22 18:07:20.987,system,2025-07-22 18:07:20.987
"2025","4163000000",ADM002,양주시,G,농업지역,44936355.342287585,35454908.0719061150,system,2025-07-22 18:07:20.987,system,2025-07-22 18:07:20.987
"2025","4163000000",ADM002,양주시,H,조성녹지,18271926.964256114,60065360.1161922734,system,2025-07-22 18:07:20.987,system,2025-07-22 18:07:20.987
"2025","4163000000",ADM002,양주시,I,시가화건조지,86770508.280855936,43135267.1584152800,system,2025-07-22 18:07:20.987,system,2025-07-22 18:07:20.987
"2025","4165000000",ADM002,포천시,A,자연산림,372044481.070998200,13429621396.1557427000,system,2025-07-22 18:07:20.987,system,2025-07-22 18:07:20.987
"2025","4165000000",ADM002,포천시,B,식재산림,153561048.726580377,4354451572.0601956400,system,2025-07-22 18:07:20.987,system,2025-07-22 18:07:20.987
"2025","4165000000",ADM002,포천시,C,산지습지,1502771.586318030,100251.3335653100,system,2025-07-22 18:07:20.987,system,2025-07-22 18:07:20.987
"2025","4165000000",ADM002,포천시,D,호소,2906172.894526229,406983.0252271300,system,2025-07-22 18:07:20.987,system,2025-07-22 18:07:20.987
"2025","4165000000",ADM002,포천시,E,하천습지,18292719.942038344,12483283.0509277314,system,2025-07-22 18:07:20.987,system,2025-07-22 18:07:20.987
"2025","4165000000",ADM002,포천시,ETC,기타,244217.101495255,2044601.5541500647,system,2025-07-22 18:07:20.987,system,2025-07-22 18:07:20.987
"2025","4165000000",ADM002,포천시,G,농업지역,122022155.572368438,186674613.5412620370,system,2025-07-22 18:07:20.987,system,2025-07-22 18:07:20.987
"2025","4165000000",ADM002,포천시,H,조성녹지,34095650.464923577,91502284.2081987834,system,2025-07-22 18:07:20.987,system,2025-07-22 18:07:20.987
"2025","4165000000",ADM002,포천시,I,시가화건조지,121148830.902748390,17549257.2256120060,system,2025-07-22 18:07:20.987,system,2025-07-22 18:07:20.987
"2025","4167000000",ADM002,여주시,A,자연산림,163527934.899124049,7465811018.0720832070,system,2025-07-22 18:07:20.987,system,2025-07-22 18:07:20.987
"2025","4167000000",ADM002,여주시,B,식재산림,86137978.238507582,3553766452.0203907900,system,2025-07-22 18:07:20.987,system,2025-07-22 18:07:20.987
"2025","4167000000",ADM002,여주시,C,산지습지,661735.366347000,9024104.7816697405,system,2025-07-22 18:07:20.987,system,2025-07-22 18:07:20.987
"2025","4167000000",ADM002,여주시,D,호소,2321670.604565191,7058078.2352106410,system,2025-07-22 18:07:20.987,system,2025-07-22 18:07:20.987
"2025","4167000000",ADM002,여주시,E,하천습지,45520323.696973786,13228666.9353211711,system,2025-07-22 18:07:20.987,system,2025-07-22 18:07:20.987
"2025","4167000000",ADM002,여주시,ETC,기타,76070.159259597,815150.3369839400,system,2025-07-22 18:07:20.987,system,2025-07-22 18:07:20.987
"2025","4167000000",ADM002,여주시,G,농업지역,186263943.965961290,169805039.6403773296,system,2025-07-22 18:07:20.987,system,2025-07-22 18:07:20.987
"2025","4167000000",ADM002,여주시,H,조성녹지,42216501.461398629,99955314.5851000121,system,2025-07-22 18:07:20.987,system,2025-07-22 18:07:20.987
"2025","4167000000",ADM002,여주시,I,시가화건조지,80650936.063306331,44222509.1116626110,system,2025-07-22 18:07:20.987,system,2025-07-22 18:07:20.987
"2025","4180000000",ADM002,연천군,A,자연산림,365801526.868366800,11353001800.1432050000,system,2025-07-22 18:07:20.987,system,2025-07-22 18:07:20.987
"2025","4180000000",ADM002,연천군,B,식재산림,58204031.573885530,1101799108.0146636000,system,2025-07-22 18:07:20.987,system,2025-07-22 18:07:20.987
"2025","4180000000",ADM002,연천군,C,산지습지,1512461.220272520,458867.5874901400,system,2025-07-22 18:07:20.987,system,2025-07-22 18:07:20.987
"2025","4180000000",ADM002,연천군,D,호소,1424355.074473067,100329.5572530289,system,2025-07-22 18:07:20.987,system,2025-07-22 18:07:20.987
"2025","4180000000",ADM002,연천군,E,하천습지,36970606.653930640,29278681.9006784310,system,2025-07-22 18:07:20.987,system,2025-07-22 18:07:20.987
"2025","4180000000",ADM002,연천군,ETC,기타,51257.996215526,274652.2958999602,system,2025-07-22 18:07:20.987,system,2025-07-22 18:07:20.987
"2025","4180000000",ADM002,연천군,G,농업지역,127085096.406606270,68784685.2754976700,system,2025-07-22 18:07:20.987,system,2025-07-22 18:07:20.987
"2025","4180000000",ADM002,연천군,H,조성녹지,12564536.479242812,19559787.9856902070,system,2025-07-22 18:07:20.987,system,2025-07-22 18:07:20.987
"2025","4180000000",ADM002,연천군,I,시가화건조지,62685396.956413620,10557752.5541158340,system,2025-07-22 18:07:20.987,system,2025-07-22 18:07:20.987
"2025","4182000000",ADM002,가평군,A,자연산림,457071783.248569900,13786030466.4356160000,system,2025-07-22 18:07:20.987,system,2025-07-22 18:07:20.987
"2025","4182000000",ADM002,가평군,B,식재산림,216111589.810225100,4383427248.7755680000,system,2025-07-22 18:07:20.987,system,2025-07-22 18:07:20.987
"2025","4182000000",ADM002,가평군,C,산지습지,4421962.803987844,18691065.7373902300,system,2025-07-22 18:07:20.987,system,2025-07-22 18:07:20.987
"2025","4182000000",ADM002,가평군,D,호소,886788.415383511,500195.9658779698,system,2025-07-22 18:07:20.987,system,2025-07-22 18:07:20.987
"2025","4182000000",ADM002,가평군,E,하천습지,30220759.924683910,7145607.3708109090,system,2025-07-22 18:07:20.987,system,2025-07-22 18:07:20.987
"2025","4182000000",ADM002,가평군,ETC,기타,68138.343096178,487141.5595378490,system,2025-07-22 18:07:20.987,system,2025-07-22 18:07:20.987
"2025","4182000000",ADM002,가평군,G,농업지역,49082161.812161130,76151050.2398966600,system,2025-07-22 18:07:20.987,system,2025-07-22 18:07:20.987
"2025","4182000000",ADM002,가평군,H,조성녹지,18719067.284344640,68762874.1064168100,system,2025-07-22 18:07:20.987,system,2025-07-22 18:07:20.987
"2025","4182000000",ADM002,가평군,I,시가화건조지,64192627.374215720,45521654.6986548500,system,2025-07-22 18:07:20.987,system,2025-07-22 18:07:20.987
"2025","4183000000",ADM002,양평군,A,자연산림,390831773.616369460,12301154079.7965110000,system,2025-07-22 18:07:20.987,system,2025-07-22 18:07:20.987
"2025","4183000000",ADM002,양평군,B,식재산림,212338114.347546120,4573239392.2430036000,system,2025-07-22 18:07:20.987,system,2025-07-22 18:07:20.987
"2025","4183000000",ADM002,양평군,C,산지습지,7607313.034284992,70574120.5009389300,system,2025-07-22 18:07:20.987,system,2025-07-22 18:07:20.987
"2025","4183000000",ADM002,양평군,D,호소,2832319.433192852,1729156.8560222700,system,2025-07-22 18:07:20.987,system,2025-07-22 18:07:20.987
"2025","4183000000",ADM002,양평군,E,하천습지,31993786.159800750,22414724.8597536040,system,2025-07-22 18:07:20.987,system,2025-07-22 18:07:20.987
"2025","4183000000",ADM002,양평군,ETC,기타,126590.110552494,1236859.4505568250,system,2025-07-22 18:07:20.987,system,2025-07-22 18:07:20.987
"2025","4183000000",ADM002,양평군,G,농업지역,110363690.394097070,132270642.9674947900,system,2025-07-22 18:07:20.987,system,2025-07-22 18:07:20.987
"2025","4183000000",ADM002,양평군,H,조성녹지,21937766.063761692,93164301.5811655000,system,2025-07-22 18:07:20.987,system,2025-07-22 18:07:20.987
"2025","4183000000",ADM002,양평군,I,시가화건조지,98814436.593123610,73897120.5904050300,system,2025-07-22 18:07:20.987,system,2025-07-22 18:07:20.987
"2025","4111100000",ADM003,장안구,A,자연산림,10157724.332679852,293305125.6925570000,system,2025-07-22 18:07:20.987,system,2025-07-22 18:07:20.987
"2025","4111100000",ADM003,장안구,B,식재산림,4096417.701394654,84243148.3061628660,system,2025-07-22 18:07:20.987,system,2025-07-22 18:07:20.987
"2025","4111100000",ADM003,장안구,C,산지습지,97836.369453020,3244399.9119656100,system,2025-07-22 18:07:20.987,system,2025-07-22 18:07:20.987
"2025","4111100000",ADM003,장안구,D,호소,643893.867644709,845292.9482857120,system,2025-07-22 18:07:20.987,system,2025-07-22 18:07:20.987
"2025","4111100000",ADM003,장안구,E,하천습지,379422.935526338,715773.8448040614,system,2025-07-22 18:07:20.987,system,2025-07-22 18:07:20.987
"2025","4111100000",ADM003,장안구,ETC,기타,3053.350355943,27480.1532034900,system,2025-07-22 18:07:20.987,system,2025-07-22 18:07:20.987
"2025","4111100000",ADM003,장안구,G,농업지역,2115376.600982391,4804312.4705766734,system,2025-07-22 18:07:20.987,system,2025-07-22 18:07:20.987
"2025","4111100000",ADM003,장안구,H,조성녹지,3330493.056413438,23204782.3610474080,system,2025-07-22 18:07:21.064,system,2025-07-22 18:07:21.064
"2025","4111100000",ADM003,장안구,I,시가화건조지,12525366.304054104,6020690.2081027390,system,2025-07-22 18:07:21.064,system,2025-07-22 18:07:21.064
"2025","4111300000",ADM003,권선구,A,자연산림,1574491.753435700,33462598.1961928980,system,2025-07-22 18:07:21.064,system,2025-07-22 18:07:21.064
"2025","4111300000",ADM003,권선구,B,식재산림,1457158.407963786,25606829.5213798070,system,2025-07-22 18:07:21.064,system,2025-07-22 18:07:21.064
"2025","4111300000",ADM003,권선구,C,산지습지,1571.498541007,12868.6196374100,system,2025-07-22 18:07:21.064,system,2025-07-22 18:07:21.064
"2025","4111300000",ADM003,권선구,D,호소,137617.601023987,27673.3626663280,system,2025-07-22 18:07:21.064,system,2025-07-22 18:07:21.064
"2025","4111300000",ADM003,권선구,E,하천습지,1418590.467453664,916647.5008254377,system,2025-07-22 18:07:21.064,system,2025-07-22 18:07:21.064
"2025","4111300000",ADM003,권선구,ETC,기타,11005.034354144,99045.3091872962,system,2025-07-22 18:07:21.064,system,2025-07-22 18:07:21.064
"2025","4111300000",ADM003,권선구,G,농업지역,10215275.131268996,22333451.8383598333,system,2025-07-22 18:07:21.064,system,2025-07-22 18:07:21.064
"2025","4111300000",ADM003,권선구,H,조성녹지,5410445.502012502,37292849.9189780965,system,2025-07-22 18:07:21.064,system,2025-07-22 18:07:21.064
"2025","4111300000",ADM003,권선구,I,시가화건조지,26927362.669876712,14443902.6726513132,system,2025-07-22 18:07:21.064,system,2025-07-22 18:07:21.064
"2025","4111500000",ADM003,팔달구,A,자연산림,490220.147879393,11134414.8375903521,system,2025-07-22 18:07:21.064,system,2025-07-22 18:07:21.064
"2025","4111500000",ADM003,팔달구,B,식재산림,204431.132671768,4694669.0370290331,system,2025-07-22 18:07:21.064,system,2025-07-22 18:07:21.064
"2025","4111500000",ADM003,팔달구,D,호소,244278.049260338,70237.5646784957,system,2025-07-22 18:07:21.064,system,2025-07-22 18:07:21.064
"2025","4111500000",ADM003,팔달구,E,하천습지,128151.896106330,189164.1161394320,system,2025-07-22 18:07:21.064,system,2025-07-22 18:07:21.064
"2025","4111500000",ADM003,팔달구,ETC,기타,15013.603516836,135122.4316515300,system,2025-07-22 18:07:21.064,system,2025-07-22 18:07:21.064
"2025","4111500000",ADM003,팔달구,G,농업지역,17575.158074814,0.0000000000,system,2025-07-22 18:07:21.064,system,2025-07-22 18:07:21.064
"2025","4111500000",ADM003,팔달구,H,조성녹지,1935697.336573047,12749061.4542445445,system,2025-07-22 18:07:21.064,system,2025-07-22 18:07:21.064
"2025","4111500000",ADM003,팔달구,I,시가화건조지,9828433.729546852,8714088.5104081896,system,2025-07-22 18:07:21.064,system,2025-07-22 18:07:21.064
"2025","4111700000",ADM003,영통구,A,자연산림,2196614.957169718,60307173.2995100786,system,2025-07-22 18:07:21.064,system,2025-07-22 18:07:21.064
"2025","4111700000",ADM003,영통구,B,식재산림,2145636.990233359,42155799.2780619880,system,2025-07-22 18:07:21.064,system,2025-07-22 18:07:21.064
"2025","4111700000",ADM003,영통구,C,산지습지,22062.006524612,2231761.8037497200,system,2025-07-22 18:07:21.064,system,2025-07-22 18:07:21.064
"2025","4111700000",ADM003,영통구,D,호소,737456.485794948,328258.7319385700,system,2025-07-22 18:07:21.064,system,2025-07-22 18:07:21.064
"2025","4111700000",ADM003,영통구,E,하천습지,481782.557729363,488015.1895953094,system,2025-07-22 18:07:21.064,system,2025-07-22 18:07:21.064
"2025","4111700000",ADM003,영통구,G,농업지역,162322.275078094,650430.6650290240,system,2025-07-22 18:07:21.064,system,2025-07-22 18:07:21.064
"2025","4111700000",ADM003,영통구,H,조성녹지,6077956.752493556,48649189.1283596090,system,2025-07-22 18:07:21.064,system,2025-07-22 18:07:21.064
"2025","4111700000",ADM003,영통구,I,시가화건조지,15874399.115144288,10324010.5654584990,system,2025-07-22 18:07:21.064,system,2025-07-22 18:07:21.064
"2025","4113100000",ADM003,수정구,A,자연산림,14067399.815108339,616737304.0381629370,system,2025-07-22 18:07:21.064,system,2025-07-22 18:07:21.064
"2025","4113100000",ADM003,수정구,B,식재산림,4530971.188467977,232270674.5624598580,system,2025-07-22 18:07:21.064,system,2025-07-22 18:07:21.064
"2025","4113100000",ADM003,수정구,C,산지습지,85432.185243920,4712108.8840251900,system,2025-07-22 18:07:21.064,system,2025-07-22 18:07:21.064
"2025","4113100000",ADM003,수정구,D,호소,172433.688993754,342326.9734919800,system,2025-07-22 18:07:21.064,system,2025-07-22 18:07:21.064
"2025","4113100000",ADM003,수정구,E,하천습지,1050916.296370838,342721.1347824138,system,2025-07-22 18:07:21.064,system,2025-07-22 18:07:21.064
"2025","4113100000",ADM003,수정구,ETC,기타,5412.580989068,48713.2289016100,system,2025-07-22 18:07:21.064,system,2025-07-22 18:07:21.064
"2025","4113100000",ADM003,수정구,G,농업지역,3315207.813131774,6072062.2886445940,system,2025-07-22 18:07:21.064,system,2025-07-22 18:07:21.064
"2025","4113100000",ADM003,수정구,H,조성녹지,3356846.267829084,16568003.5123577953,system,2025-07-22 18:07:21.064,system,2025-07-22 18:07:21.064
"2025","4113100000",ADM003,수정구,I,시가화건조지,18765958.535243952,3999991.8125156857,system,2025-07-22 18:07:21.064,system,2025-07-22 18:07:21.064
"2025","4113300000",ADM003,중원구,A,자연산림,10671647.892688617,506404890.7869732400,system,2025-07-22 18:07:21.064,system,2025-07-22 18:07:21.064
"2025","4113300000",ADM003,중원구,B,식재산림,2088125.148277416,117095111.0954744900,system,2025-07-22 18:07:21.064,system,2025-07-22 18:07:21.064
"2025","4113300000",ADM003,중원구,C,산지습지,52140.477702774,1173959.6997538200,system,2025-07-22 18:07:21.064,system,2025-07-22 18:07:21.064
"2025","4113300000",ADM003,중원구,D,호소,9511.680695576,,system,2025-07-22 18:07:21.064,system,2025-07-22 18:07:21.064
"2025","4113300000",ADM003,중원구,E,하천습지,182485.145284484,153990.5439317315,system,2025-07-22 18:07:21.064,system,2025-07-22 18:07:21.064
"2025","4113300000",ADM003,중원구,G,농업지역,1684913.026705835,4749062.4382635640,system,2025-07-22 18:07:21.064,system,2025-07-22 18:07:21.064
"2025","4113300000",ADM003,중원구,H,조성녹지,2403128.048385279,20671227.6422573070,system,2025-07-22 18:07:21.064,system,2025-07-22 18:07:21.064
"2025","4113300000",ADM003,중원구,I,시가화건조지,9308033.830002702,5711432.9428854600,system,2025-07-22 18:07:21.064,system,2025-07-22 18:07:21.064
"2025","4113500000",ADM003,분당구,A,자연산림,21537437.533364659,1257233109.3593032100,system,2025-07-22 18:07:21.064,system,2025-07-22 18:07:21.064
"2025","4113500000",ADM003,분당구,B,식재산림,6690206.430430798,241001224.6227041900,system,2025-07-22 18:07:21.064,system,2025-07-22 18:07:21.064
"2025","4113500000",ADM003,분당구,C,산지습지,255448.470291857,25090185.0863321870,system,2025-07-22 18:07:21.064,system,2025-07-22 18:07:21.064
"2025","4113500000",ADM003,분당구,D,호소,340133.883657752,130879.8155036700,system,2025-07-22 18:07:21.064,system,2025-07-22 18:07:21.064
"2025","4113500000",ADM003,분당구,E,하천습지,2278166.360238440,6481301.4470831200,system,2025-07-22 18:07:21.064,system,2025-07-22 18:07:21.064
"2025","4113500000",ADM003,분당구,G,농업지역,3006060.264988918,6237803.1918847040,system,2025-07-22 18:07:21.064,system,2025-07-22 18:07:21.064
"2025","4113500000",ADM003,분당구,H,조성녹지,9722366.551057010,113224270.2610678564,system,2025-07-22 18:07:21.064,system,2025-07-22 18:07:21.064
"2025","4113500000",ADM003,분당구,I,시가화건조지,25863864.553566504,25805516.9971223532,system,2025-07-22 18:07:21.064,system,2025-07-22 18:07:21.064
"2025","4117100000",ADM003,만안구,A,자연산림,13554100.589520948,455625803.2578323000,system,2025-07-22 18:07:21.064,system,2025-07-22 18:07:21.064
"2025","4117100000",ADM003,만안구,B,식재산림,3286077.863945502,86871820.7225523600,system,2025-07-22 18:07:21.064,system,2025-07-22 18:07:21.064
"2025","4117100000",ADM003,만안구,C,산지습지,316347.084550972,,system,2025-07-22 18:07:21.064,system,2025-07-22 18:07:21.064
"2025","4117100000",ADM003,만안구,D,호소,4567.325927220,,system,2025-07-22 18:07:21.064,system,2025-07-22 18:07:21.064
"2025","4117100000",ADM003,만안구,E,하천습지,1179126.853516353,1848979.9711812310,system,2025-07-22 18:07:21.064,system,2025-07-22 18:07:21.064
"2025","4117100000",ADM003,만안구,G,농업지역,583453.706746697,587341.9582367770,system,2025-07-22 18:07:21.064,system,2025-07-22 18:07:21.064
"2025","4117100000",ADM003,만안구,H,조성녹지,2056060.797270608,24576732.2636367600,system,2025-07-22 18:07:21.064,system,2025-07-22 18:07:21.064
"2025","4117100000",ADM003,만안구,I,시가화건조지,15623347.902903020,11689234.8704055000,system,2025-07-22 18:07:21.064,system,2025-07-22 18:07:21.064
"2025","4117300000",ADM003,동안구,A,자연산림,5278287.371680929,130166053.5730481300,system,2025-07-22 18:07:21.064,system,2025-07-22 18:07:21.064
"2025","4117300000",ADM003,동안구,B,식재산림,793946.252061273,20354094.5827030700,system,2025-07-22 18:07:21.064,system,2025-07-22 18:07:21.064
"2025","4117300000",ADM003,동안구,C,산지습지,52845.329005188,,system,2025-07-22 18:07:21.064,system,2025-07-22 18:07:21.064
"2025","4117300000",ADM003,동안구,D,호소,2528.425323480,,system,2025-07-22 18:07:21.064,system,2025-07-22 18:07:21.064
"2025","4117300000",ADM003,동안구,E,하천습지,424919.731130679,1116472.9288171623,system,2025-07-22 18:07:21.064,system,2025-07-22 18:07:21.064
"2025","4117300000",ADM003,동안구,ETC,기타,2475.721541111,22281.4938700000,system,2025-07-22 18:07:21.064,system,2025-07-22 18:07:21.064
"2025","4117300000",ADM003,동안구,G,농업지역,360473.603414114,843217.8899056760,system,2025-07-22 18:07:21.064,system,2025-07-22 18:07:21.064
"2025","4117300000",ADM003,동안구,H,조성녹지,2499179.994789225,38470759.3918347000,system,2025-07-22 18:07:21.064,system,2025-07-22 18:07:21.064
"2025","4117300000",ADM003,동안구,I,시가화건조지,12520346.548963620,20934779.9218534800,system,2025-07-22 18:07:21.064,system,2025-07-22 18:07:21.064
"2025","4119200000",ADM003,원미구,A,자연산림,1509179.204952867,31961399.8058283350,system,2025-07-22 18:07:21.064,system,2025-07-22 18:07:21.064
"2025","4119200000",ADM003,원미구,B,식재산림,900068.726356151,23737051.7441644160,system,2025-07-22 18:07:21.064,system,2025-07-22 18:07:21.064
"2025","4119200000",ADM003,원미구,D,호소,36422.255145164,,system,2025-07-22 18:07:21.064,system,2025-07-22 18:07:21.064
"2025","4119200000",ADM003,원미구,E,하천습지,90060.421018153,61136.8717463276,system,2025-07-22 18:07:21.064,system,2025-07-22 18:07:21.064
"2025","4119200000",ADM003,원미구,G,농업지역,610084.406340180,4246613.9297171290,system,2025-07-22 18:07:21.064,system,2025-07-22 18:07:21.064
"2025","4119200000",ADM003,원미구,H,조성녹지,3249000.309917971,30775889.7113164410,system,2025-07-22 18:07:21.064,system,2025-07-22 18:07:21.064
"2025","4119200000",ADM003,원미구,I,시가화건조지,14229044.813113184,13862729.4556494920,system,2025-07-22 18:07:21.064,system,2025-07-22 18:07:21.064
"2025","4119400000",ADM003,소사구,A,자연산림,1510581.947821937,40977410.4844262630,system,2025-07-22 18:07:21.064,system,2025-07-22 18:07:21.064
"2025","4119400000",ADM003,소사구,B,식재산림,1094619.857684848,31343461.2085127810,system,2025-07-22 18:07:21.064,system,2025-07-22 18:07:21.064
"2025","4119400000",ADM003,소사구,C,산지습지,412.236288099,,system,2025-07-22 18:07:21.064,system,2025-07-22 18:07:21.064
"2025","4119400000",ADM003,소사구,D,호소,21763.325273282,,system,2025-07-22 18:07:21.064,system,2025-07-22 18:07:21.064
"2025","4119400000",ADM003,소사구,E,하천습지,45814.111462945,,system,2025-07-22 18:07:21.064,system,2025-07-22 18:07:21.064
"2025","4119400000",ADM003,소사구,ETC,기타,1611.634351720,14504.7091654900,system,2025-07-22 18:07:21.064,system,2025-07-22 18:07:21.064
"2025","4119400000",ADM003,소사구,G,농업지역,730447.480784150,1144043.2696410123,system,2025-07-22 18:07:21.064,system,2025-07-22 18:07:21.064
"2025","4119400000",ADM003,소사구,H,조성녹지,1817310.516809279,17634556.7087839460,system,2025-07-22 18:07:21.064,system,2025-07-22 18:07:21.064
"2025","4119400000",ADM003,소사구,I,시가화건조지,7649089.160800806,1525753.0242479921,system,2025-07-22 18:07:21.064,system,2025-07-22 18:07:21.064
"2025","4119600000",ADM003,오정구,A,자연산림,1096926.427016500,20991680.3722093380,system,2025-07-22 18:07:21.064,system,2025-07-22 18:07:21.064
"2025","4119600000",ADM003,오정구,B,식재산림,687131.824218535,20542115.5319146000,system,2025-07-22 18:07:21.064,system,2025-07-22 18:07:21.064
"2025","4119600000",ADM003,오정구,D,호소,14943.904918501,,system,2025-07-22 18:07:21.064,system,2025-07-22 18:07:21.064
"2025","4119600000",ADM003,오정구,E,하천습지,705166.005322748,355182.4340511063,system,2025-07-22 18:07:21.064,system,2025-07-22 18:07:21.064
"2025","4119600000",ADM003,오정구,ETC,기타,72800.037125392,655200.3341285120,system,2025-07-22 18:07:21.064,system,2025-07-22 18:07:21.064
"2025","4119600000",ADM003,오정구,G,농업지역,4908415.635034406,1221887.7855608340,system,2025-07-22 18:07:21.064,system,2025-07-22 18:07:21.064
"2025","4119600000",ADM003,오정구,H,조성녹지,1408587.686068769,12422742.1720505720,system,2025-07-22 18:07:21.064,system,2025-07-22 18:07:21.064
"2025","4119600000",ADM003,오정구,I,시가화건조지,11201957.924314392,6088624.5686155673,system,2025-07-22 18:07:21.064,system,2025-07-22 18:07:21.064
"2025","4127100000",ADM003,상록구,A,자연산림,10946555.219029151,369002602.8065101420,system,2025-07-22 18:07:21.064,system,2025-07-22 18:07:21.064
"2025","4127100000",ADM003,상록구,B,식재산림,8160718.659810625,230970183.1710037500,system,2025-07-22 18:07:21.064,system,2025-07-22 18:07:21.064
"2025","4127100000",ADM003,상록구,C,산지습지,7974.165763269,,system,2025-07-22 18:07:21.064,system,2025-07-22 18:07:21.064
"2025","4127100000",ADM003,상록구,D,호소,409439.650658370,266868.8106207400,system,2025-07-22 18:07:21.064,system,2025-07-22 18:07:21.064
"2025","4127100000",ADM003,상록구,E,하천습지,883567.052874160,429058.1879297015,system,2025-07-22 18:07:21.064,system,2025-07-22 18:07:21.064
"2025","4127100000",ADM003,상록구,ETC,기타,8594.974490963,77354.7704186700,system,2025-07-22 18:07:21.064,system,2025-07-22 18:07:21.064
"2025","4127100000",ADM003,상록구,G,농업지역,9710053.507518438,8765483.6426384270,system,2025-07-22 18:07:21.064,system,2025-07-22 18:07:21.064
"2025","4127100000",ADM003,상록구,H,조성녹지,7632808.448408786,57988383.2164000220,system,2025-07-22 18:07:21.138,system,2025-07-22 18:07:21.138
"2025","4127100000",ADM003,상록구,I,시가화건조지,20188356.900495526,10823836.1425533639,system,2025-07-22 18:07:21.138,system,2025-07-22 18:07:21.138
"2025","4127300000",ADM003,단원구,A,자연산림,16242745.093952316,376357614.0717060600,system,2025-07-22 18:07:21.138,system,2025-07-22 18:07:21.138
"2025","4127300000",ADM003,단원구,B,식재산림,8820722.560470883,196512281.8335054400,system,2025-07-22 18:07:21.138,system,2025-07-22 18:07:21.138
"2025","4127300000",ADM003,단원구,C,산지습지,728.669113640,32790.1101137800,system,2025-07-22 18:07:21.138,system,2025-07-22 18:07:21.138
"2025","4127300000",ADM003,단원구,D,호소,1332438.692876289,422798.3731554297,system,2025-07-22 18:07:21.138,system,2025-07-22 18:07:21.138
"2025","4127300000",ADM003,단원구,E,하천습지,1056198.365181506,609188.7039862676,system,2025-07-22 18:07:21.138,system,2025-07-22 18:07:21.138
"2025","4127300000",ADM003,단원구,ETC,기타,8383.709633152,74578.5468137200,system,2025-07-22 18:07:21.138,system,2025-07-22 18:07:21.138
"2025","4127300000",ADM003,단원구,F,연안습지,975069.778648068,10503.1668924995,system,2025-07-22 18:07:21.138,system,2025-07-22 18:07:21.138
"2025","4127300000",ADM003,단원구,G,농업지역,15316524.375400962,7056713.7404995025,system,2025-07-22 18:07:21.138,system,2025-07-22 18:07:21.138
"2025","4127300000",ADM003,단원구,H,조성녹지,8325798.151319618,50773047.8335285347,system,2025-07-22 18:07:21.138,system,2025-07-22 18:07:21.138
"2025","4127300000",ADM003,단원구,I,시가화건조지,39463494.038467494,20361599.3454810977,system,2025-07-22 18:07:21.138,system,2025-07-22 18:07:21.138
"2025","4128100000",ADM003,덕양구,A,자연산림,47382565.370393051,1105019907.3479330520,system,2025-07-22 18:07:21.138,system,2025-07-22 18:07:21.138
"2025","4128100000",ADM003,덕양구,B,식재산림,12782796.020869119,225687974.7867429210,system,2025-07-22 18:07:21.138,system,2025-07-22 18:07:21.138
"2025","4128100000",ADM003,덕양구,C,산지습지,335931.556665530,384195.5953304700,system,2025-07-22 18:07:21.138,system,2025-07-22 18:07:21.138
"2025","4128100000",ADM003,덕양구,D,호소,190660.310591266,,system,2025-07-22 18:07:21.138,system,2025-07-22 18:07:21.138
"2025","4128100000",ADM003,덕양구,E,하천습지,12140684.496076557,12001868.8592353325,system,2025-07-22 18:07:21.138,system,2025-07-22 18:07:21.138
"2025","4128100000",ADM003,덕양구,ETC,기타,15287.786577549,142852.9963773200,system,2025-07-22 18:07:21.138,system,2025-07-22 18:07:21.138
"2025","4128100000",ADM003,덕양구,G,농업지역,27835434.811275283,25793590.3627151964,system,2025-07-22 18:07:21.138,system,2025-07-22 18:07:21.138
"2025","4128100000",ADM003,덕양구,H,조성녹지,15706703.125194262,87650642.4599158330,system,2025-07-22 18:07:21.138,system,2025-07-22 18:07:21.138
"2025","4128100000",ADM003,덕양구,I,시가화건조지,48886677.632688039,39120214.4329526398,system,2025-07-22 18:07:21.138,system,2025-07-22 18:07:21.138
"2025","4128500000",ADM003,일산동구,A,자연산림,5291308.124903394,198685574.2268827500,system,2025-07-22 18:07:21.138,system,2025-07-22 18:07:21.138
"2025","4128500000",ADM003,일산동구,B,식재산림,3171547.532815842,52429826.8490359320,system,2025-07-22 18:07:21.138,system,2025-07-22 18:07:21.138
"2025","4128500000",ADM003,일산동구,C,산지습지,3256.127355997,65122.5471199400,system,2025-07-22 18:07:21.138,system,2025-07-22 18:07:21.138
"2025","4128500000",ADM003,일산동구,D,호소,344844.976215338,,system,2025-07-22 18:07:21.138,system,2025-07-22 18:07:21.138
"2025","4128500000",ADM003,일산동구,E,하천습지,3591303.816062031,9583412.4802712317,system,2025-07-22 18:07:21.138,system,2025-07-22 18:07:21.138
"2025","4128500000",ADM003,일산동구,ETC,기타,107.905443714,1618.5816557100,system,2025-07-22 18:07:21.138,system,2025-07-22 18:07:21.138
"2025","4128500000",ADM003,일산동구,G,농업지역,9688448.179549906,7259812.0440108640,system,2025-07-22 18:07:21.138,system,2025-07-22 18:07:21.138
"2025","4128500000",ADM003,일산동구,H,조성녹지,5881448.024449543,51860234.7724464720,system,2025-07-22 18:07:21.138,system,2025-07-22 18:07:21.138
"2025","4128500000",ADM003,일산동구,I,시가화건조지,31992406.757667348,7958540.4466274054,system,2025-07-22 18:07:21.138,system,2025-07-22 18:07:21.138
"2025","4128700000",ADM003,일산서구,A,자연산림,536286.668333018,21273007.1617304908,system,2025-07-22 18:07:21.138,system,2025-07-22 18:07:21.138
"2025","4128700000",ADM003,일산서구,B,식재산림,277932.134962787,5059971.9411980592,system,2025-07-22 18:07:21.138,system,2025-07-22 18:07:21.138
"2025","4128700000",ADM003,일산서구,D,호소,35213.425519532,,system,2025-07-22 18:07:21.138,system,2025-07-22 18:07:21.138
"2025","4128700000",ADM003,일산서구,E,하천습지,6398221.850906292,3958025.9160073597,system,2025-07-22 18:07:21.138,system,2025-07-22 18:07:21.138
"2025","4128700000",ADM003,일산서구,G,농업지역,11865887.094982411,5922732.6538738040,system,2025-07-22 18:07:21.138,system,2025-07-22 18:07:21.138
"2025","4128700000",ADM003,일산서구,H,조성녹지,4173902.331371190,49608233.9877192400,system,2025-07-22 18:07:21.138,system,2025-07-22 18:07:21.138
"2025","4128700000",ADM003,일산서구,I,시가화건조지,18034716.264707510,3412100.6794010620,system,2025-07-22 18:07:21.138,system,2025-07-22 18:07:21.138
"2025","4146100000",ADM003,처인구,A,자연산림,138971312.828228022,5010754557.3382430300,system,2025-07-22 18:07:21.138,system,2025-07-22 18:07:21.138
"2025","4146100000",ADM003,처인구,B,식재산림,88720504.885966819,1637915686.2450145300,system,2025-07-22 18:07:21.138,system,2025-07-22 18:07:21.138
"2025","4146100000",ADM003,처인구,C,산지습지,1900747.097893704,38813116.9870774700,system,2025-07-22 18:07:21.138,system,2025-07-22 18:07:21.138
"2025","4146100000",ADM003,처인구,D,호소,5730669.874496071,2413936.8649826641,system,2025-07-22 18:07:21.138,system,2025-07-22 18:07:21.138
"2025","4146100000",ADM003,처인구,E,하천습지,11071460.813897023,3452696.3565315085,system,2025-07-22 18:07:21.138,system,2025-07-22 18:07:21.138
"2025","4146100000",ADM003,처인구,ETC,기타,131987.462177483,787583.3944799700,system,2025-07-22 18:07:21.138,system,2025-07-22 18:07:21.138
"2025","4146100000",ADM003,처인구,G,농업지역,87333799.243195518,74938694.5376998210,system,2025-07-22 18:07:21.138,system,2025-07-22 18:07:21.138
"2025","4146100000",ADM003,처인구,H,조성녹지,39679907.237947849,105595240.2806469100,system,2025-07-22 18:07:21.138,system,2025-07-22 18:07:21.138
"2025","4146100000",ADM003,처인구,I,시가화건조지,94328567.499146522,42111390.8018263840,system,2025-07-22 18:07:21.138,system,2025-07-22 18:07:21.138
"2025","4146300000",ADM003,기흥구,A,자연산림,17556904.359976743,588221754.1000904100,system,2025-07-22 18:07:21.138,system,2025-07-22 18:07:21.138
"2025","4146300000",ADM003,기흥구,B,식재산림,9879865.829267278,179763968.8357162800,system,2025-07-22 18:07:21.138,system,2025-07-22 18:07:21.138
"2025","4146300000",ADM003,기흥구,C,산지습지,179872.963681587,5504905.1215950200,system,2025-07-22 18:07:21.138,system,2025-07-22 18:07:21.138
"2025","4146300000",ADM003,기흥구,D,호소,2011942.566676587,639824.6016126500,system,2025-07-22 18:07:21.138,system,2025-07-22 18:07:21.138
"2025","4146300000",ADM003,기흥구,E,하천습지,1158345.961367087,887524.6296175318,system,2025-07-22 18:07:21.138,system,2025-07-22 18:07:21.138
"2025","4146300000",ADM003,기흥구,ETC,기타,2995.359736799,10739.7341932100,system,2025-07-22 18:07:21.138,system,2025-07-22 18:07:21.138
"2025","4146300000",ADM003,기흥구,G,농업지역,3732538.541370892,3775236.2690522595,system,2025-07-22 18:07:21.138,system,2025-07-22 18:07:21.138
"2025","4146300000",ADM003,기흥구,H,조성녹지,14700435.557891543,113030399.4514011100,system,2025-07-22 18:07:21.138,system,2025-07-22 18:07:21.138
"2025","4146300000",ADM003,기흥구,I,시가화건조지,32559851.371247275,17168856.6863186370,system,2025-07-22 18:07:21.138,system,2025-07-22 18:07:21.138
"2025","4146500000",ADM003,수지구,A,자연산림,14952587.861298913,580637711.6379872000,system,2025-07-22 18:07:21.138,system,2025-07-22 18:07:21.138
"2025","4146500000",ADM003,수지구,B,식재산림,3947222.092364184,77982963.2752138400,system,2025-07-22 18:07:21.138,system,2025-07-22 18:07:21.138
"2025","4146500000",ADM003,수지구,C,산지습지,125964.508582965,3453347.6541167710,system,2025-07-22 18:07:21.138,system,2025-07-22 18:07:21.138
"2025","4146500000",ADM003,수지구,D,호소,125450.943781602,2623.7567973400,system,2025-07-22 18:07:21.138,system,2025-07-22 18:07:21.138
"2025","4146500000",ADM003,수지구,E,하천습지,605711.451749594,550430.3083861459,system,2025-07-22 18:07:21.138,system,2025-07-22 18:07:21.138
"2025","4146500000",ADM003,수지구,ETC,기타,12111.339240883,25471.6317333000,system,2025-07-22 18:07:21.138,system,2025-07-22 18:07:21.138
"2025","4146500000",ADM003,수지구,G,농업지역,1241578.700305765,1558123.4513226000,system,2025-07-22 18:07:21.138,system,2025-07-22 18:07:21.138
"2025","4146500000",ADM003,수지구,H,조성녹지,4986130.424769231,63851801.8448606900,system,2025-07-22 18:07:21.138,system,2025-07-22 18:07:21.138
"2025","4146500000",ADM003,수지구,I,시가화건조지,16120464.622608490,11534282.8205697290,system,2025-07-22 18:07:21.138,system,2025-07-22 18:07:21.138
