"objectid","sgg_cd","sgg_nm","crtr_yr","dgnppn_idx","pmpp_idx","flod_dngr_bdst_idx","flod_dngr_ppltn_idx","flod_dngr_oalp_idx","flod_dngr_fmld_idx","flod_dngr_oldbuld_idx","flod_dngr_dpptn_idx","flod_dngr_cltv_area_idx","dstpvt_fclt_dnsy_idx","acml_dstpvt_bgt_idx","flod_dngr_idx","frst_rgtr_id","frst_reg_dt","mdfr_id","mdfcn_dt"
272,"41590",경기도 화성시,"2016",0.4000000000,0.2000000000,0.7000000000,0.6000000000,0.8000000000,0.9000000000,0.5000000000,0.5000000000,0.7000000000,0.5000000000,1.0000000000,0.5552992300,system,2025-05-08 20:14:51.031,system,2025-05-08 20:14:51.031
273,"41610",경기도 광주시,"2016",0.7000000000,0.4000000000,0.7000000000,0.7000000000,0.7000000000,0.6000000000,0.7000000000,0.7000000000,0.7000000000,0.9000000000,1.0000000000,0.7171936500,system,2025-05-08 20:14:51.031,system,2025-05-08 20:14:51.031
274,"41630",경기도 양주시,"2016",0.8000000000,0.8000000000,0.5000000000,0.2000000000,0.3000000000,0.6000000000,0.2000000000,0.2000000000,0.5000000000,0.2000000000,0.8000000000,0.6458135400,system,2025-05-08 20:14:51.031,system,2025-05-08 20:14:51.031
275,"41650",경기도 포천시,"2016",0.5000000000,0.9000000000,0.6000000000,0.3000000000,0.4000000000,0.7000000000,0.3000000000,0.3000000000,0.8000000000,0.6000000000,1.0000000000,0.9264486400,system,2025-05-08 20:14:51.031,system,2025-05-08 20:14:51.031
276,"41670",경기도 여주시,"2016",0.4000000000,0.1000000000,0.8000000000,0.3000000000,0.5000000000,0.9000000000,0.2000000000,0.3000000000,1.0000000000,0.9000000000,1.0000000000,0.6550413900,system,2025-05-08 20:14:51.031,system,2025-05-08 20:14:51.031
277,"41800",경기도 연천군,"2016",0.5000000000,0.9000000000,0.4000000000,0.2000000000,0.1000000000,0.7000000000,0.5000000000,0.2000000000,0.7000000000,1.0000000000,1.0000000000,0.9481612200,system,2025-05-08 20:14:51.031,system,2025-05-08 20:14:51.031
278,"41820",경기도 가평군,"2016",0.5000000000,1.0000000000,0.7000000000,0.4000000000,0.2000000000,0.6000000000,0.4000000000,0.4000000000,0.6000000000,0.8000000000,1.0000000000,0.9394761800,system,2025-05-08 20:14:51.031,system,2025-05-08 20:14:51.031
279,"41830",경기도 양평군,"2016",0.6000000000,0.6000000000,0.8000000000,0.6000000000,0.5000000000,0.8000000000,0.7000000000,0.5000000000,0.7000000000,1.0000000000,1.0000000000,0.8208712200,system,2025-05-08 20:14:51.031,system,2025-05-08 20:14:51.031
280,"41110",경기도 수원시,"2017",0.6000000000,0.6000000000,0.5000000000,0.7000000000,0.7000000000,0.6000000000,0.9000000000,0.7000000000,0.4000000000,0.3000000000,0.5000000000,0.4518930700,system,2025-05-08 20:14:58.562,system,2025-05-08 20:14:58.562
281,"41130",경기도 성남시,"2017",0.7000000000,0.4000000000,0.2000000000,0.2000000000,0.2000000000,0.2000000000,0.1000000000,0.1000000000,0.3000000000,0.4000000000,0.8000000000,0.4137603500,system,2025-05-08 20:14:58.562,system,2025-05-08 20:14:58.562
282,"41150",경기도 의정부시,"2017",0.9000000000,0.7000000000,0.3000000000,0.4000000000,0.1000000000,0.2000000000,0.3000000000,0.5000000000,0.2000000000,0.5000000000,0.7000000000,0.5156737700,system,2025-05-08 20:14:58.562,system,2025-05-08 20:14:58.562
283,"41170",경기도 안양시,"2017",0.6000000000,0.4000000000,0.6000000000,1.0000000000,0.8000000000,0.1000000000,1.0000000000,1.0000000000,0.1000000000,1.0000000000,0.4000000000,0.3418374300,system,2025-05-08 20:14:58.562,system,2025-05-08 20:14:58.562
284,"41190",경기도 부천시,"2017",0.5000000000,0.8000000000,0.3000000000,0.4000000000,0.4000000000,0.5000000000,0.2000000000,0.3000000000,0.2000000000,0.3000000000,0.2000000000,0.3635500100,system,2025-05-08 20:14:58.562,system,2025-05-08 20:14:58.562
285,"41210",경기도 광명시,"2017",0.6000000000,0.6000000000,0.7000000000,1.0000000000,0.9000000000,0.4000000000,1.0000000000,1.0000000000,0.5000000000,0.3000000000,0.4000000000,0.4619351300,system,2025-05-08 20:14:58.562,system,2025-05-08 20:14:58.562
286,"41220",경기도 평택시,"2017",0.2000000000,0.3000000000,1.0000000000,0.9000000000,0.9000000000,1.0000000000,0.9000000000,0.9000000000,0.9000000000,1.0000000000,0.9000000000,0.7249287600,system,2025-05-08 20:14:58.562,system,2025-05-08 20:14:58.562
287,"41250",경기도 동두천시,"2017",0.7000000000,0.4000000000,0.1000000000,0.1000000000,0.1000000000,0.1000000000,0.1000000000,0.1000000000,0.1000000000,0.6000000000,0.4000000000,0.2407382300,system,2025-05-08 20:14:58.562,system,2025-05-08 20:14:58.562
288,"41270",경기도 안산시,"2017",0.3000000000,0.4000000000,0.2000000000,0.3000000000,0.2000000000,0.5000000000,0.3000000000,0.2000000000,0.4000000000,0.8000000000,0.8000000000,0.5114669600,system,2025-05-08 20:14:58.562,system,2025-05-08 20:14:58.562
289,"41280",경기도 고양시,"2017",1.0000000000,0.7000000000,1.0000000000,1.0000000000,1.0000000000,0.8000000000,1.0000000000,0.9000000000,1.0000000000,0.5000000000,0.7000000000,0.8083864800,system,2025-05-08 20:14:58.562,system,2025-05-08 20:14:58.562
290,"41290",경기도 과천시,"2017",0.7000000000,0.5000000000,0.1000000000,0.1000000000,0.1000000000,0.3000000000,0.1000000000,0.1000000000,0.3000000000,0.5000000000,0.7000000000,0.4411724800,system,2025-05-08 20:14:58.562,system,2025-05-08 20:14:58.562
291,"41310",경기도 구리시,"2017",0.9000000000,0.8000000000,0.4000000000,0.9000000000,0.6000000000,0.4000000000,0.8000000000,0.8000000000,0.5000000000,0.1000000000,0.3000000000,0.4831049000,system,2025-05-08 20:14:58.562,system,2025-05-08 20:14:58.562
292,"41360",경기도 남양주시,"2017",0.8000000000,0.8000000000,0.5000000000,0.7000000000,0.5000000000,0.5000000000,0.4000000000,0.7000000000,0.6000000000,0.7000000000,1.0000000000,0.8419052800,system,2025-05-08 20:14:58.562,system,2025-05-08 20:14:58.562
293,"41370",경기도 오산시,"2017",0.4000000000,0.4000000000,0.5000000000,0.5000000000,0.4000000000,0.3000000000,0.8000000000,0.5000000000,0.3000000000,0.2000000000,0.6000000000,0.3288098800,system,2025-05-08 20:14:58.562,system,2025-05-08 20:14:58.562
294,"41390",경기도 시흥시,"2017",0.4000000000,0.6000000000,0.3000000000,0.5000000000,0.5000000000,0.7000000000,0.5000000000,0.5000000000,0.5000000000,0.5000000000,0.7000000000,0.5737549200,system,2025-05-08 20:14:58.562,system,2025-05-08 20:14:58.562
295,"41410",경기도 군포시,"2017",0.6000000000,0.4000000000,0.2000000000,0.1000000000,0.3000000000,0.2000000000,0.4000000000,0.2000000000,0.1000000000,0.3000000000,0.7000000000,0.3023476700,system,2025-05-08 20:14:58.562,system,2025-05-08 20:14:58.562
296,"41430",경기도 의왕시,"2017",0.7000000000,0.5000000000,0.1000000000,0.2000000000,0.2000000000,0.2000000000,0.1000000000,0.2000000000,0.2000000000,0.2000000000,0.7000000000,0.3661283800,system,2025-05-08 20:14:58.562,system,2025-05-08 20:14:58.562
297,"41450",경기도 하남시,"2017",0.9000000000,0.6000000000,0.3000000000,0.8000000000,0.4000000000,0.3000000000,0.5000000000,0.8000000000,0.4000000000,0.1000000000,0.7000000000,0.4852761600,system,2025-05-08 20:14:58.562,system,2025-05-08 20:14:58.562
298,"41460",경기도 용인시,"2017",0.5000000000,0.4000000000,0.9000000000,0.8000000000,0.8000000000,0.8000000000,0.7000000000,0.8000000000,0.7000000000,0.6000000000,0.7000000000,0.5728049900,system,2025-05-08 20:14:58.562,system,2025-05-08 20:14:58.562
299,"41480",경기도 파주시,"2017",1.0000000000,0.4000000000,0.9000000000,0.7000000000,0.8000000000,0.9000000000,0.5000000000,0.7000000000,0.8000000000,0.9000000000,0.9000000000,0.7189578000,system,2025-05-08 20:14:58.562,system,2025-05-08 20:14:58.562
300,"41500",경기도 이천시,"2017",0.3000000000,0.3000000000,0.8000000000,0.5000000000,0.6000000000,1.0000000000,0.6000000000,0.5000000000,1.0000000000,1.0000000000,0.9000000000,0.7408060800,system,2025-05-08 20:14:58.562,system,2025-05-08 20:14:58.562
301,"41550",경기도 안성시,"2017",0.2000000000,0.4000000000,0.8000000000,0.5000000000,0.6000000000,1.0000000000,0.9000000000,0.6000000000,0.9000000000,0.9000000000,1.0000000000,0.7770389500,system,2025-05-08 20:14:58.562,system,2025-05-08 20:14:58.562
302,"41570",경기도 김포시,"2017",1.0000000000,0.4000000000,0.9000000000,0.9000000000,0.9000000000,0.9000000000,0.5000000000,0.9000000000,0.8000000000,0.8000000000,0.7000000000,0.6425566600,system,2025-05-08 20:14:58.562,system,2025-05-08 20:14:58.562
303,"41590",경기도 화성시,"2017",0.3000000000,0.3000000000,0.7000000000,0.6000000000,0.9000000000,0.9000000000,0.5000000000,0.5000000000,0.7000000000,0.4000000000,0.9000000000,0.5554349300,system,2025-05-08 20:14:58.562,system,2025-05-08 20:14:58.562
304,"41610",경기도 광주시,"2017",0.7000000000,0.4000000000,0.7000000000,0.7000000000,0.7000000000,0.6000000000,0.7000000000,0.7000000000,0.7000000000,0.9000000000,1.0000000000,0.7171936500,system,2025-05-08 20:14:58.562,system,2025-05-08 20:14:58.562
305,"41630",경기도 양주시,"2017",0.9000000000,0.6000000000,0.5000000000,0.2000000000,0.3000000000,0.6000000000,0.2000000000,0.2000000000,0.5000000000,0.2000000000,0.8000000000,0.5497353800,system,2025-05-08 20:14:58.562,system,2025-05-08 20:14:58.562
306,"41650",경기도 포천시,"2017",0.6000000000,0.7000000000,0.6000000000,0.3000000000,0.4000000000,0.7000000000,0.3000000000,0.3000000000,0.8000000000,0.6000000000,0.9000000000,0.7963088600,system,2025-05-08 20:14:58.562,system,2025-05-08 20:14:58.562
307,"41670",경기도 여주시,"2017",0.4000000000,0.5000000000,0.7000000000,0.3000000000,0.5000000000,0.9000000000,0.2000000000,0.3000000000,1.0000000000,0.9000000000,0.9000000000,0.8136789300,system,2025-05-08 20:14:58.562,system,2025-05-08 20:14:58.562
308,"41800",경기도 연천군,"2017",0.6000000000,0.4000000000,0.4000000000,0.2000000000,0.1000000000,0.7000000000,0.6000000000,0.2000000000,0.7000000000,1.0000000000,1.0000000000,0.7076944000,system,2025-05-08 20:14:58.562,system,2025-05-08 20:14:58.562
309,"41820",경기도 가평군,"2017",0.5000000000,0.8000000000,0.7000000000,0.4000000000,0.3000000000,0.6000000000,0.4000000000,0.4000000000,0.6000000000,0.8000000000,1.0000000000,0.8450264600,system,2025-05-08 20:14:58.562,system,2025-05-08 20:14:58.562
310,"41830",경기도 양평군,"2017",0.5000000000,0.7000000000,0.8000000000,0.6000000000,0.5000000000,0.8000000000,0.8000000000,0.6000000000,0.7000000000,1.0000000000,1.0000000000,0.8709458500,system,2025-05-08 20:14:58.562,system,2025-05-08 20:14:58.562
311,"41110",경기도 수원시,"2019",0.6000000000,0.2000000000,0.5000000000,0.8000000000,0.8000000000,0.5000000000,0.9000000000,0.7000000000,0.4000000000,0.3000000000,0.3000000000,0.1933776600,system,2025-05-08 20:15:50.869,system,2025-05-08 20:15:50.869
312,"41130",경기도 성남시,"2019",0.8000000000,0.3000000000,0.2000000000,0.2000000000,0.3000000000,0.2000000000,0.1000000000,0.2000000000,0.2000000000,0.4000000000,0.4000000000,0.2009770700,system,2025-05-08 20:15:50.869,system,2025-05-08 20:15:50.869
313,"41150",경기도 의정부시,"2019",1.0000000000,0.3000000000,0.2000000000,0.5000000000,0.1000000000,0.2000000000,0.3000000000,0.5000000000,0.2000000000,0.5000000000,0.5000000000,0.2558013300,system,2025-05-08 20:15:50.869,system,2025-05-08 20:15:50.869
314,"41170",경기도 안양시,"2019",0.6000000000,0.2000000000,0.6000000000,1.0000000000,0.8000000000,0.1000000000,1.0000000000,1.0000000000,0.1000000000,1.0000000000,0.2000000000,0.1773646400,system,2025-05-08 20:15:50.869,system,2025-05-08 20:15:50.869
315,"41190",경기도 부천시,"2019",0.5000000000,0.3000000000,0.3000000000,0.4000000000,0.5000000000,0.4000000000,0.2000000000,0.4000000000,0.3000000000,0.2000000000,0.1000000000,0.1092414200,system,2025-05-08 20:15:50.869,system,2025-05-08 20:15:50.869
316,"41210",경기도 광명시,"2019",0.6000000000,0.2000000000,0.7000000000,1.0000000000,1.0000000000,0.4000000000,1.0000000000,1.0000000000,0.5000000000,0.2000000000,0.2000000000,0.1874067000,system,2025-05-08 20:15:50.869,system,2025-05-08 20:15:50.869
317,"41220",경기도 평택시,"2019",0.1000000000,0.1000000000,1.0000000000,0.9000000000,1.0000000000,1.0000000000,0.9000000000,0.9000000000,0.9000000000,0.7000000000,0.8000000000,0.5493282700,system,2025-05-08 20:15:50.869,system,2025-05-08 20:15:50.869
318,"41250",경기도 동두천시,"2019",0.9000000000,0.5000000000,0.1000000000,0.1000000000,0.1000000000,0.1000000000,0.1000000000,0.1000000000,0.1000000000,0.5000000000,0.4000000000,0.2738499100,system,2025-05-08 20:15:50.869,system,2025-05-08 20:15:50.869
319,"41270",경기도 안산시,"2019",0.3000000000,0.1000000000,0.2000000000,0.3000000000,0.2000000000,0.5000000000,0.3000000000,0.2000000000,0.4000000000,0.6000000000,0.6000000000,0.2676075500,system,2025-05-08 20:15:50.869,system,2025-05-08 20:15:50.869
320,"41280",경기도 고양시,"2019",1.0000000000,0.6000000000,1.0000000000,1.0000000000,1.0000000000,0.8000000000,1.0000000000,1.0000000000,1.0000000000,0.5000000000,0.4000000000,0.6600624200,system,2025-05-08 20:15:50.869,system,2025-05-08 20:15:50.869
321,"41290",경기도 과천시,"2019",0.8000000000,0.3000000000,0.1000000000,0.1000000000,0.2000000000,0.3000000000,0.1000000000,0.1000000000,0.3000000000,0.3000000000,0.5000000000,0.2476591100,system,2025-05-08 20:15:50.869,system,2025-05-08 20:15:50.869
322,"41310",경기도 구리시,"2019",1.0000000000,0.3000000000,0.4000000000,0.8000000000,0.6000000000,0.4000000000,0.8000000000,0.8000000000,0.5000000000,0.1000000000,0.1000000000,0.1737006400,system,2025-05-08 20:15:50.869,system,2025-05-08 20:15:50.869
323,"41360",경기도 남양주시,"2019",0.9000000000,0.3000000000,0.6000000000,0.7000000000,0.6000000000,0.4000000000,0.4000000000,0.7000000000,0.6000000000,0.6000000000,0.9000000000,0.5532636700,system,2025-05-08 20:15:50.869,system,2025-05-08 20:15:50.869
324,"41370",경기도 오산시,"2019",0.3000000000,0.3000000000,0.5000000000,0.5000000000,0.4000000000,0.3000000000,0.8000000000,0.6000000000,0.2000000000,0.2000000000,0.4000000000,0.1817071500,system,2025-05-08 20:15:50.869,system,2025-05-08 20:15:50.869
325,"41390",경기도 시흥시,"2019",0.4000000000,0.2000000000,0.3000000000,0.5000000000,0.5000000000,0.6000000000,0.4000000000,0.5000000000,0.6000000000,0.5000000000,0.5000000000,0.3450943100,system,2025-05-08 20:15:50.869,system,2025-05-08 20:15:50.869
326,"41410",경기도 군포시,"2019",0.6000000000,0.1000000000,0.2000000000,0.1000000000,0.3000000000,0.2000000000,0.4000000000,0.1000000000,0.1000000000,0.4000000000,0.4000000000,0.0692088500,system,2025-05-08 20:15:50.869,system,2025-05-08 20:15:50.869
327,"41430",경기도 의왕시,"2019",0.7000000000,0.2000000000,0.1000000000,0.2000000000,0.2000000000,0.1000000000,0.2000000000,0.2000000000,0.2000000000,0.2000000000,0.5000000000,0.1533450900,system,2025-05-08 20:15:50.869,system,2025-05-08 20:15:50.869
328,"41450",경기도 하남시,"2019",0.9000000000,0.5000000000,0.3000000000,0.9000000000,0.7000000000,0.3000000000,0.4000000000,0.9000000000,0.3000000000,0.1000000000,0.5000000000,0.3446872000,system,2025-05-08 20:15:50.869,system,2025-05-08 20:15:50.869
329,"41460",경기도 용인시,"2019",0.5000000000,0.4000000000,0.9000000000,0.8000000000,0.8000000000,0.8000000000,0.7000000000,0.8000000000,0.8000000000,0.6000000000,0.6000000000,0.5713122500,system,2025-05-08 20:15:50.869,system,2025-05-08 20:15:50.869
330,"41480",경기도 파주시,"2019",1.0000000000,0.8000000000,0.9000000000,0.7000000000,0.9000000000,0.9000000000,0.5000000000,0.8000000000,0.9000000000,0.8000000000,0.8000000000,0.8984936900,system,2025-05-08 20:15:50.869,system,2025-05-08 20:15:50.869
331,"41500",경기도 이천시,"2019",0.3000000000,0.2000000000,0.9000000000,0.5000000000,0.6000000000,1.0000000000,0.6000000000,0.5000000000,1.0000000000,1.0000000000,0.8000000000,0.6585696800,system,2025-05-08 20:15:50.869,system,2025-05-08 20:15:50.869
332,"41550",경기도 안성시,"2019",0.1000000000,0.2000000000,0.9000000000,0.6000000000,0.6000000000,1.0000000000,0.9000000000,0.6000000000,0.9000000000,0.9000000000,0.9000000000,0.6470348800,system,2025-05-08 20:15:50.869,system,2025-05-08 20:15:50.869
333,"41570",경기도 김포시,"2019",1.0000000000,0.8000000000,1.0000000000,0.9000000000,1.0000000000,0.8000000000,0.6000000000,0.9000000000,0.9000000000,0.8000000000,0.5000000000,0.8014656000,system,2025-05-08 20:15:50.869,system,2025-05-08 20:15:50.869
334,"41590",경기도 화성시,"2019",0.3000000000,0.2000000000,0.8000000000,0.6000000000,0.9000000000,0.9000000000,0.5000000000,0.5000000000,0.7000000000,0.4000000000,0.7000000000,0.4391369300,system,2025-05-08 20:15:50.869,system,2025-05-08 20:15:50.869
335,"41610",경기도 광주시,"2019",0.7000000000,0.4000000000,0.7000000000,0.8000000000,0.7000000000,0.6000000000,0.7000000000,0.7000000000,0.7000000000,0.9000000000,0.9000000000,0.6838105600,system,2025-05-08 20:15:50.869,system,2025-05-08 20:15:50.869
336,"41630",경기도 양주시,"2019",1.0000000000,0.6000000000,0.5000000000,0.2000000000,0.3000000000,0.5000000000,0.2000000000,0.2000000000,0.5000000000,0.2000000000,0.6000000000,0.4816121600,system,2025-05-08 20:15:50.869,system,2025-05-08 20:15:50.869
337,"41650",경기도 포천시,"2019",0.8000000000,0.3000000000,0.6000000000,0.3000000000,0.4000000000,0.7000000000,0.3000000000,0.3000000000,0.8000000000,0.6000000000,0.9000000000,0.6041525300,system,2025-05-08 20:15:50.869,system,2025-05-08 20:15:50.869
338,"41670",경기도 여주시,"2019",0.4000000000,0.1000000000,0.8000000000,0.3000000000,0.5000000000,1.0000000000,0.2000000000,0.3000000000,1.0000000000,0.9000000000,0.8000000000,0.5871895800,system,2025-05-08 20:15:50.869,system,2025-05-08 20:15:50.869
339,"41800",경기도 연천군,"2019",0.8000000000,0.4000000000,0.4000000000,0.2000000000,0.1000000000,0.7000000000,0.6000000000,0.3000000000,0.6000000000,1.0000000000,0.9000000000,0.6436422900,system,2025-05-08 20:15:50.869,system,2025-05-08 20:15:50.869
340,"41820",경기도 가평군,"2019",0.6000000000,0.3000000000,0.7000000000,0.4000000000,0.3000000000,0.6000000000,0.5000000000,0.4000000000,0.6000000000,0.8000000000,1.0000000000,0.6045596400,system,2025-05-08 20:15:50.869,system,2025-05-08 20:15:50.869
341,"41830",경기도 양평군,"2019",0.6000000000,0.2000000000,0.8000000000,0.6000000000,0.6000000000,0.7000000000,0.8000000000,0.6000000000,0.8000000000,0.7000000000,0.9000000000,0.5836612800,system,2025-05-08 20:15:50.869,system,2025-05-08 20:15:50.869
342,"41110",경기도 수원시,"2020",0.2000000000,0.7000000000,0.5000000000,0.8000000000,0.8000000000,0.5000000000,0.8000000000,0.7000000000,0.4000000000,0.3000000000,0.2000000000,0.3989686500,system,2025-05-08 20:16:14.917,system,2025-05-08 20:16:14.917
343,"41130",경기도 성남시,"2020",0.4000000000,0.8000000000,0.2000000000,0.2000000000,0.3000000000,0.2000000000,0.1000000000,0.2000000000,0.2000000000,0.3000000000,0.4000000000,0.4251594500,system,2025-05-08 20:16:14.917,system,2025-05-08 20:16:14.917
344,"41150",경기도 의정부시,"2020",0.8000000000,0.9000000000,0.2000000000,0.5000000000,0.1000000000,0.2000000000,0.3000000000,0.5000000000,0.2000000000,0.4000000000,0.4000000000,0.4946397100,system,2025-05-08 20:16:14.917,system,2025-05-08 20:16:14.917
345,"41170",경기도 안양시,"2020",0.3000000000,0.6000000000,0.6000000000,1.0000000000,0.8000000000,0.1000000000,1.0000000000,1.0000000000,0.1000000000,1.0000000000,0.2000000000,0.3692495600,system,2025-05-08 20:16:14.917,system,2025-05-08 20:16:14.917
346,"41190",경기도 부천시,"2020",0.3000000000,0.3000000000,0.3000000000,0.5000000000,0.5000000000,0.4000000000,0.2000000000,0.4000000000,0.3000000000,0.2000000000,0.1000000000,0.1093771200,system,2025-05-08 20:16:14.917,system,2025-05-08 20:16:14.917
347,"41210",경기도 광명시,"2020",0.3000000000,0.4000000000,0.7000000000,1.0000000000,1.0000000000,0.4000000000,1.0000000000,1.0000000000,0.5000000000,0.2000000000,0.2000000000,0.2829420600,system,2025-05-08 20:16:14.917,system,2025-05-08 20:16:14.917
348,"41220",경기도 평택시,"2020",0.1000000000,0.5000000000,1.0000000000,0.9000000000,1.0000000000,1.0000000000,0.9000000000,0.9000000000,0.9000000000,0.7000000000,0.7000000000,0.7079658000,system,2025-05-08 20:16:14.917,system,2025-05-08 20:16:14.917
349,"41250",경기도 동두천시,"2020",0.8000000000,0.8000000000,0.1000000000,0.1000000000,0.1000000000,0.1000000000,0.1000000000,0.1000000000,0.1000000000,0.5000000000,0.3000000000,0.3840412500,system,2025-05-08 20:16:14.917,system,2025-05-08 20:16:14.917
350,"41270",경기도 안산시,"2020",0.1000000000,0.2000000000,0.2000000000,0.3000000000,0.2000000000,0.5000000000,0.3000000000,0.3000000000,0.4000000000,0.6000000000,0.5000000000,0.2832134600,system,2025-05-08 20:16:14.917,system,2025-05-08 20:16:14.917
351,"41280",경기도 고양시,"2020",0.8000000000,0.5000000000,1.0000000000,1.0000000000,1.0000000000,0.8000000000,1.0000000000,1.0000000000,1.0000000000,0.5000000000,0.3000000000,0.5772832100,system,2025-05-08 20:16:14.917,system,2025-05-08 20:16:14.917
352,"41290",경기도 과천시,"2020",0.4000000000,0.8000000000,0.1000000000,0.1000000000,0.2000000000,0.3000000000,0.1000000000,0.1000000000,0.3000000000,0.3000000000,0.4000000000,0.4533858100,system,2025-05-08 20:16:14.917,system,2025-05-08 20:16:14.917
353,"41310",경기도 구리시,"2020",0.7000000000,0.6000000000,0.4000000000,0.8000000000,0.6000000000,0.4000000000,0.8000000000,0.8000000000,0.5000000000,0.1000000000,0.1000000000,0.3174107800,system,2025-05-08 20:16:14.917,system,2025-05-08 20:16:14.917
354,"41360",경기도 남양주시,"2020",0.6000000000,0.8000000000,0.6000000000,0.7000000000,0.6000000000,0.4000000000,0.4000000000,0.8000000000,0.6000000000,0.6000000000,0.8000000000,0.7612973300,system,2025-05-08 20:16:14.917,system,2025-05-08 20:16:14.917
355,"41370",경기도 오산시,"2020",0.1000000000,0.7000000000,0.5000000000,0.6000000000,0.4000000000,0.3000000000,0.9000000000,0.6000000000,0.2000000000,0.2000000000,0.3000000000,0.3406160900,system,2025-05-08 20:16:14.917,system,2025-05-08 20:16:14.917
356,"41390",경기도 시흥시,"2020",0.2000000000,0.3000000000,0.3000000000,0.4000000000,0.5000000000,0.6000000000,0.5000000000,0.5000000000,0.5000000000,0.5000000000,0.4000000000,0.3255529900,system,2025-05-08 20:16:14.917,system,2025-05-08 20:16:14.917
357,"41410",경기도 군포시,"2020",0.2000000000,0.5000000000,0.2000000000,0.1000000000,0.3000000000,0.2000000000,0.4000000000,0.1000000000,0.1000000000,0.4000000000,0.3000000000,0.2267607600,system,2025-05-08 20:16:14.917,system,2025-05-08 20:16:14.917
358,"41430",경기도 의왕시,"2020",0.3000000000,0.7000000000,0.1000000000,0.4000000000,0.2000000000,0.1000000000,0.2000000000,0.4000000000,0.2000000000,0.1000000000,0.5000000000,0.3829556300,system,2025-05-08 20:16:14.917,system,2025-05-08 20:16:14.917
359,"41450",경기도 하남시,"2020",0.6000000000,0.6000000000,0.4000000000,0.9000000000,0.7000000000,0.3000000000,0.5000000000,0.9000000000,0.3000000000,0.1000000000,0.4000000000,0.3581218600,system,2025-05-08 20:16:14.917,system,2025-05-08 20:16:14.917
360,"41460",경기도 용인시,"2020",0.2000000000,0.8000000000,0.9000000000,0.8000000000,0.8000000000,0.8000000000,0.7000000000,0.8000000000,0.8000000000,0.6000000000,0.5000000000,0.7291355700,system,2025-05-08 20:16:14.917,system,2025-05-08 20:16:14.917
361,"41480",경기도 파주시,"2020",0.9000000000,0.7000000000,0.9000000000,0.7000000000,0.9000000000,0.9000000000,0.6000000000,0.8000000000,0.8000000000,0.8000000000,0.8000000000,0.8176143300,system,2025-05-08 20:16:14.917,system,2025-05-08 20:16:14.917
362,"41500",경기도 이천시,"2020",0.1000000000,0.9000000000,0.9000000000,0.6000000000,0.7000000000,1.0000000000,0.7000000000,0.6000000000,1.0000000000,1.0000000000,0.8000000000,1.0000000000,system,2025-05-08 20:16:14.917,system,2025-05-08 20:16:14.917
363,"41550",경기도 안성시,"2020",0.1000000000,0.9000000000,0.9000000000,0.6000000000,0.7000000000,1.0000000000,0.9000000000,0.6000000000,0.9000000000,0.8000000000,0.9000000000,0.9705523100,system,2025-05-08 20:16:14.917,system,2025-05-08 20:16:14.917
364,"41570",경기도 김포시,"2020",1.0000000000,0.6000000000,1.0000000000,0.9000000000,1.0000000000,0.8000000000,0.6000000000,1.0000000000,0.9000000000,0.8000000000,0.4000000000,0.6730899700,system,2025-05-08 20:16:14.917,system,2025-05-08 20:16:14.917
365,"41590",경기도 화성시,"2020",0.1000000000,0.4000000000,0.8000000000,0.6000000000,0.9000000000,0.9000000000,0.6000000000,0.6000000000,0.7000000000,0.4000000000,0.6000000000,0.5030533300,system,2025-05-08 20:16:14.917,system,2025-05-08 20:16:14.917
366,"41610",경기도 광주시,"2020",0.4000000000,0.8000000000,0.7000000000,0.8000000000,0.7000000000,0.6000000000,0.7000000000,0.8000000000,0.7000000000,0.9000000000,0.9000000000,0.8777310400,system,2025-05-08 20:16:14.917,system,2025-05-08 20:16:14.917
367,"41630",경기도 양주시,"2020",0.9000000000,0.8000000000,0.5000000000,0.2000000000,0.3000000000,0.5000000000,0.2000000000,0.2000000000,0.5000000000,0.2000000000,0.6000000000,0.5776903200,system,2025-05-08 20:16:14.917,system,2025-05-08 20:16:14.917
368,"41650",경기도 포천시,"2020",0.7000000000,0.9000000000,0.6000000000,0.3000000000,0.4000000000,0.7000000000,0.4000000000,0.3000000000,0.8000000000,0.6000000000,0.8000000000,0.8590039400,system,2025-05-08 20:16:14.917,system,2025-05-08 20:16:14.917
369,"41670",경기도 여주시,"2020",0.2000000000,0.9000000000,0.8000000000,0.3000000000,0.5000000000,1.0000000000,0.3000000000,0.3000000000,1.0000000000,0.9000000000,0.7000000000,0.9381191500,system,2025-05-08 20:16:14.917,system,2025-05-08 20:16:14.917
370,"41800",경기도 연천군,"2020",0.8000000000,0.9000000000,0.4000000000,0.2000000000,0.2000000000,0.7000000000,0.6000000000,0.3000000000,0.6000000000,1.0000000000,0.9000000000,0.8864160700,system,2025-05-08 20:16:14.917,system,2025-05-08 20:16:14.917
371,"41820",경기도 가평군,"2020",0.5000000000,0.9000000000,0.7000000000,0.4000000000,0.3000000000,0.6000000000,0.5000000000,0.4000000000,0.6000000000,0.8000000000,1.0000000000,0.8933369500,system,2025-05-08 20:16:14.917,system,2025-05-08 20:16:14.917
372,"41830",경기도 양평군,"2020",0.3000000000,0.8000000000,0.8000000000,0.6000000000,0.6000000000,0.7000000000,0.8000000000,0.6000000000,0.8000000000,0.7000000000,0.8000000000,0.8378341700,system,2025-05-08 20:16:14.917,system,2025-05-08 20:16:14.917
373,"41110",경기도 수원시,"2023",0.2000000000,0.5000000000,0.5000000000,0.9000000000,0.8000000000,0.5000000000,0.9000000000,0.9000000000,0.4000000000,0.3000000000,0.1000000000,0.2734428000,system,2025-05-08 20:16:51.990,system,2025-05-08 20:16:51.990
374,"41130",경기도 성남시,"2023",0.5000000000,0.6000000000,0.1000000000,0.1000000000,0.3000000000,0.1000000000,0.1000000000,0.2000000000,0.2000000000,0.2000000000,0.2000000000,0.2444022300,system,2025-05-08 20:16:51.990,system,2025-05-08 20:16:51.990
375,"41150",경기도 의정부시,"2023",0.9000000000,0.5000000000,0.2000000000,0.5000000000,0.1000000000,0.2000000000,0.2000000000,0.5000000000,0.2000000000,0.4000000000,0.2000000000,0.2339530500,system,2025-05-08 20:16:51.990,system,2025-05-08 20:16:51.990
376,"41170",경기도 안양시,"2023",0.4000000000,0.6000000000,0.5000000000,1.0000000000,0.9000000000,0.1000000000,1.0000000000,1.0000000000,0.1000000000,0.8000000000,0.1000000000,0.3061473700,system,2025-05-08 20:16:51.990,system,2025-05-08 20:16:51.990
377,"41190",경기도 부천시,"2023",0.4000000000,0.6000000000,0.3000000000,0.4000000000,0.1000000000,0.4000000000,0.4000000000,0.4000000000,0.3000000000,0.1000000000,0.1000000000,0.2305604600,system,2025-05-08 20:16:51.990,system,2025-05-08 20:16:51.990
378,"41210",경기도 광명시,"2023",0.4000000000,0.7000000000,0.6000000000,1.0000000000,1.0000000000,0.4000000000,1.0000000000,1.0000000000,0.5000000000,0.2000000000,0.1000000000,0.3936762100,system,2025-05-08 20:16:51.990,system,2025-05-08 20:16:51.990
379,"41220",경기도 평택시,"2023",0.1000000000,0.8000000000,1.0000000000,0.9000000000,1.0000000000,1.0000000000,1.0000000000,0.9000000000,0.9000000000,0.7000000000,0.3000000000,0.7163794300,system,2025-05-08 20:16:51.990,system,2025-05-08 20:16:51.990
380,"41250",경기도 동두천시,"2023",0.9000000000,0.3000000000,0.1000000000,0.1000000000,0.1000000000,0.1000000000,0.1000000000,0.1000000000,0.1000000000,0.5000000000,0.2000000000,0.1093771200,system,2025-05-08 20:16:51.990,system,2025-05-08 20:16:51.990
381,"41270",경기도 안산시,"2023",0.2000000000,0.5000000000,0.3000000000,0.3000000000,0.3000000000,0.5000000000,0.3000000000,0.3000000000,0.4000000000,0.6000000000,0.1000000000,0.2936626400,system,2025-05-08 20:16:51.990,system,2025-05-08 20:16:51.990
382,"41280",경기도 고양시,"2023",0.9000000000,0.4000000000,1.0000000000,1.0000000000,1.0000000000,0.8000000000,1.0000000000,1.0000000000,1.0000000000,0.4000000000,0.2000000000,0.4797123100,system,2025-05-08 20:16:51.990,system,2025-05-08 20:16:51.990
383,"41290",경기도 과천시,"2023",0.5000000000,0.5000000000,0.1000000000,0.1000000000,0.2000000000,0.2000000000,0.1000000000,0.1000000000,0.3000000000,0.3000000000,0.2000000000,0.2407382300,system,2025-05-08 20:16:51.990,system,2025-05-08 20:16:51.990
384,"41310",경기도 구리시,"2023",0.9000000000,0.8000000000,0.4000000000,0.8000000000,0.7000000000,0.3000000000,0.9000000000,0.9000000000,0.4000000000,0.1000000000,0.1000000000,0.3855339900,system,2025-05-08 20:16:51.990,system,2025-05-08 20:16:51.990
385,"41360",경기도 남양주시,"2023",0.8000000000,0.8000000000,0.6000000000,0.7000000000,0.7000000000,0.4000000000,0.5000000000,0.8000000000,0.6000000000,0.6000000000,0.5000000000,0.6616908700,system,2025-05-08 20:16:51.990,system,2025-05-08 20:16:51.990
386,"41370",경기도 오산시,"2023",0.2000000000,0.7000000000,0.5000000000,0.6000000000,0.5000000000,0.3000000000,0.9000000000,0.6000000000,0.3000000000,0.1000000000,0.1000000000,0.2916270900,system,2025-05-08 20:16:51.990,system,2025-05-08 20:16:51.990
387,"41390",경기도 시흥시,"2023",0.2000000000,0.7000000000,0.4000000000,0.4000000000,0.5000000000,0.6000000000,0.6000000000,0.5000000000,0.6000000000,0.4000000000,0.2000000000,0.4672275800,system,2025-05-08 20:16:51.990,system,2025-05-08 20:16:51.990
388,"41410",경기도 군포시,"2023",0.3000000000,0.5000000000,0.3000000000,0.3000000000,0.3000000000,0.2000000000,0.6000000000,0.2000000000,0.1000000000,0.4000000000,0.1000000000,0.1625729400,system,2025-05-08 20:16:51.990,system,2025-05-08 20:16:51.990
389,"41430",경기도 의왕시,"2023",0.3000000000,0.5000000000,0.1000000000,0.4000000000,0.2000000000,0.1000000000,0.2000000000,0.4000000000,0.2000000000,0.1000000000,0.3000000000,0.2184828300,system,2025-05-08 20:16:51.990,system,2025-05-08 20:16:51.990
390,"41450",경기도 하남시,"2023",0.7000000000,0.7000000000,0.4000000000,0.9000000000,0.8000000000,0.3000000000,0.5000000000,0.9000000000,0.4000000000,0.1000000000,0.3000000000,0.4069751700,system,2025-05-08 20:16:51.990,system,2025-05-08 20:16:51.990
391,"41460",경기도 용인시,"2023",0.2000000000,0.6000000000,0.9000000000,0.9000000000,0.9000000000,0.8000000000,0.8000000000,0.9000000000,0.8000000000,0.7000000000,0.2000000000,0.5509567100,system,2025-05-08 20:16:51.990,system,2025-05-08 20:16:51.990
392,"41480",경기도 파주시,"2023",1.0000000000,0.5000000000,1.0000000000,0.8000000000,0.9000000000,0.9000000000,0.7000000000,0.9000000000,0.9000000000,0.8000000000,0.5000000000,0.6547699800,system,2025-05-08 20:16:51.990,system,2025-05-08 20:16:51.990
393,"41500",경기도 이천시,"2023",0.1000000000,0.6000000000,0.9000000000,0.7000000000,0.7000000000,1.0000000000,0.7000000000,0.6000000000,1.0000000000,1.0000000000,0.5000000000,0.7539693300,system,2025-05-08 20:16:51.990,system,2025-05-08 20:16:51.990
394,"41550",경기도 안성시,"2023",0.1000000000,0.9000000000,1.0000000000,0.7000000000,0.7000000000,1.0000000000,0.9000000000,0.7000000000,1.0000000000,0.8000000000,0.6000000000,0.9036504300,system,2025-05-08 20:16:51.990,system,2025-05-08 20:16:51.990
395,"41570",경기도 김포시,"2023",1.0000000000,0.5000000000,1.0000000000,1.0000000000,1.0000000000,0.8000000000,0.7000000000,1.0000000000,0.9000000000,0.7000000000,0.3000000000,0.5760618800,system,2025-05-08 20:16:51.990,system,2025-05-08 20:16:51.990
396,"41590",경기도 화성시,"2023",0.1000000000,0.7000000000,0.8000000000,0.7000000000,0.9000000000,0.9000000000,0.7000000000,0.7000000000,0.8000000000,0.4000000000,0.4000000000,0.6148731200,system,2025-05-08 20:16:51.990,system,2025-05-08 20:16:51.990
397,"41610",경기도 광주시,"2023",0.5000000000,0.5000000000,0.7000000000,0.8000000000,0.8000000000,0.6000000000,0.8000000000,0.8000000000,0.7000000000,0.9000000000,0.6000000000,0.6333288100,system,2025-05-08 20:16:51.990,system,2025-05-08 20:16:51.990
398,"41630",경기도 양주시,"2023",0.9000000000,0.3000000000,0.5000000000,0.3000000000,0.4000000000,0.5000000000,0.3000000000,0.3000000000,0.5000000000,0.1000000000,0.4000000000,0.2578368800,system,2025-05-08 20:16:51.990,system,2025-05-08 20:16:51.990
399,"41650",경기도 포천시,"2023",0.8000000000,0.3000000000,0.6000000000,0.3000000000,0.4000000000,0.7000000000,0.4000000000,0.4000000000,0.8000000000,0.6000000000,0.6000000000,0.5041389600,system,2025-05-08 20:16:51.990,system,2025-05-08 20:16:51.990
400,"41670",경기도 여주시,"2023",0.2000000000,0.5000000000,0.8000000000,0.4000000000,0.5000000000,0.9000000000,0.3000000000,0.4000000000,1.0000000000,0.9000000000,0.5000000000,0.6797394500,system,2025-05-08 20:16:51.990,system,2025-05-08 20:16:51.990
401,"41800",경기도 연천군,"2023",0.8000000000,0.6000000000,0.4000000000,0.2000000000,0.2000000000,0.7000000000,0.6000000000,0.3000000000,0.6000000000,1.0000000000,0.7000000000,0.6737684900,system,2025-05-08 20:16:51.990,system,2025-05-08 20:16:51.990
402,"41820",경기도 가평군,"2023",0.5000000000,0.7000000000,0.6000000000,0.4000000000,0.4000000000,0.6000000000,0.6000000000,0.4000000000,0.6000000000,0.7000000000,0.9000000000,0.7493554100,system,2025-05-08 20:16:51.990,system,2025-05-08 20:16:51.990
403,"41830",경기도 양평군,"2023",0.5000000000,0.3000000000,0.8000000000,0.6000000000,0.6000000000,0.7000000000,0.8000000000,0.6000000000,0.8000000000,0.7000000000,0.7000000000,0.5634414400,system,2025-05-08 20:16:51.990,system,2025-05-08 20:16:51.990
404,"41110",경기도 수원시,"2022",0.3000000000,1.0000000000,0.5000000000,0.8000000000,0.9000000000,0.5000000000,0.9000000000,0.7000000000,0.4000000000,0.3000000000,0.1000000000,0.5117383600,system,2025-05-08 20:18:03.693,system,2025-05-08 20:18:03.693
405,"41130",경기도 성남시,"2022",0.5000000000,1.0000000000,0.2000000000,0.1000000000,0.4000000000,0.1000000000,0.1000000000,0.1000000000,0.2000000000,0.3000000000,0.2000000000,0.4525715800,system,2025-05-08 20:18:03.693,system,2025-05-08 20:18:03.693
406,"41150",경기도 의정부시,"2022",0.9000000000,0.9000000000,0.2000000000,0.5000000000,0.1000000000,0.2000000000,0.3000000000,0.5000000000,0.2000000000,0.4000000000,0.2000000000,0.4267879000,system,2025-05-08 20:18:03.693,system,2025-05-08 20:18:03.693
407,"41170",경기도 안양시,"2022",0.4000000000,1.0000000000,0.6000000000,1.0000000000,0.9000000000,0.1000000000,1.0000000000,1.0000000000,0.1000000000,0.8000000000,0.1000000000,0.4988465200,system,2025-05-08 20:18:03.693,system,2025-05-08 20:18:03.693
408,"41190",경기도 부천시,"2022",0.4000000000,1.0000000000,0.3000000000,0.5000000000,0.6000000000,0.4000000000,0.3000000000,0.4000000000,0.3000000000,0.2000000000,0.1000000000,0.4489075900,system,2025-05-08 20:18:03.693,system,2025-05-08 20:18:03.693
409,"41210",경기도 광명시,"2022",0.4000000000,1.0000000000,0.6000000000,1.0000000000,1.0000000000,0.4000000000,1.0000000000,1.0000000000,0.5000000000,0.2000000000,0.1000000000,0.5382005700,system,2025-05-08 20:18:03.693,system,2025-05-08 20:18:03.693
410,"41220",경기도 평택시,"2022",0.1000000000,0.9000000000,1.0000000000,0.9000000000,1.0000000000,1.0000000000,0.9000000000,0.9000000000,0.9000000000,0.7000000000,0.4000000000,0.7984801200,system,2025-05-08 20:18:03.693,system,2025-05-08 20:18:03.693
411,"41250",경기도 동두천시,"2022",0.9000000000,0.9000000000,0.1000000000,0.1000000000,0.1000000000,0.1000000000,0.1000000000,0.1000000000,0.1000000000,0.5000000000,0.3000000000,0.4324874500,system,2025-05-08 20:18:03.693,system,2025-05-08 20:18:03.693
412,"41270",경기도 안산시,"2022",0.2000000000,1.0000000000,0.3000000000,0.3000000000,0.3000000000,0.5000000000,0.3000000000,0.3000000000,0.4000000000,0.6000000000,0.1000000000,0.5345365700,system,2025-05-08 20:18:03.693,system,2025-05-08 20:18:03.693
413,"41280",경기도 고양시,"2022",0.9000000000,0.9000000000,1.0000000000,1.0000000000,1.0000000000,0.8000000000,1.0000000000,1.0000000000,1.0000000000,0.4000000000,0.2000000000,0.7205862400,system,2025-05-08 20:18:03.693,system,2025-05-08 20:18:03.693
414,"41290",경기도 과천시,"2022",0.5000000000,0.9000000000,0.1000000000,0.1000000000,0.2000000000,0.2000000000,0.1000000000,0.1000000000,0.3000000000,0.3000000000,0.3000000000,0.4674989800,system,2025-05-08 20:18:03.693,system,2025-05-08 20:18:03.693
415,"41310",경기도 구리시,"2022",0.9000000000,0.9000000000,0.4000000000,0.8000000000,0.7000000000,0.3000000000,0.9000000000,0.8000000000,0.4000000000,0.1000000000,0.1000000000,0.4316732300,system,2025-05-08 20:18:03.693,system,2025-05-08 20:18:03.693
416,"41360",경기도 남양주시,"2022",0.8000000000,1.0000000000,0.6000000000,0.7000000000,0.7000000000,0.4000000000,0.4000000000,0.8000000000,0.6000000000,0.6000000000,0.5000000000,0.7579047400,system,2025-05-08 20:18:03.693,system,2025-05-08 20:18:03.693
417,"41370",경기도 오산시,"2022",0.1000000000,1.0000000000,0.4000000000,0.6000000000,0.5000000000,0.3000000000,0.9000000000,0.6000000000,0.3000000000,0.1000000000,0.1000000000,0.4358800400,system,2025-05-08 20:18:03.693,system,2025-05-08 20:18:03.693
418,"41390",경기도 시흥시,"2022",0.2000000000,1.0000000000,0.3000000000,0.5000000000,0.6000000000,0.6000000000,0.6000000000,0.5000000000,0.6000000000,0.5000000000,0.2000000000,0.6299362200,system,2025-05-08 20:18:03.693,system,2025-05-08 20:18:03.693
419,"41410",경기도 군포시,"2022",0.3000000000,1.0000000000,0.2000000000,0.1000000000,0.4000000000,0.2000000000,0.5000000000,0.1000000000,0.1000000000,0.4000000000,0.2000000000,0.4358800400,system,2025-05-08 20:18:03.693,system,2025-05-08 20:18:03.693
420,"41430",경기도 의왕시,"2022",0.4000000000,1.0000000000,0.1000000000,0.4000000000,0.2000000000,0.1000000000,0.2000000000,0.4000000000,0.2000000000,0.1000000000,0.3000000000,0.4596281700,system,2025-05-08 20:18:03.693,system,2025-05-08 20:18:03.693
421,"41450",경기도 하남시,"2022",0.7000000000,1.0000000000,0.4000000000,0.9000000000,0.8000000000,0.3000000000,0.5000000000,0.9000000000,0.4000000000,0.1000000000,0.3000000000,0.5514995300,system,2025-05-08 20:18:03.693,system,2025-05-08 20:18:03.693
422,"41460",경기도 용인시,"2022",0.2000000000,1.0000000000,0.9000000000,0.8000000000,0.9000000000,0.8000000000,0.8000000000,0.8000000000,0.7000000000,0.7000000000,0.2000000000,0.7083729100,system,2025-05-08 20:18:03.693,system,2025-05-08 20:18:03.693
423,"41480",경기도 파주시,"2022",1.0000000000,0.9000000000,0.9000000000,0.7000000000,0.9000000000,0.9000000000,0.7000000000,0.8000000000,0.9000000000,0.8000000000,0.5000000000,0.8447550500,system,2025-05-08 20:18:03.693,system,2025-05-08 20:18:03.693
424,"41500",경기도 이천시,"2022",0.1000000000,0.9000000000,0.9000000000,0.6000000000,0.7000000000,1.0000000000,0.7000000000,0.6000000000,1.0000000000,1.0000000000,0.5000000000,0.8978151700,system,2025-05-08 20:18:03.693,system,2025-05-08 20:18:03.693
425,"41550",경기도 안성시,"2022",0.1000000000,0.7000000000,1.0000000000,0.6000000000,0.7000000000,1.0000000000,0.9000000000,0.7000000000,1.0000000000,0.8000000000,0.6000000000,0.8066223400,system,2025-05-08 20:18:03.693,system,2025-05-08 20:18:03.693
426,"41570",경기도 김포시,"2022",1.0000000000,0.8000000000,1.0000000000,0.9000000000,1.0000000000,0.8000000000,0.7000000000,1.0000000000,0.9000000000,0.8000000000,0.3000000000,0.7355136400,system,2025-05-08 20:18:03.693,system,2025-05-08 20:18:03.693
427,"41590",경기도 화성시,"2022",0.1000000000,1.0000000000,0.8000000000,0.6000000000,0.9000000000,0.9000000000,0.7000000000,0.6000000000,0.8000000000,0.4000000000,0.4000000000,0.7566834000,system,2025-05-08 20:18:03.693,system,2025-05-08 20:18:03.693
428,"41610",경기도 광주시,"2022",0.5000000000,1.0000000000,0.7000000000,0.8000000000,0.8000000000,0.6000000000,0.7000000000,0.8000000000,0.7000000000,0.9000000000,0.7000000000,0.9081286500,system,2025-05-08 20:18:03.693,system,2025-05-08 20:18:03.693
429,"41630",경기도 양주시,"2022",0.9000000000,1.0000000000,0.5000000000,0.2000000000,0.4000000000,0.5000000000,0.3000000000,0.2000000000,0.5000000000,0.1000000000,0.5000000000,0.6264079300,system,2025-05-08 20:18:03.693,system,2025-05-08 20:18:03.693
430,"41650",경기도 포천시,"2022",0.8000000000,0.9000000000,0.6000000000,0.3000000000,0.4000000000,0.7000000000,0.4000000000,0.4000000000,0.8000000000,0.6000000000,0.6000000000,0.7931876800,system,2025-05-08 20:18:03.693,system,2025-05-08 20:18:03.693
431,"41670",경기도 여주시,"2022",0.2000000000,0.9000000000,0.8000000000,0.3000000000,0.5000000000,0.9000000000,0.3000000000,0.3000000000,1.0000000000,0.9000000000,0.5000000000,0.8697245200,system,2025-05-08 20:18:03.693,system,2025-05-08 20:18:03.693
432,"41800",경기도 연천군,"2022",0.8000000000,0.8000000000,0.4000000000,0.2000000000,0.2000000000,0.7000000000,0.6000000000,0.3000000000,0.6000000000,1.0000000000,0.8000000000,0.8041796700,system,2025-05-08 20:18:03.693,system,2025-05-08 20:18:03.693
433,"41820",경기도 가평군,"2022",0.5000000000,0.9000000000,0.6000000000,0.4000000000,0.4000000000,0.6000000000,0.5000000000,0.4000000000,0.6000000000,0.7000000000,0.9000000000,0.8455692800,system,2025-05-08 20:18:03.693,system,2025-05-08 20:18:03.693
434,"41830",경기도 양평군,"2022",0.5000000000,1.0000000000,0.8000000000,0.5000000000,0.7000000000,0.7000000000,0.8000000000,0.6000000000,0.8000000000,0.7000000000,0.7000000000,0.9018862800,system,2025-05-08 20:18:03.693,system,2025-05-08 20:18:03.693
435,"41110",경기도 수원시,"2021",0.2000000000,0.2000000000,0.5000000000,0.8000000000,0.8000000000,0.5000000000,0.8000000000,0.7000000000,0.4000000000,0.3000000000,0.1000000000,0.1240331100,system,2025-05-08 20:18:14.324,system,2025-05-08 20:18:14.324
436,"41130",경기도 성남시,"2021",0.4000000000,0.1000000000,0.2000000000,0.2000000000,0.3000000000,0.1000000000,0.1000000000,0.2000000000,0.2000000000,0.3000000000,0.3000000000,0.0536029300,system,2025-05-08 20:18:14.324,system,2025-05-08 20:18:14.324
437,"41150",경기도 의정부시,"2021",0.8000000000,0.1000000000,0.2000000000,0.5000000000,0.1000000000,0.2000000000,0.2000000000,0.5000000000,0.2000000000,0.4000000000,0.2000000000,0.0409824900,system,2025-05-08 20:18:14.324,system,2025-05-08 20:18:14.324
438,"41170",경기도 안양시,"2021",0.3000000000,0.1000000000,0.6000000000,1.0000000000,0.9000000000,0.1000000000,1.0000000000,1.0000000000,0.1000000000,0.9000000000,0.1000000000,0.0806079500,system,2025-05-08 20:18:14.324,system,2025-05-08 20:18:14.324
439,"41190",경기도 부천시,"2021",0.3000000000,0.2000000000,0.3000000000,0.5000000000,0.5000000000,0.4000000000,0.3000000000,0.4000000000,0.3000000000,0.2000000000,0.1000000000,0.0613380400,system,2025-05-08 20:18:14.324,system,2025-05-08 20:18:14.324
440,"41210",경기도 광명시,"2021",0.3000000000,0.2000000000,0.6000000000,1.0000000000,1.0000000000,0.4000000000,1.0000000000,1.0000000000,0.5000000000,0.2000000000,0.1000000000,0.1525308700,system,2025-05-08 20:18:14.324,system,2025-05-08 20:18:14.324
441,"41220",경기도 평택시,"2021",0.1000000000,0.2000000000,1.0000000000,0.9000000000,1.0000000000,1.0000000000,0.9000000000,0.9000000000,0.9000000000,0.7000000000,0.6000000000,0.5293798300,system,2025-05-08 20:18:14.324,system,2025-05-08 20:18:14.324
442,"41250",경기도 동두천시,"2021",0.8000000000,0.1000000000,0.1000000000,0.1000000000,0.1000000000,0.1000000000,0.1000000000,0.1000000000,0.1000000000,0.5000000000,0.3000000000,0.0468177500,system,2025-05-08 20:18:14.324,system,2025-05-08 20:18:14.324
443,"41270",경기도 안산시,"2021",0.1000000000,0.1000000000,0.3000000000,0.3000000000,0.3000000000,0.5000000000,0.3000000000,0.3000000000,0.4000000000,0.6000000000,0.2000000000,0.1347537000,system,2025-05-08 20:18:14.324,system,2025-05-08 20:18:14.324
444,"41280",경기도 고양시,"2021",0.8000000000,0.1000000000,1.0000000000,1.0000000000,1.0000000000,0.8000000000,1.0000000000,1.0000000000,1.0000000000,0.5000000000,0.2000000000,0.3505224600,system,2025-05-08 20:18:14.324,system,2025-05-08 20:18:14.324
445,"41290",경기도 과천시,"2021",0.4000000000,0.2000000000,0.1000000000,0.1000000000,0.2000000000,0.2000000000,0.1000000000,0.1000000000,0.3000000000,0.3000000000,0.3000000000,0.1300040700,system,2025-05-08 20:18:14.324,system,2025-05-08 20:18:14.324
446,"41310",경기도 구리시,"2021",0.7000000000,0.2000000000,0.4000000000,0.8000000000,0.7000000000,0.3000000000,0.8000000000,0.8000000000,0.4000000000,0.1000000000,0.1000000000,0.0937712000,system,2025-05-08 20:18:14.324,system,2025-05-08 20:18:14.324
447,"41360",경기도 남양주시,"2021",0.6000000000,0.1000000000,0.6000000000,0.7000000000,0.6000000000,0.4000000000,0.4000000000,0.8000000000,0.6000000000,0.6000000000,0.6000000000,0.3559506000,system,2025-05-08 20:18:14.324,system,2025-05-08 20:18:14.324
448,"41370",경기도 오산시,"2021",0.1000000000,0.2000000000,0.4000000000,0.6000000000,0.5000000000,0.3000000000,0.9000000000,0.6000000000,0.3000000000,0.2000000000,0.2000000000,0.1001492700,system,2025-05-08 20:18:14.324,system,2025-05-08 20:18:14.324
449,"41390",경기도 시흥시,"2021",0.2000000000,0.1000000000,0.3000000000,0.4000000000,0.5000000000,0.6000000000,0.6000000000,0.5000000000,0.6000000000,0.5000000000,0.3000000000,0.2278463800,system,2025-05-08 20:18:14.324,system,2025-05-08 20:18:14.324
450,"41410",경기도 군포시,"2021",0.2000000000,0.1000000000,0.2000000000,0.1000000000,0.3000000000,0.2000000000,0.4000000000,0.1000000000,0.1000000000,0.4000000000,0.2000000000,0.0000000000,system,2025-05-08 20:18:14.324,system,2025-05-08 20:18:14.324
451,"41430",경기도 의왕시,"2021",0.2000000000,0.1000000000,0.1000000000,0.4000000000,0.2000000000,0.1000000000,0.2000000000,0.4000000000,0.2000000000,0.1000000000,0.4000000000,0.0595738900,system,2025-05-08 20:18:14.324,system,2025-05-08 20:18:14.324
452,"41450",경기도 하남시,"2021",0.6000000000,0.2000000000,0.4000000000,0.9000000000,0.8000000000,0.3000000000,0.6000000000,0.9000000000,0.4000000000,0.1000000000,0.3000000000,0.1659655300,system,2025-05-08 20:18:14.324,system,2025-05-08 20:18:14.324
453,"41460",경기도 용인시,"2021",0.2000000000,0.3000000000,0.9000000000,0.8000000000,0.9000000000,0.8000000000,0.8000000000,0.8000000000,0.7000000000,0.7000000000,0.3000000000,0.4052110200,system,2025-05-08 20:18:14.324,system,2025-05-08 20:18:14.324
454,"41480",경기도 파주시,"2021",1.0000000000,0.1000000000,0.9000000000,0.7000000000,0.9000000000,0.9000000000,0.6000000000,0.8000000000,0.9000000000,0.8000000000,0.6000000000,0.4932826700,system,2025-05-08 20:18:14.324,system,2025-05-08 20:18:14.324
455,"41500",경기도 이천시,"2021",0.1000000000,0.4000000000,0.9000000000,0.6000000000,0.7000000000,1.0000000000,0.7000000000,0.6000000000,1.0000000000,1.0000000000,0.6000000000,0.6910028500,system,2025-05-08 20:18:14.324,system,2025-05-08 20:18:14.324
456,"41550",경기도 안성시,"2021",0.1000000000,0.3000000000,1.0000000000,0.6000000000,0.7000000000,1.0000000000,0.9000000000,0.6000000000,1.0000000000,0.8000000000,0.7000000000,0.6459492500,system,2025-05-08 20:18:14.324,system,2025-05-08 20:18:14.324
457,"41570",경기도 김포시,"2021",1.0000000000,0.1000000000,1.0000000000,0.9000000000,1.0000000000,0.8000000000,0.7000000000,1.0000000000,0.9000000000,0.8000000000,0.4000000000,0.4323517400,system,2025-05-08 20:18:14.324,system,2025-05-08 20:18:14.324
458,"41590",경기도 화성시,"2021",0.1000000000,0.2000000000,0.8000000000,0.6000000000,0.9000000000,0.9000000000,0.6000000000,0.6000000000,0.8000000000,0.4000000000,0.4000000000,0.3711494100,system,2025-05-08 20:18:14.324,system,2025-05-08 20:18:14.324
459,"41610",경기도 광주시,"2021",0.4000000000,0.2000000000,0.7000000000,0.8000000000,0.8000000000,0.6000000000,0.7000000000,0.8000000000,0.7000000000,0.8000000000,0.8000000000,0.5409146400,system,2025-05-08 20:18:14.324,system,2025-05-08 20:18:14.324
460,"41630",경기도 양주시,"2021",0.9000000000,0.1000000000,0.5000000000,0.2000000000,0.3000000000,0.5000000000,0.2000000000,0.2000000000,0.5000000000,0.2000000000,0.5000000000,0.2064052100,system,2025-05-08 20:18:14.324,system,2025-05-08 20:18:14.324
461,"41650",경기도 포천시,"2021",0.7000000000,0.1000000000,0.6000000000,0.3000000000,0.4000000000,0.7000000000,0.4000000000,0.3000000000,0.8000000000,0.6000000000,0.7000000000,0.4395440400,system,2025-05-08 20:18:14.324,system,2025-05-08 20:18:14.324
462,"41670",경기도 여주시,"2021",0.2000000000,0.3000000000,0.8000000000,0.3000000000,0.6000000000,0.9000000000,0.3000000000,0.3000000000,1.0000000000,0.9000000000,0.6000000000,0.6166372600,system,2025-05-08 20:18:14.324,system,2025-05-08 20:18:14.324
463,"41800",경기도 연천군,"2021",0.8000000000,0.2000000000,0.4000000000,0.2000000000,0.2000000000,0.7000000000,0.6000000000,0.3000000000,0.6000000000,1.0000000000,0.8000000000,0.5151309500,system,2025-05-08 20:18:14.324,system,2025-05-08 20:18:14.324
464,"41820",경기도 가평군,"2021",0.4000000000,0.1000000000,0.7000000000,0.4000000000,0.4000000000,0.6000000000,0.5000000000,0.4000000000,0.6000000000,0.7000000000,1.0000000000,0.4939611900,system,2025-05-08 20:18:14.324,system,2025-05-08 20:18:14.324
465,"41830",경기도 양평군,"2021",0.3000000000,0.2000000000,0.8000000000,0.6000000000,0.6000000000,0.7000000000,0.8000000000,0.6000000000,0.8000000000,0.7000000000,0.8000000000,0.5487854500,system,2025-05-08 20:18:14.324,system,2025-05-08 20:18:14.324
466,"41110",경기도 수원시,"2018",0.6000000000,0.6000000000,0.5000000000,0.7000000000,0.7000000000,0.6000000000,0.8000000000,0.7000000000,0.4000000000,0.3000000000,0.4000000000,0.4176957500,system,2025-05-09 11:06:55.923,system,2025-05-09 11:06:55.923
467,"41130",경기도 성남시,"2018",0.7000000000,0.7000000000,0.2000000000,0.2000000000,0.3000000000,0.2000000000,0.1000000000,0.2000000000,0.3000000000,0.4000000000,0.6000000000,0.4940968900,system,2025-05-09 11:06:55.923,system,2025-05-09 11:06:55.923
468,"41150",경기도 의정부시,"2018",1.0000000000,1.0000000000,0.3000000000,0.4000000000,0.1000000000,0.3000000000,0.3000000000,0.5000000000,0.2000000000,0.5000000000,0.6000000000,0.6266793300,system,2025-05-09 11:06:55.923,system,2025-05-09 11:06:55.923
488,"41570",경기도 김포시,"2018",1.0000000000,0.8000000000,0.9000000000,0.9000000000,1.0000000000,0.8000000000,0.6000000000,0.9000000000,0.9000000000,0.8000000000,0.6000000000,0.8355272100,system,2025-05-09 11:06:55.923,system,2025-05-09 11:06:55.923
489,"41590",경기도 화성시,"2018",0.3000000000,0.5000000000,0.7000000000,0.6000000000,0.8000000000,0.9000000000,0.5000000000,0.6000000000,0.7000000000,0.4000000000,0.8000000000,0.6178586000,system,2025-05-09 11:06:55.923,system,2025-05-09 11:06:55.923
490,"41610",경기도 광주시,"2018",0.7000000000,0.7000000000,0.7000000000,0.8000000000,0.7000000000,0.6000000000,0.7000000000,0.7000000000,0.7000000000,0.9000000000,1.0000000000,0.8623965300,system,2025-05-09 11:06:55.923,system,2025-05-09 11:06:55.923
491,"41630",경기도 양주시,"2018",1.0000000000,1.0000000000,0.5000000000,0.2000000000,0.3000000000,0.6000000000,0.2000000000,0.2000000000,0.5000000000,0.2000000000,0.7000000000,0.7086443200,system,2025-05-09 11:06:55.923,system,2025-05-09 11:06:55.923
492,"41650",경기도 포천시,"2018",0.8000000000,1.0000000000,0.6000000000,0.3000000000,0.4000000000,0.7000000000,0.3000000000,0.3000000000,0.8000000000,0.6000000000,0.9000000000,0.9413760400,system,2025-05-09 11:06:55.923,system,2025-05-09 11:06:55.923
493,"41670",경기도 여주시,"2018",0.3000000000,0.5000000000,0.7000000000,0.3000000000,0.5000000000,0.9000000000,0.2000000000,0.3000000000,0.9000000000,0.9000000000,0.9000000000,0.7808386500,system,2025-05-09 11:06:55.923,system,2025-05-09 11:06:55.923
494,"41800",경기도 연천군,"2018",0.8000000000,1.0000000000,0.4000000000,0.2000000000,0.1000000000,0.7000000000,0.6000000000,0.2000000000,0.7000000000,1.0000000000,1.0000000000,0.9972859300,system,2025-05-09 11:06:55.923,system,2025-05-09 11:06:55.923
495,"41820",경기도 가평군,"2018",0.6000000000,0.9000000000,0.7000000000,0.4000000000,0.3000000000,0.6000000000,0.4000000000,0.4000000000,0.6000000000,0.8000000000,1.0000000000,0.8934726600,system,2025-05-09 11:06:55.923,system,2025-05-09 11:06:55.923
496,"41830",경기도 양평군,"2018",0.5000000000,0.6000000000,0.8000000000,0.6000000000,0.6000000000,0.8000000000,0.8000000000,0.6000000000,0.7000000000,1.0000000000,0.9000000000,0.7906093100,system,2025-05-09 11:06:55.923,system,2025-05-09 11:06:55.923
249,"41110",경기도 수원시,"2016",0.6000000000,0.2000000000,0.5000000000,0.7000000000,0.7000000000,0.6000000000,0.9000000000,0.7000000000,0.4000000000,0.3000000000,0.6000000000,0.2932555300,system,2025-05-08 20:14:51.031,system,2025-05-08 20:14:51.031
250,"41130",경기도 성남시,"2016",0.7000000000,0.3000000000,0.2000000000,0.2000000000,0.2000000000,0.2000000000,0.1000000000,0.1000000000,0.3000000000,0.4000000000,0.9000000000,0.3996471700,system,2025-05-08 20:14:51.031,system,2025-05-08 20:14:51.031
251,"41150",경기도 의정부시,"2016",0.9000000000,0.9000000000,0.2000000000,0.4000000000,0.1000000000,0.2000000000,0.2000000000,0.4000000000,0.2000000000,0.5000000000,0.8000000000,0.6439136900,system,2025-05-08 20:14:51.031,system,2025-05-08 20:14:51.031
252,"41170",경기도 안양시,"2016",0.7000000000,0.6000000000,0.6000000000,1.0000000000,0.8000000000,0.1000000000,1.0000000000,1.0000000000,0.1000000000,1.0000000000,0.5000000000,0.4725200200,system,2025-05-08 20:14:51.031,system,2025-05-08 20:14:51.031
253,"41190",경기도 부천시,"2016",0.8000000000,0.3000000000,0.3000000000,0.4000000000,0.1000000000,0.5000000000,0.2000000000,0.3000000000,0.2000000000,0.3000000000,0.3000000000,0.1518523500,system,2025-05-08 20:14:51.031,system,2025-05-08 20:14:51.031
254,"41210",경기도 광명시,"2016",0.7000000000,0.4000000000,0.7000000000,1.0000000000,0.9000000000,0.4000000000,1.0000000000,1.0000000000,0.5000000000,0.3000000000,0.5000000000,0.3999185800,system,2025-05-08 20:14:51.031,system,2025-05-08 20:14:51.031
255,"41220",경기도 평택시,"2016",0.2000000000,0.1000000000,1.0000000000,0.9000000000,0.9000000000,1.0000000000,0.9000000000,0.9000000000,0.9000000000,1.0000000000,1.0000000000,0.6626407900,system,2025-05-08 20:14:51.031,system,2025-05-08 20:14:51.031
256,"41250",경기도 동두천시,"2016",0.7000000000,0.8000000000,0.1000000000,0.1000000000,0.1000000000,0.1000000000,0.1000000000,0.1000000000,0.1000000000,0.6000000000,0.4000000000,0.4334373700,system,2025-05-08 20:14:51.031,system,2025-05-08 20:14:51.031
257,"41270",경기도 안산시,"2016",0.5000000000,0.2000000000,0.2000000000,0.3000000000,0.2000000000,0.5000000000,0.3000000000,0.2000000000,0.4000000000,0.8000000000,0.8000000000,0.4156602000,system,2025-05-08 20:14:51.031,system,2025-05-08 20:14:51.031
258,"41280",경기도 고양시,"2016",1.0000000000,0.7000000000,1.0000000000,1.0000000000,1.0000000000,0.8000000000,1.0000000000,0.9000000000,1.0000000000,0.5000000000,0.8000000000,0.8424480900,system,2025-05-08 20:14:51.031,system,2025-05-08 20:14:51.031
259,"41290",경기도 과천시,"2016",0.7000000000,0.6000000000,0.1000000000,0.1000000000,0.1000000000,0.3000000000,0.1000000000,0.1000000000,0.3000000000,0.5000000000,0.8000000000,0.5234088800,system,2025-05-08 20:14:51.031,system,2025-05-08 20:14:51.031
260,"41310",경기도 구리시,"2016",1.0000000000,0.7000000000,0.4000000000,0.9000000000,0.6000000000,0.4000000000,0.8000000000,0.8000000000,0.5000000000,0.1000000000,0.3000000000,0.4352015200,system,2025-05-08 20:14:51.031,system,2025-05-08 20:14:51.031
261,"41360",경기도 남양주시,"2016",0.8000000000,0.9000000000,0.5000000000,0.7000000000,0.5000000000,0.5000000000,0.4000000000,0.7000000000,0.6000000000,0.7000000000,1.0000000000,0.8900800700,system,2025-05-08 20:14:51.031,system,2025-05-08 20:14:51.031
262,"41370",경기도 오산시,"2016",0.4000000000,0.1000000000,0.5000000000,0.5000000000,0.4000000000,0.3000000000,0.8000000000,0.5000000000,0.3000000000,0.1000000000,0.7000000000,0.2027412100,system,2025-05-08 20:14:51.031,system,2025-05-08 20:14:51.031
263,"41390",경기도 시흥시,"2016",0.6000000000,0.3000000000,0.3000000000,0.5000000000,0.5000000000,0.7000000000,0.6000000000,0.4000000000,0.5000000000,0.5000000000,0.8000000000,0.4619351300,system,2025-05-08 20:14:51.031,system,2025-05-08 20:14:51.031
264,"41410",경기도 군포시,"2016",0.6000000000,0.4000000000,0.2000000000,0.1000000000,0.3000000000,0.2000000000,0.4000000000,0.1000000000,0.1000000000,0.3000000000,0.7000000000,0.3003121200,system,2025-05-08 20:14:51.031,system,2025-05-08 20:14:51.031
265,"41430",경기도 의왕시,"2016",0.7000000000,0.4000000000,0.1000000000,0.2000000000,0.1000000000,0.2000000000,0.2000000000,0.2000000000,0.2000000000,0.2000000000,0.8000000000,0.3502510500,system,2025-05-08 20:14:51.031,system,2025-05-08 20:14:51.031
266,"41450",경기도 하남시,"2016",0.8000000000,0.7000000000,0.3000000000,0.7000000000,0.4000000000,0.3000000000,0.4000000000,0.7000000000,0.4000000000,0.1000000000,0.7000000000,0.5303297600,system,2025-05-08 20:14:51.031,system,2025-05-08 20:14:51.031
267,"41460",경기도 용인시,"2016",0.5000000000,0.1000000000,0.9000000000,0.8000000000,0.8000000000,0.8000000000,0.7000000000,0.7000000000,0.7000000000,0.6000000000,0.8000000000,0.4603066900,system,2025-05-08 20:14:51.031,system,2025-05-08 20:14:51.031
268,"41480",경기도 파주시,"2016",0.9000000000,0.9000000000,0.9000000000,0.7000000000,0.8000000000,0.9000000000,0.5000000000,0.7000000000,0.8000000000,0.9000000000,1.0000000000,0.9936219300,system,2025-05-08 20:14:51.031,system,2025-05-08 20:14:51.031
269,"41500",경기도 이천시,"2016",0.4000000000,0.1000000000,0.8000000000,0.5000000000,0.6000000000,1.0000000000,0.6000000000,0.5000000000,1.0000000000,1.0000000000,0.9000000000,0.6447279100,system,2025-05-08 20:14:51.031,system,2025-05-08 20:14:51.031
270,"41550",경기도 안성시,"2016",0.1000000000,0.1000000000,0.8000000000,0.5000000000,0.6000000000,1.0000000000,0.8000000000,0.5000000000,0.9000000000,0.9000000000,1.0000000000,0.6300719200,system,2025-05-08 20:14:51.031,system,2025-05-08 20:14:51.031
271,"41570",경기도 김포시,"2016",1.0000000000,0.7000000000,0.8000000000,0.9000000000,0.9000000000,0.9000000000,0.5000000000,0.9000000000,0.8000000000,0.8000000000,0.7000000000,0.7870810200,system,2025-05-08 20:14:51.031,system,2025-05-08 20:14:51.031
469,"41170",경기도 안양시,"2018",0.6000000000,0.8000000000,0.6000000000,1.0000000000,0.8000000000,0.1000000000,1.0000000000,1.0000000000,0.1000000000,1.0000000000,0.3000000000,0.5004749600,system,2025-05-09 11:06:55.923,system,2025-05-09 11:06:55.923
470,"41190",경기도 부천시,"2018",0.5000000000,0.3000000000,0.3000000000,0.4000000000,0.5000000000,0.4000000000,0.2000000000,0.4000000000,0.2000000000,0.3000000000,0.1000000000,0.0922784600,system,2025-05-09 11:06:55.923,system,2025-05-09 11:06:55.923
471,"41210",경기도 광명시,"2018",0.6000000000,0.4000000000,0.7000000000,1.0000000000,0.9000000000,0.4000000000,1.0000000000,1.0000000000,0.5000000000,0.2000000000,0.3000000000,0.3159180400,system,2025-05-09 11:06:55.923,system,2025-05-09 11:06:55.923
472,"41220",경기도 평택시,"2018",0.1000000000,0.5000000000,1.0000000000,0.9000000000,1.0000000000,1.0000000000,0.9000000000,0.9000000000,0.9000000000,0.7000000000,0.9000000000,0.7760890200,system,2025-05-09 11:06:55.923,system,2025-05-09 11:06:55.923
473,"41250",경기도 동두천시,"2018",0.9000000000,1.0000000000,0.1000000000,0.1000000000,0.1000000000,0.1000000000,0.1000000000,0.1000000000,0.1000000000,0.6000000000,0.4000000000,0.5303297600,system,2025-05-09 11:06:55.923,system,2025-05-09 11:06:55.923
474,"41270",경기도 안산시,"2018",0.3000000000,0.5000000000,0.2000000000,0.3000000000,0.2000000000,0.5000000000,0.3000000000,0.2000000000,0.4000000000,0.6000000000,0.7000000000,0.4943683000,system,2025-05-09 11:06:55.923,system,2025-05-09 11:06:55.923
475,"41280",경기도 고양시,"2018",1.0000000000,1.0000000000,1.0000000000,1.0000000000,1.0000000000,0.8000000000,1.0000000000,0.9000000000,1.0000000000,0.5000000000,0.5000000000,0.8847876200,system,2025-05-09 11:06:55.923,system,2025-05-09 11:06:55.923
476,"41290",경기도 과천시,"2018",0.7000000000,0.6000000000,0.1000000000,0.1000000000,0.2000000000,0.3000000000,0.1000000000,0.1000000000,0.3000000000,0.3000000000,0.6000000000,0.4259736700,system,2025-05-09 11:06:55.923,system,2025-05-09 11:06:55.923
477,"41310",경기도 구리시,"2018",1.0000000000,0.5000000000,0.4000000000,0.9000000000,0.6000000000,0.4000000000,0.8000000000,0.8000000000,0.5000000000,0.1000000000,0.2000000000,0.3047903400,system,2025-05-09 11:06:55.923,system,2025-05-09 11:06:55.923
478,"41360",경기도 남양주시,"2018",0.9000000000,0.8000000000,0.5000000000,0.7000000000,0.6000000000,0.5000000000,0.4000000000,0.7000000000,0.6000000000,0.7000000000,1.0000000000,0.8440765400,system,2025-05-09 11:06:55.923,system,2025-05-09 11:06:55.923
479,"41370",경기도 오산시,"2018",0.3000000000,0.5000000000,0.4000000000,0.5000000000,0.4000000000,0.3000000000,0.8000000000,0.5000000000,0.3000000000,0.2000000000,0.5000000000,0.3426516500,system,2025-05-09 11:06:55.923,system,2025-05-09 11:06:55.923
480,"41390",경기도 시흥시,"2018",0.4000000000,0.6000000000,0.3000000000,0.5000000000,0.5000000000,0.7000000000,0.5000000000,0.4000000000,0.5000000000,0.5000000000,0.6000000000,0.5376577600,system,2025-05-09 11:06:55.923,system,2025-05-09 11:06:55.923
481,"41410",경기도 군포시,"2018",0.6000000000,0.7000000000,0.2000000000,0.1000000000,0.3000000000,0.2000000000,0.4000000000,0.1000000000,0.1000000000,0.4000000000,0.5000000000,0.3923191800,system,2025-05-09 11:06:55.923,system,2025-05-09 11:06:55.923
482,"41430",경기도 의왕시,"2018",0.7000000000,0.8000000000,0.1000000000,0.2000000000,0.2000000000,0.2000000000,0.2000000000,0.2000000000,0.2000000000,0.2000000000,0.6000000000,0.4767268300,system,2025-05-09 11:06:55.923,system,2025-05-09 11:06:55.923
483,"41450",경기도 하남시,"2018",0.9000000000,0.6000000000,0.3000000000,0.8000000000,0.4000000000,0.3000000000,0.5000000000,0.9000000000,0.4000000000,0.1000000000,0.6000000000,0.4532501000,system,2025-05-09 11:06:55.923,system,2025-05-09 11:06:55.923
484,"41460",경기도 용인시,"2018",0.5000000000,0.7000000000,0.9000000000,0.8000000000,0.8000000000,0.8000000000,0.7000000000,0.8000000000,0.7000000000,0.6000000000,0.6000000000,0.6832677400,system,2025-05-09 11:06:55.923,system,2025-05-09 11:06:55.923
485,"41480",경기도 파주시,"2018",1.0000000000,1.0000000000,0.9000000000,0.7000000000,0.8000000000,0.9000000000,0.5000000000,0.7000000000,0.8000000000,0.8000000000,0.9000000000,0.9924006000,system,2025-05-09 11:06:55.923,system,2025-05-09 11:06:55.923
486,"41500",경기도 이천시,"2018",0.3000000000,0.7000000000,0.9000000000,0.5000000000,0.6000000000,1.0000000000,0.6000000000,0.5000000000,1.0000000000,0.9000000000,0.9000000000,0.9178993100,system,2025-05-09 11:06:55.923,system,2025-05-09 11:06:55.923
487,"41550",경기도 안성시,"2018",0.2000000000,0.5000000000,0.8000000000,0.5000000000,0.6000000000,1.0000000000,0.9000000000,0.6000000000,0.9000000000,0.9000000000,1.0000000000,0.8252137300,system,2025-05-09 11:06:55.923,system,2025-05-09 11:06:55.923
